{
    "type": "FeatureCollection",
    "features": [
        {
            "type": "Feature",
            "id": "definitely-neat-hippo",
            "geometry": {
                "type": "Point",
                "coordinates": [
                    -73.74448,
                    40.6439
                ]
            },
            "properties": {
                "borough": "Queens",
                "date_deployed": "2024-10-10T10:00:00Z",
                "date_down": null,
                "end_time": null,
                "fk_status": "visible",
                "flood_event_count": 93,
                "id": "definitely-neat-hippo",
                "last_depth_inches": 0,
                "last_flood_end_time": "2026-04-20T04:17:46.739Z",
                "last_flood_time": "2026-04-20T02:07:48.187Z",
                "last_measurement_time": "2026-05-06T16:10:09.617Z",
                "max_depth_inches_of_any_flood": 19.763779527559056,
                "max_depth_inches_of_last_flood": 4.1732283464566935,
                "mounted_over": "dirt",
                "name": "Q - Brookville Blvd/ Snake Rd 1",
                "neighborhood": "Rosedale",
                "sensor_mount": "utility-pole",
                "start_time": "2024-10-10T10:00:00Z",
                "status": "online"
            }
        },
        {
            "type": "Feature",
            "id": "overly_heroic_squid",
            "geometry": {
                "type": "Point",
                "coordinates": [
                    -73.994892,
                    40.673401
                ]
            },
            "properties": {
                "borough": "Brooklyn",
                "date_deployed": "2021-12-14T11:43:00Z",
                "date_down": null,
                "end_time": null,
                "fk_status": "visible",
                "flood_event_count": 10,
                "id": "overly_heroic_squid",
                "last_depth_inches": 0,
                "last_flood_end_time": "2025-10-30T20:17:32.602Z",
                "last_flood_time": "2025-10-30T18:56:33.942Z",
                "last_measurement_time": "2026-05-06T15:59:11.007Z",
                "max_depth_inches_of_any_flood": 25.354330708661415,
                "max_depth_inches_of_last_flood": 13.031496062992124,
                "mounted_over": "sidewalk",
                "name": "BK - 9th St/Smith St",
                "neighborhood": "Gowanus",
                "sensor_mount": "streetsign post",
                "start_time": "2021-12-14T11:43:00Z",
                "status": "online"
            }
        },
        {
            "type": "Feature",
            "id": "early_neat_satyr",
            "geometry": {
                "type": "Point",
                "coordinates": [
                    -73.923200826,
                    40.650585211
                ]
            },
            "properties": {
                "borough": "Brooklyn",
                "date_deployed": "2024-08-15T12:46:00Z",
                "date_down": null,
                "end_time": null,
                "fk_status": "visible",
                "flood_event_count": 2,
                "id": "early_neat_satyr",
                "last_depth_inches": 0,
                "last_flood_end_time": "2026-03-12T12:03:38.045Z",
                "last_flood_time": "2026-03-12T11:48:38.025Z",
                "last_measurement_time": "2026-05-06T16:09:47.667Z",
                "max_depth_inches_of_any_flood": 0.6692913385826771,
                "max_depth_inches_of_last_flood": 0.6299212598425198,
                "mounted_over": "sidewalk",
                "name": "BK - E 57th St/Snyder Ave",
                "neighborhood": "East Flatbush",
                "sensor_mount": "streetsign-post",
                "start_time": "2024-08-15T12:46:00Z",
                "status": "online"
            }
        },
        {
            "type": "Feature",
            "id": "daily_new_falcon",
            "geometry": {
                "type": "Point",
                "coordinates": [
                    -73.99459095,
                    40.67667202
                ]
            },
            "properties": {
                "borough": "Brooklyn",
                "date_deployed": "2020-10-05T00:00:00Z",
                "date_down": null,
                "end_time": null,
                "fk_status": "visible",
                "flood_event_count": 26,
                "id": "daily_new_falcon",
                "last_depth_inches": 0,
                "last_flood_end_time": "2024-08-07T16:31:28.466Z",
                "last_flood_time": "2024-08-06T22:45:32.908Z",
                "last_measurement_time": "2026-05-06T16:09:50.21Z",
                "max_depth_inches_of_any_flood": 10.354330708661418,
                "max_depth_inches_of_last_flood": 4.1732283464566935,
                "mounted_over": "sidewalk",
                "name": "BK - Hoyt St/5th St",
                "neighborhood": "Carroll Gardens",
                "sensor_mount": "streetsign post",
                "start_time": "2020-10-05T00:00:00Z",
                "status": "online"
            }
        },
        {
            "type": "Feature",
            "id": "dryly_receptive_rabbit",
            "geometry": {
                "type": "Point",
                "coordinates": [
                    -73.767808202,
                    40.596618248
                ]
            },
            "properties": {
                "borough": "Queens",
                "date_deployed": "2023-12-19T00:00:00Z",
                "date_down": null,
                "end_time": null,
                "fk_status": "visible",
                "flood_event_count": 61,
                "id": "dryly_receptive_rabbit",
                "last_depth_inches": 0,
                "last_flood_end_time": "2026-04-19T03:00:48.765Z",
                "last_flood_time": "2026-04-19T00:47:48.714Z",
                "last_measurement_time": "2026-05-06T16:10:20.405Z",
                "max_depth_inches_of_any_flood": 11.771653543307085,
                "max_depth_inches_of_last_flood": 8.346456692913387,
                "mounted_over": "sidewalk",
                "name": "Q - Beach 35 St/Beach Channel Dr",
                "neighborhood": "Far Rockaway",
                "sensor_mount": "streetsign post",
                "start_time": "2023-12-19T00:00:00Z",
                "status": "online"
            }
        },
        {
            "type": "Feature",
            "id": "early-positive-possum",
            "geometry": {
                "type": "Point",
                "coordinates": [
                    -73.98188,
                    40.57949
                ]
            },
            "properties": {
                "borough": "Brooklyn",
                "date_deployed": "2026-03-12T15:16:00Z",
                "date_down": null,
                "end_time": null,
                "fk_status": "visible",
                "flood_event_count": 0,
                "id": "early-positive-possum",
                "last_depth_inches": 0,
                "last_flood_end_time": null,
                "last_flood_time": null,
                "last_measurement_time": "2026-05-06T13:05:35.925Z",
                "max_depth_inches_of_any_flood": null,
                "max_depth_inches_of_last_flood": null,
                "mounted_over": "sidewalk",
                "name": "BK - Stillwell Ave/Neptune Ave",
                "neighborhood": "Coney Island",
                "sensor_mount": "streetsign-post",
                "start_time": "2026-03-12T15:16:00Z",
                "status": "online"
            }
        },
        {
            "type": "Feature",
            "id": "gladly_amazed_corgi",
            "geometry": {
                "type": "Point",
                "coordinates": [
                    -73.768533125,
                    40.683300551
                ]
            },
            "properties": {
                "borough": "Queens",
                "date_deployed": "2024-08-14T11:14:00Z",
                "date_down": null,
                "end_time": null,
                "fk_status": "down",
                "flood_event_count": 0,
                "id": "gladly_amazed_corgi",
                "last_depth_inches": 0,
                "last_flood_end_time": null,
                "last_flood_time": null,
                "last_measurement_time": "2026-05-06T16:10:36.59Z",
                "max_depth_inches_of_any_flood": null,
                "max_depth_inches_of_last_flood": null,
                "mounted_over": "sidewalk",
                "name": "Q - Sunbury Rd/Merrick Blvd",
                "neighborhood": "Rochdale",
                "sensor_mount": "streetsign-post",
                "start_time": "2024-08-14T11:14:00Z",
                "status": "online"
            }
        },
        {
            "type": "Feature",
            "id": "deeply-tender-bengal",
            "geometry": {
                "type": "Point",
                "coordinates": [
                    -73.87512,
                    40.68155
                ]
            },
            "properties": {
                "borough": "Brooklyn",
                "date_deployed": "2026-04-10T12:00:00Z",
                "date_down": null,
                "end_time": null,
                "fk_status": "visible",
                "flood_event_count": 0,
                "id": "deeply-tender-bengal",
                "last_depth_inches": 0,
                "last_flood_end_time": null,
                "last_flood_time": null,
                "last_measurement_time": "2026-05-06T16:09:35.199Z",
                "max_depth_inches_of_any_flood": null,
                "max_depth_inches_of_last_flood": null,
                "mounted_over": "sidewalk",
                "name": "BK - Chestnut St/ Dinsmore Pl",
                "neighborhood": "Cypress Gardens",
                "sensor_mount": "streetsign-post",
                "start_time": "2026-04-10T12:00:00Z",
                "status": "online"
            }
        },
        {
            "type": "Feature",
            "id": "firmly_needed_heron",
            "geometry": {
                "type": "Point",
                "coordinates": [
                    -73.9701657,
                    40.6467299
                ]
            },
            "properties": {
                "borough": "Brooklyn",
                "date_deployed": "2023-10-20T00:00:00Z",
                "date_down": null,
                "end_time": null,
                "fk_status": "visible",
                "flood_event_count": 3,
                "id": "firmly_needed_heron",
                "last_depth_inches": 0,
                "last_flood_end_time": "2025-10-30T19:43:13.05Z",
                "last_flood_time": "2025-10-30T19:00:03.088Z",
                "last_measurement_time": "2026-05-06T16:09:53.756Z",
                "max_depth_inches_of_any_flood": 8.779527559055117,
                "max_depth_inches_of_last_flood": 8.779527559055117,
                "mounted_over": "sidewalk",
                "name": "BK - Church Ave/E10th St",
                "neighborhood": "Prospect Park South",
                "sensor_mount": "streetsign post",
                "start_time": "2023-10-20T00:00:00Z",
                "status": "online"
            }
        },
        {
            "type": "Feature",
            "id": "gently_fun_gator",
            "geometry": {
                "type": "Point",
                "coordinates": [
                    -73.927708543,
                    40.652245091
                ]
            },
            "properties": {
                "borough": "Brooklyn",
                "date_deployed": "2024-08-23T03:38:00Z",
                "date_down": null,
                "end_time": null,
                "fk_status": "visible",
                "flood_event_count": 5,
                "id": "gently_fun_gator",
                "last_depth_inches": 0,
                "last_flood_end_time": "2026-04-27T02:22:06.795Z",
                "last_flood_time": "2026-04-27T01:45:06.728Z",
                "last_measurement_time": "2026-05-06T16:10:06.911Z",
                "max_depth_inches_of_any_flood": 4.291338582677165,
                "max_depth_inches_of_last_flood": 4.291338582677165,
                "mounted_over": "sidewalk",
                "name": "BK - Church Ave/E 53rd St",
                "neighborhood": "East Flatbush",
                "sensor_mount": "streetsign-post",
                "start_time": "2024-08-23T03:38:00Z",
                "status": "online"
            }
        },
        {
            "type": "Feature",
            "id": "friendly-inviting-deer",
            "geometry": {
                "type": "Point",
                "coordinates": [
                    -74.17203672,
                    40.549207228
                ]
            },
            "properties": {
                "borough": "Staten Island",
                "date_deployed": "2025-10-17T13:00:00Z",
                "date_down": null,
                "end_time": null,
                "fk_status": "visible",
                "flood_event_count": 0,
                "id": "friendly-inviting-deer",
                "last_depth_inches": 0,
                "last_flood_end_time": null,
                "last_flood_time": null,
                "last_measurement_time": "2026-05-06T16:09:04.285Z",
                "max_depth_inches_of_any_flood": null,
                "max_depth_inches_of_last_flood": null,
                "mounted_over": "sidewalk",
                "name": "SI - Laredo Ave/Pompey Ave",
                "neighborhood": "Eltingville",
                "sensor_mount": "streetsign-post",
                "start_time": "2025-10-17T13:00:00Z",
                "status": "online"
            }
        },
        {
            "type": "Feature",
            "id": "fast_white_rabbit",
            "geometry": {
                "type": "Point",
                "coordinates": [
                    -73.746436864,
                    40.652650223
                ]
            },
            "properties": {
                "borough": "Queens",
                "date_deployed": "2025-08-21T16:14:00Z",
                "date_down": null,
                "end_time": null,
                "fk_status": "visible",
                "flood_event_count": 2,
                "id": "fast_white_rabbit",
                "last_depth_inches": 0,
                "last_flood_end_time": "2025-12-17T23:39:16.199Z",
                "last_flood_time": "2025-12-17T23:00:16.199Z",
                "last_measurement_time": "2026-05-06T16:09:09.246Z",
                "max_depth_inches_of_any_flood": 2.755905511811024,
                "max_depth_inches_of_last_flood": 1.1417322834645671,
                "mounted_over": "sidewalk",
                "name": "Q - Brookville Blvd/ 149th St",
                "neighborhood": "Rosedale",
                "sensor_mount": "utility-pole",
                "start_time": "2025-08-21T16:14:00Z",
                "status": "online"
            }
        },
        {
            "type": "Feature",
            "id": "reliably-darling-koala",
            "geometry": {
                "type": "Point",
                "coordinates": [
                    -73.97404,
                    40.58253
                ]
            },
            "properties": {
                "borough": "Brooklyn",
                "date_deployed": "2026-03-12T15:22:00Z",
                "date_down": null,
                "end_time": null,
                "fk_status": "visible",
                "flood_event_count": 0,
                "id": "reliably-darling-koala",
                "last_depth_inches": 0,
                "last_flood_end_time": null,
                "last_flood_time": null,
                "last_measurement_time": "2026-05-06T16:09:47.41Z",
                "max_depth_inches_of_any_flood": null,
                "max_depth_inches_of_last_flood": null,
                "mounted_over": "sidewalk",
                "name": "BK - Shore Pkwy/W Sixth St",
                "neighborhood": "Coney Island",
                "sensor_mount": "streetsign-post",
                "start_time": "2026-03-12T15:22:00Z",
                "status": "online"
            }
        },
        {
            "type": "Feature",
            "id": "easily_dear_mouse",
            "geometry": {
                "type": "Point",
                "coordinates": [
                    -73.83173579,
                    40.6542542
                ]
            },
            "properties": {
                "borough": "Queens",
                "date_deployed": "2021-03-05T00:00:00Z",
                "date_down": "2024-02-15T00:00:00Z",
                "end_time": "2024-02-15T00:00:00Z",
                "fk_status": "retired",
                "flood_event_count": 61,
                "id": "easily_dear_mouse",
                "last_depth_inches": null,
                "last_flood_end_time": "2023-12-12T13:00:12.759Z",
                "last_flood_time": "2023-12-12T12:43:23.985Z",
                "last_measurement_time": null,
                "max_depth_inches_of_any_flood": 31.77165354330708,
                "max_depth_inches_of_last_flood": 1.535433070866142,
                "mounted_over": "road",
                "name": "Q - Russell St 2",
                "neighborhood": "Howard Beach",
                "sensor_mount": "fence",
                "start_time": "2021-03-05T00:00:00Z",
                "status": "retired"
            }
        },
        {
            "type": "Feature",
            "id": "fluffy-white-penguin",
            "geometry": {
                "type": "Point",
                "coordinates": [
                    -73.815948728,
                    40.683977405
                ]
            },
            "properties": {
                "borough": "Queens",
                "date_deployed": "2024-09-06T03:38:00Z",
                "date_down": null,
                "end_time": null,
                "fk_status": "visible",
                "flood_event_count": 3,
                "id": "fluffy-white-penguin",
                "last_depth_inches": 0,
                "last_flood_end_time": "2026-03-12T12:15:41.737Z",
                "last_flood_time": "2026-03-12T11:53:41.788Z",
                "last_measurement_time": "2026-05-06T16:10:30.221Z",
                "max_depth_inches_of_any_flood": 2.362204724409449,
                "max_depth_inches_of_last_flood": 0.7086614173228346,
                "mounted_over": "sidewalk",
                "name": "Q - 126th St/109th Ave",
                "neighborhood": "South Ozone Park",
                "sensor_mount": "streetsign-post",
                "start_time": "2024-09-06T03:38:00Z",
                "status": "online"
            }
        },
        {
            "type": "Feature",
            "id": "gladly_mint_snail",
            "geometry": {
                "type": "Point",
                "coordinates": [
                    -74.01242208,
                    40.67973354
                ]
            },
            "properties": {
                "borough": "Brooklyn",
                "date_deployed": "2022-02-18T00:00:00Z",
                "date_down": null,
                "end_time": null,
                "fk_status": "visible",
                "flood_event_count": 2,
                "id": "gladly_mint_snail",
                "last_depth_inches": 0,
                "last_flood_end_time": "2025-10-30T19:18:48.695Z",
                "last_flood_time": "2025-10-30T18:58:48.656Z",
                "last_measurement_time": "2026-05-06T16:09:41.019Z",
                "max_depth_inches_of_any_flood": 1.4960629921259847,
                "max_depth_inches_of_last_flood": 1.4960629921259847,
                "mounted_over": "sidewalk",
                "name": "BK - Pioneer St/Conover St",
                "neighborhood": "Red Hook",
                "sensor_mount": "streetsign post",
                "start_time": "2022-02-18T00:00:00Z",
                "status": "online"
            }
        },
        {
            "type": "Feature",
            "id": "forcibly-excited-jennet",
            "geometry": {
                "type": "Point",
                "coordinates": [
                    -73.97563,
                    40.68357
                ]
            },
            "properties": {
                "borough": "Brooklyn",
                "date_deployed": "2026-01-22T09:53:00Z",
                "date_down": null,
                "end_time": null,
                "fk_status": "visible",
                "flood_event_count": 0,
                "id": "forcibly-excited-jennet",
                "last_depth_inches": null,
                "last_flood_end_time": null,
                "last_flood_time": null,
                "last_measurement_time": null,
                "max_depth_inches_of_any_flood": null,
                "max_depth_inches_of_last_flood": null,
                "mounted_over": "sidewalk",
                "name": "BK - Atlantic Ave/ Fort Greene Pl",
                "neighborhood": "Boerum Hill",
                "sensor_mount": "streetsign-post",
                "start_time": "2026-01-22T09:53:00Z",
                "status": "offline"
            }
        },
        {
            "type": "Feature",
            "id": "basically-equipped-amoeba",
            "geometry": {
                "type": "Point",
                "coordinates": [
                    -73.85472,
                    40.84272
                ]
            },
            "properties": {
                "borough": "Bronx",
                "date_deployed": "2025-01-23T12:00:00Z",
                "date_down": null,
                "end_time": null,
                "fk_status": "visible",
                "flood_event_count": 1,
                "id": "basically-equipped-amoeba",
                "last_depth_inches": 0,
                "last_flood_end_time": "2025-07-15T00:07:26.89Z",
                "last_flood_time": "2025-07-14T23:51:26.908Z",
                "last_measurement_time": "2026-05-06T16:09:50.74Z",
                "max_depth_inches_of_any_flood": 2.6771653543307083,
                "max_depth_inches_of_last_flood": 2.6771653543307083,
                "mounted_over": "sidewalk",
                "name": "BX - Bronxdale Ave/ Poplar St",
                "neighborhood": "Van Nest",
                "sensor_mount": "streetsign-post",
                "start_time": "2025-01-23T12:00:00Z",
                "status": "online"
            }
        },
        {
            "type": "Feature",
            "id": "evenly_cool_ram",
            "geometry": {
                "type": "Point",
                "coordinates": [
                    -73.94646673,
                    40.795714122
                ]
            },
            "properties": {
                "borough": "Manhattan",
                "date_deployed": "2024-07-03T15:26:00Z",
                "date_down": null,
                "end_time": null,
                "fk_status": "visible",
                "flood_event_count": 0,
                "id": "evenly_cool_ram",
                "last_depth_inches": 0,
                "last_flood_end_time": null,
                "last_flood_time": null,
                "last_measurement_time": "2026-05-06T16:10:18.851Z",
                "max_depth_inches_of_any_flood": null,
                "max_depth_inches_of_last_flood": null,
                "mounted_over": "sidewalk",
                "name": "M - Park Ave/ Tito Puente Wy",
                "neighborhood": "East Harlem",
                "sensor_mount": "streetsign-post",
                "start_time": "2024-07-03T15:26:00Z",
                "status": "online"
            }
        },
        {
            "type": "Feature",
            "id": "proud_green_ladybug",
            "geometry": {
                "type": "Point",
                "coordinates": [
                    -73.972408422,
                    40.64797212
                ]
            },
            "properties": {
                "borough": "Brooklyn",
                "date_deployed": "2025-09-18T14:03:00Z",
                "date_down": null,
                "end_time": null,
                "fk_status": "visible",
                "flood_event_count": 4,
                "id": "proud_green_ladybug",
                "last_depth_inches": 0,
                "last_flood_end_time": "2026-03-12T04:24:59.699Z",
                "last_flood_time": "2026-03-12T03:50:59.699Z",
                "last_measurement_time": "2026-05-06T16:09:45.152Z",
                "max_depth_inches_of_any_flood": 4.133858267716535,
                "max_depth_inches_of_last_flood": 0.5905511811023623,
                "mounted_over": "sidewalk",
                "name": "BK - Caton Ave/E Eighth St",
                "neighborhood": "Kensington",
                "sensor_mount": "streetsign-post",
                "start_time": "2025-09-18T14:03:00Z",
                "status": "online"
            }
        },
        {
            "type": "Feature",
            "id": "quarrelsomely_vacuous_starfish",
            "geometry": {
                "type": "Point",
                "coordinates": [
                    -74.09621,
                    40.64484
                ]
            },
            "properties": {
                "borough": "Staten Island",
                "date_deployed": "2026-03-20T11:43:00Z",
                "date_down": null,
                "end_time": null,
                "fk_status": "visible",
                "flood_event_count": 0,
                "id": "quarrelsomely_vacuous_starfish",
                "last_depth_inches": 0,
                "last_flood_end_time": null,
                "last_flood_time": null,
                "last_measurement_time": "2026-05-06T16:09:00.269Z",
                "max_depth_inches_of_any_flood": null,
                "max_depth_inches_of_last_flood": null,
                "mounted_over": "sidewalk",
                "name": "SI- Richmond Ter/Lafayette Ave",
                "neighborhood": "New Brighton",
                "sensor_mount": "streetsign-post",
                "start_time": "2026-03-20T11:43:00Z",
                "status": "online"
            }
        },
        {
            "type": "Feature",
            "id": "daily-holy-swan",
            "geometry": {
                "type": "Point",
                "coordinates": [
                    -73.87137,
                    40.67297
                ]
            },
            "properties": {
                "borough": "Brooklyn",
                "date_deployed": "2026-04-10T12:00:00Z",
                "date_down": null,
                "end_time": null,
                "fk_status": "visible",
                "flood_event_count": 0,
                "id": "daily-holy-swan",
                "last_depth_inches": 0,
                "last_flood_end_time": null,
                "last_flood_time": null,
                "last_measurement_time": "2026-05-06T16:04:31.421Z",
                "max_depth_inches_of_any_flood": null,
                "max_depth_inches_of_last_flood": null,
                "mounted_over": "sidewalk",
                "name": "BK - Euclid Ave/Sutter Ave",
                "neighborhood": "East New York",
                "sensor_mount": "streetsign-post",
                "start_time": "2026-04-10T12:00:00Z",
                "status": "online"
            }
        },
        {
            "type": "Feature",
            "id": "firmly-outgoing-weevil",
            "geometry": {
                "type": "Point",
                "coordinates": [
                    -74.07525043,
                    40.63762361
                ]
            },
            "properties": {
                "borough": "Staten Island",
                "date_deployed": "2025-02-19T16:15:00Z",
                "date_down": null,
                "end_time": null,
                "fk_status": "visible",
                "flood_event_count": 2,
                "id": "firmly-outgoing-weevil",
                "last_depth_inches": 0,
                "last_flood_end_time": "2026-03-12T11:53:10.676Z",
                "last_flood_time": "2026-03-12T11:34:10.711Z",
                "last_measurement_time": "2026-05-06T16:06:34.501Z",
                "max_depth_inches_of_any_flood": 0.8661417322834646,
                "max_depth_inches_of_last_flood": 0.8661417322834646,
                "mounted_over": "sidewalk",
                "name": "SI - Minthorne St/ Victory Blvd",
                "neighborhood": "Richmond",
                "sensor_mount": "streetsign-post",
                "start_time": "2025-02-19T16:15:00Z",
                "status": "online"
            }
        },
        {
            "type": "Feature",
            "id": "handsome_violet_leech",
            "geometry": {
                "type": "Point",
                "coordinates": [
                    -73.79411487,
                    40.69537131
                ]
            },
            "properties": {
                "borough": "Queens",
                "date_deployed": "2022-06-10T00:00:00Z",
                "date_down": "2023-09-21T12:00:00Z",
                "end_time": "2023-09-21T12:00:00Z",
                "fk_status": "retired",
                "flood_event_count": 0,
                "id": "handsome_violet_leech",
                "last_depth_inches": null,
                "last_flood_end_time": null,
                "last_flood_time": null,
                "last_measurement_time": null,
                "max_depth_inches_of_any_flood": null,
                "max_depth_inches_of_last_flood": null,
                "mounted_over": "sidewalk",
                "name": "Q - 108th Ave/159th St",
                "neighborhood": "South Jamaica",
                "sensor_mount": "streetsign post",
                "start_time": "2022-06-10T00:00:00Z",
                "status": "retired"
            }
        },
        {
            "type": "Feature",
            "id": "dearly_stupendous_puma",
            "geometry": {
                "type": "Point",
                "coordinates": [
                    -74.07639,
                    40.63135
                ]
            },
            "properties": {
                "borough": "Staten Island",
                "date_deployed": "2026-03-20T11:37:00Z",
                "date_down": null,
                "end_time": null,
                "fk_status": "visible",
                "flood_event_count": 0,
                "id": "dearly_stupendous_puma",
                "last_depth_inches": 0,
                "last_flood_end_time": null,
                "last_flood_time": null,
                "last_measurement_time": "2026-05-06T16:08:53.062Z",
                "max_depth_inches_of_any_flood": null,
                "max_depth_inches_of_last_flood": null,
                "mounted_over": "sidewalk",
                "name": "SI - Bay St/Baltic St",
                "neighborhood": "Stapleton",
                "sensor_mount": "streetsign-post",
                "start_time": "2026-03-20T11:37:00Z",
                "status": "online"
            }
        },
        {
            "type": "Feature",
            "id": "jaggedly_quaint_doe",
            "geometry": {
                "type": "Point",
                "coordinates": [
                    -74.07101,
                    40.62065
                ]
            },
            "properties": {
                "borough": "Staten Island",
                "date_deployed": "2026-03-20T11:32:00Z",
                "date_down": null,
                "end_time": null,
                "fk_status": "visible",
                "flood_event_count": 0,
                "id": "jaggedly_quaint_doe",
                "last_depth_inches": 0,
                "last_flood_end_time": null,
                "last_flood_time": null,
                "last_measurement_time": "2026-05-06T16:08:41.699Z",
                "max_depth_inches_of_any_flood": null,
                "max_depth_inches_of_last_flood": null,
                "mounted_over": "sidewalk",
                "name": "SI - Bay St/Front St",
                "neighborhood": "Richmond",
                "sensor_mount": "streetsign-post",
                "start_time": "2026-03-20T11:32:00Z",
                "status": "online"
            }
        },
        {
            "type": "Feature",
            "id": "clearly-fine-basilisk",
            "geometry": {
                "type": "Point",
                "coordinates": [
                    -73.99795,
                    40.57736
                ]
            },
            "properties": {
                "borough": "Brooklyn",
                "date_deployed": "2026-03-12T15:26:00Z",
                "date_down": null,
                "end_time": null,
                "fk_status": "visible",
                "flood_event_count": 0,
                "id": "clearly-fine-basilisk",
                "last_depth_inches": 0,
                "last_flood_end_time": null,
                "last_flood_time": null,
                "last_measurement_time": "2026-05-06T16:10:12.316Z",
                "max_depth_inches_of_any_flood": null,
                "max_depth_inches_of_last_flood": null,
                "mounted_over": "sidewalk",
                "name": "BK - W 31st Ave/Neptune Ave ",
                "neighborhood": "Coney Island",
                "sensor_mount": "streetsign-post",
                "start_time": "2026-03-12T15:26:00Z",
                "status": "online"
            }
        },
        {
            "type": "Feature",
            "id": "duly_star_bee",
            "geometry": {
                "type": "Point",
                "coordinates": [
                    -73.95403304,
                    40.81115917
                ]
            },
            "properties": {
                "borough": "Manhattan",
                "date_deployed": "2021-12-12T00:00:00Z",
                "date_down": "2023-10-12T00:00:00Z",
                "end_time": "2023-10-12T00:00:00Z",
                "fk_status": "retired",
                "flood_event_count": 0,
                "id": "duly_star_bee",
                "last_depth_inches": null,
                "last_flood_end_time": null,
                "last_flood_time": null,
                "last_measurement_time": null,
                "max_depth_inches_of_any_flood": null,
                "max_depth_inches_of_last_flood": null,
                "mounted_over": "sidewalk",
                "name": "M - Morningside Av/125th St",
                "neighborhood": "Morningside Heights",
                "sensor_mount": "streetsign post",
                "start_time": "2021-12-12T00:00:00Z",
                "status": "retired"
            }
        },
        {
            "type": "Feature",
            "id": "unlikely-devoted-hagfish",
            "geometry": {
                "type": "Point",
                "coordinates": [
                    -73.9278204,
                    40.6750062
                ]
            },
            "properties": {
                "borough": "Brooklyn",
                "date_deployed": "2026-01-22T10:13:00Z",
                "date_down": null,
                "end_time": null,
                "fk_status": "visible",
                "flood_event_count": 0,
                "id": "unlikely-devoted-hagfish",
                "last_depth_inches": 0,
                "last_flood_end_time": null,
                "last_flood_time": null,
                "last_measurement_time": "2026-05-06T16:08:59.824Z",
                "max_depth_inches_of_any_flood": null,
                "max_depth_inches_of_last_flood": null,
                "mounted_over": "sidewalk",
                "name": "BK - Rochester Ave/ Bergen St",
                "neighborhood": "Weeksville",
                "sensor_mount": "streetsign-post",
                "start_time": "2026-01-22T10:13:00Z",
                "status": "online"
            }
        },
        {
            "type": "Feature",
            "id": "eagerly_militant_sloth",
            "geometry": {
                "type": "Point",
                "coordinates": [
                    -74.13426,
                    40.63881
                ]
            },
            "properties": {
                "borough": "Staten Island",
                "date_deployed": "2026-03-20T11:51:00Z",
                "date_down": null,
                "end_time": null,
                "fk_status": "visible",
                "flood_event_count": 0,
                "id": "eagerly_militant_sloth",
                "last_depth_inches": 0,
                "last_flood_end_time": null,
                "last_flood_time": null,
                "last_measurement_time": "2026-05-06T16:08:40.414Z",
                "max_depth_inches_of_any_flood": null,
                "max_depth_inches_of_last_flood": null,
                "mounted_over": "sidewalk",
                "name": "SI - Maple Ave/Grove Ave",
                "neighborhood": "Richmond",
                "sensor_mount": "streetsign-post",
                "start_time": "2026-03-20T11:51:00Z",
                "status": "online"
            }
        },
        {
            "type": "Feature",
            "id": "hard_gold_cobra",
            "geometry": {
                "type": "Point",
                "coordinates": [
                    -73.917135561,
                    40.740977744
                ]
            },
            "properties": {
                "borough": "Queens",
                "date_deployed": "2025-08-29T12:15:00Z",
                "date_down": null,
                "end_time": null,
                "fk_status": "visible",
                "flood_event_count": 2,
                "id": "hard_gold_cobra",
                "last_depth_inches": 0,
                "last_flood_end_time": "2026-03-12T04:35:10.695Z",
                "last_flood_time": "2026-03-12T04:14:10.695Z",
                "last_measurement_time": "2026-05-06T16:10:24.617Z",
                "max_depth_inches_of_any_flood": 3.818897637795274,
                "max_depth_inches_of_last_flood": 0.7086614173228346,
                "mounted_over": "sidewalk",
                "name": "Q - 48th St / 47th Ave",
                "neighborhood": "Woodside",
                "sensor_mount": "streetsign-post",
                "start_time": "2025-08-29T12:15:00Z",
                "status": "online"
            }
        },
        {
            "type": "Feature",
            "id": "seriously-true-mallard",
            "geometry": {
                "type": "Point",
                "coordinates": [
                    -73.96229,
                    40.57963
                ]
            },
            "properties": {
                "borough": "Brooklyn",
                "date_deployed": "2026-03-12T15:32:00Z",
                "date_down": null,
                "end_time": null,
                "fk_status": "visible",
                "flood_event_count": 0,
                "id": "seriously-true-mallard",
                "last_depth_inches": 0,
                "last_flood_end_time": null,
                "last_flood_time": null,
                "last_measurement_time": "2026-05-06T16:08:47.734Z",
                "max_depth_inches_of_any_flood": null,
                "max_depth_inches_of_last_flood": null,
                "mounted_over": "sidewalk",
                "name": "BK - Brighton 6th St/Ocean View Ave",
                "neighborhood": "Manhattan Beach",
                "sensor_mount": "streetsign-post",
                "start_time": "2026-03-12T15:32:00Z",
                "status": "online"
            }
        },
        {
            "type": "Feature",
            "id": "hardly_graceful_bison",
            "geometry": {
                "type": "Point",
                "coordinates": [
                    -73.95259321,
                    40.71825614
                ]
            },
            "properties": {
                "borough": "Brooklyn",
                "date_deployed": "2024-06-06T00:00:00Z",
                "date_down": null,
                "end_time": null,
                "fk_status": "visible",
                "flood_event_count": 1,
                "id": "hardly_graceful_bison",
                "last_depth_inches": 0,
                "last_flood_end_time": "2025-10-30T20:06:26.768Z",
                "last_flood_time": "2025-10-30T19:03:26.808Z",
                "last_measurement_time": "2026-05-06T16:09:58.217Z",
                "max_depth_inches_of_any_flood": 10.708661417322833,
                "max_depth_inches_of_last_flood": 10.708661417322833,
                "mounted_over": "sidewalk ",
                "name": "BK - Richardson St/N 11th St",
                "neighborhood": "Williamsburg",
                "sensor_mount": "streetsign post ",
                "start_time": "2024-06-06T00:00:00Z",
                "status": "online"
            }
        },
        {
            "type": "Feature",
            "id": "deadly-tight-asp",
            "geometry": {
                "type": "Point",
                "coordinates": [
                    -73.87107,
                    40.67143
                ]
            },
            "properties": {
                "borough": "Brooklyn",
                "date_deployed": "2026-04-10T12:00:00Z",
                "date_down": null,
                "end_time": null,
                "fk_status": "visible",
                "flood_event_count": 0,
                "id": "deadly-tight-asp",
                "last_depth_inches": 0,
                "last_flood_end_time": null,
                "last_flood_time": null,
                "last_measurement_time": "2026-05-06T16:09:15.343Z",
                "max_depth_inches_of_any_flood": null,
                "max_depth_inches_of_last_flood": null,
                "mounted_over": "sidewalk",
                "name": "BK - Euclid Ave/Blake Ave",
                "neighborhood": "East New York",
                "sensor_mount": "streetsign-post",
                "start_time": "2026-04-10T12:00:00Z",
                "status": "online"
            }
        },
        {
            "type": "Feature",
            "id": "daily_happy_satyr",
            "geometry": {
                "type": "Point",
                "coordinates": [
                    -73.80996,
                    40.59136
                ]
            },
            "properties": {
                "borough": "Queens",
                "date_deployed": "2021-12-10T00:00:00Z",
                "date_down": null,
                "end_time": null,
                "fk_status": "visible",
                "flood_event_count": 404,
                "id": "daily_happy_satyr",
                "last_depth_inches": 0,
                "last_flood_end_time": "2026-05-02T01:58:13.147Z",
                "last_flood_time": "2026-05-02T00:03:13.5Z",
                "last_measurement_time": "2026-05-06T16:09:57.174Z",
                "max_depth_inches_of_any_flood": 38.18897637795274,
                "max_depth_inches_of_last_flood": 2.322834645669291,
                "mounted_over": "sidewalk",
                "name": "Q - Beach 84 St",
                "neighborhood": "Seaside",
                "sensor_mount": "fence",
                "start_time": "2021-12-10T00:00:00Z",
                "status": "online"
            }
        },
        {
            "type": "Feature",
            "id": "briskly_unsightly_tiger",
            "geometry": {
                "type": "Point",
                "coordinates": [
                    -74.138843652,
                    40.639774635
                ]
            },
            "properties": {
                "borough": "Staten Island",
                "date_deployed": "2026-03-20T11:59:00Z",
                "date_down": null,
                "end_time": null,
                "fk_status": "visible",
                "flood_event_count": 0,
                "id": "briskly_unsightly_tiger",
                "last_depth_inches": 0,
                "last_flood_end_time": null,
                "last_flood_time": null,
                "last_measurement_time": "2026-05-06T16:09:00.976Z",
                "max_depth_inches_of_any_flood": null,
                "max_depth_inches_of_last_flood": null,
                "mounted_over": "sidewalk",
                "name": "SI - Richmond Terr/Port Ln",
                "neighborhood": "Richmond",
                "sensor_mount": "streetsign-post",
                "start_time": "2026-03-20T11:59:00Z",
                "status": "online"
            }
        },
        {
            "type": "Feature",
            "id": "gnarly_clever_coyote",
            "geometry": {
                "type": "Point",
                "coordinates": [
                    -73.93665482,
                    40.74307011
                ]
            },
            "properties": {
                "borough": "Queens",
                "date_deployed": "2024-06-06T00:00:00Z",
                "date_down": null,
                "end_time": null,
                "fk_status": "visible",
                "flood_event_count": 1,
                "id": "gnarly_clever_coyote",
                "last_depth_inches": 0,
                "last_flood_end_time": "2026-03-12T04:32:41.559Z",
                "last_flood_time": "2026-03-12T04:13:41.594Z",
                "last_measurement_time": "2026-05-06T16:08:23.382Z",
                "max_depth_inches_of_any_flood": 0.6692913385826771,
                "max_depth_inches_of_last_flood": 0.6692913385826771,
                "mounted_over": "sidewalk",
                "name": "Q - 30th Pl/ 47th Ave",
                "neighborhood": "Sunnyside",
                "sensor_mount": "streetsign post ",
                "start_time": "2024-06-06T00:00:00Z",
                "status": "online"
            }
        },
        {
            "type": "Feature",
            "id": "jolly-handy-chipmunk",
            "geometry": {
                "type": "Point",
                "coordinates": [
                    -73.93521,
                    40.65809
                ]
            },
            "properties": {
                "borough": "Brooklyn",
                "date_deployed": "2026-01-22T10:24:00Z",
                "date_down": null,
                "end_time": null,
                "fk_status": "visible",
                "flood_event_count": 2,
                "id": "jolly-handy-chipmunk",
                "last_depth_inches": 0,
                "last_flood_end_time": "2026-03-12T12:03:56.882Z",
                "last_flood_time": "2026-03-12T11:46:56.882Z",
                "last_measurement_time": "2026-05-06T16:08:57.726Z",
                "max_depth_inches_of_any_flood": 0.7086614173228346,
                "max_depth_inches_of_last_flood": 0.5905511811023623,
                "mounted_over": "sidewalk",
                "name": "BK - Winthrop St/ E 46th St",
                "neighborhood": "Wingate",
                "sensor_mount": "streetsign-post",
                "start_time": "2026-01-22T10:24:00Z",
                "status": "online"
            }
        },
        {
            "type": "Feature",
            "id": "hastily_private_jerboa",
            "geometry": {
                "type": "Point",
                "coordinates": [
                    -74.16083,
                    40.60424
                ]
            },
            "properties": {
                "borough": "Staten Island",
                "date_deployed": "2026-03-20T12:08:00Z",
                "date_down": null,
                "end_time": null,
                "fk_status": "visible",
                "flood_event_count": 0,
                "id": "hastily_private_jerboa",
                "last_depth_inches": 2.1653543307086616,
                "last_flood_end_time": null,
                "last_flood_time": null,
                "last_measurement_time": "2026-05-06T16:06:21.074Z",
                "max_depth_inches_of_any_flood": null,
                "max_depth_inches_of_last_flood": null,
                "mounted_over": "sidewalk",
                "name": "SI - Eton Pl/Richmond Ave",
                "neighborhood": "Bulls Head",
                "sensor_mount": "streetsign-post",
                "start_time": "2026-03-20T12:08:00Z",
                "status": "online"
            }
        },
        {
            "type": "Feature",
            "id": "easily_immune_glider",
            "geometry": {
                "type": "Point",
                "coordinates": [
                    -73.955668439,
                    40.589699274
                ]
            },
            "properties": {
                "borough": "Brooklyn",
                "date_deployed": "2024-08-15T12:03:00Z",
                "date_down": null,
                "end_time": null,
                "fk_status": "visible",
                "flood_event_count": 2,
                "id": "easily_immune_glider",
                "last_depth_inches": 0,
                "last_flood_end_time": "2026-03-12T04:26:16.446Z",
                "last_flood_time": "2026-03-12T04:02:16.974Z",
                "last_measurement_time": "2026-05-06T16:04:45.246Z",
                "max_depth_inches_of_any_flood": 5.826771653543308,
                "max_depth_inches_of_last_flood": 1.0236220472440944,
                "mounted_over": "sidewalk",
                "name": "BK - Avenue Y/E 14th St",
                "neighborhood": "Homecrest",
                "sensor_mount": "streetsign-post",
                "start_time": "2024-08-15T12:03:00Z",
                "status": "online"
            }
        },
        {
            "type": "Feature",
            "id": "easily_cosmic_slug",
            "geometry": {
                "type": "Point",
                "coordinates": [
                    -73.94810047,
                    40.80982983
                ]
            },
            "properties": {
                "borough": "Manhattan",
                "date_deployed": "2021-12-12T00:00:00Z",
                "date_down": null,
                "end_time": null,
                "fk_status": "visible",
                "flood_event_count": 8,
                "id": "easily_cosmic_slug",
                "last_depth_inches": 0,
                "last_flood_end_time": "2026-03-06T16:00:01.446Z",
                "last_flood_time": "2026-03-06T12:39:02.522Z",
                "last_measurement_time": "2026-05-06T16:09:49.14Z",
                "max_depth_inches_of_any_flood": 2.9921259842519694,
                "max_depth_inches_of_last_flood": 0.9448818897637796,
                "mounted_over": "sidewalk",
                "name": "M - 126th St/7th Av",
                "neighborhood": "Central Harlem",
                "sensor_mount": "streetsign post",
                "start_time": "2021-12-12T00:00:00Z",
                "status": "online"
            }
        },
        {
            "type": "Feature",
            "id": "evil_violet_donkey",
            "geometry": {
                "type": "Point",
                "coordinates": [
                    -73.903053811,
                    40.822772511
                ]
            },
            "properties": {
                "borough": "Bronx",
                "date_deployed": "2025-09-25T11:00:00Z",
                "date_down": null,
                "end_time": null,
                "fk_status": "visible",
                "flood_event_count": 0,
                "id": "evil_violet_donkey",
                "last_depth_inches": 0,
                "last_flood_end_time": null,
                "last_flood_time": null,
                "last_measurement_time": "2026-05-06T16:09:13.113Z",
                "max_depth_inches_of_any_flood": null,
                "max_depth_inches_of_last_flood": null,
                "mounted_over": "sidewalk",
                "name": "BX - Tinton Ave/E 163rd St",
                "neighborhood": "Morrisania",
                "sensor_mount": "streetsign-post",
                "start_time": "2025-09-25T11:00:00Z",
                "status": "online"
            }
        },
        {
            "type": "Feature",
            "id": "friendly-closing-ram",
            "geometry": {
                "type": "Point",
                "coordinates": [
                    -73.94737,
                    40.57761
                ]
            },
            "properties": {
                "borough": "Brooklyn",
                "date_deployed": "2026-03-12T15:37:00Z",
                "date_down": null,
                "end_time": null,
                "fk_status": "visible",
                "flood_event_count": 1,
                "id": "friendly-closing-ram",
                "last_depth_inches": null,
                "last_flood_end_time": "2026-04-01T23:13:08.57Z",
                "last_flood_time": "2026-04-01T23:01:08.57Z",
                "last_measurement_time": null,
                "max_depth_inches_of_any_flood": 0.7874015748031498,
                "max_depth_inches_of_last_flood": 0.7874015748031498,
                "mounted_over": "sidewalk",
                "name": "BK - Oriental Blvd/Ocean Ave",
                "neighborhood": "Manhattan Beach",
                "sensor_mount": "streetsign-post",
                "start_time": "2026-03-12T15:37:00Z",
                "status": "offline"
            }
        },
        {
            "type": "Feature",
            "id": "adequately-legible-skink",
            "geometry": {
                "type": "Point",
                "coordinates": [
                    -73.86478,
                    40.66753
                ]
            },
            "properties": {
                "borough": "Brooklyn",
                "date_deployed": "2026-04-10T12:00:00Z",
                "date_down": null,
                "end_time": null,
                "fk_status": "visible",
                "flood_event_count": 0,
                "id": "adequately-legible-skink",
                "last_depth_inches": 0,
                "last_flood_end_time": null,
                "last_flood_time": null,
                "last_measurement_time": "2026-05-06T16:10:11.773Z",
                "max_depth_inches_of_any_flood": null,
                "max_depth_inches_of_last_flood": null,
                "mounted_over": "sidewalk",
                "name": "BK - Loring Ave/Autumn Ave",
                "neighborhood": "East New York",
                "sensor_mount": "streetsign-post",
                "start_time": "2026-04-10T12:00:00Z",
                "status": "online"
            }
        },
        {
            "type": "Feature",
            "id": "greedily_unhealthy_sheep",
            "geometry": {
                "type": "Point",
                "coordinates": [
                    -73.75126,
                    40.6093
                ]
            },
            "properties": {
                "borough": "Queens",
                "date_deployed": "2026-03-27T22:43:00Z",
                "date_down": null,
                "end_time": null,
                "fk_status": "visible",
                "flood_event_count": 0,
                "id": "greedily_unhealthy_sheep",
                "last_depth_inches": 0,
                "last_flood_end_time": null,
                "last_flood_time": null,
                "last_measurement_time": "2026-05-06T16:08:52.234Z",
                "max_depth_inches_of_any_flood": null,
                "max_depth_inches_of_last_flood": null,
                "mounted_over": "sidewalk",
                "name": "Q - Redfern Ave/Hassock St",
                "neighborhood": "Far Rockaway",
                "sensor_mount": "streetsign-post",
                "start_time": "2026-03-27T22:43:00Z",
                "status": "online"
            }
        },
        {
            "type": "Feature",
            "id": "totally-great-bulldog",
            "geometry": {
                "type": "Point",
                "coordinates": [
                    -73.944860455,
                    40.671266218
                ]
            },
            "properties": {
                "borough": "Brooklyn",
                "date_deployed": "2026-01-22T10:08:00Z",
                "date_down": null,
                "end_time": null,
                "fk_status": "visible",
                "flood_event_count": 0,
                "id": "totally-great-bulldog",
                "last_depth_inches": 0,
                "last_flood_end_time": null,
                "last_flood_time": null,
                "last_measurement_time": "2026-05-06T16:08:33.308Z",
                "max_depth_inches_of_any_flood": null,
                "max_depth_inches_of_last_flood": null,
                "mounted_over": "sidewalk",
                "name": "BK - Brooklyn Ave/St Johns Pl",
                "neighborhood": "Crown Heights",
                "sensor_mount": "streetsign-post",
                "start_time": "2026-01-22T10:08:00Z",
                "status": "online"
            }
        },
        {
            "type": "Feature",
            "id": "cruelly_sore_cat",
            "geometry": {
                "type": "Point",
                "coordinates": [
                    -74.13664,
                    40.62593
                ]
            },
            "properties": {
                "borough": "Staten Island",
                "date_deployed": "2026-03-20T12:03:00Z",
                "date_down": null,
                "end_time": null,
                "fk_status": "down",
                "flood_event_count": 0,
                "id": "cruelly_sore_cat",
                "last_depth_inches": 0,
                "last_flood_end_time": null,
                "last_flood_time": null,
                "last_measurement_time": "2026-05-06T16:10:20.234Z",
                "max_depth_inches_of_any_flood": null,
                "max_depth_inches_of_last_flood": null,
                "mounted_over": "sidewalk",
                "name": "SI - Barrett Ave/Forest Ave",
                "neighborhood": "Richmond",
                "sensor_mount": "streetsign-post",
                "start_time": "2026-03-20T12:03:00Z",
                "status": "online"
            }
        },
        {
            "type": "Feature",
            "id": "hardly_usable_boxer",
            "geometry": {
                "type": "Point",
                "coordinates": [
                    -73.9199568,
                    40.6611077
                ]
            },
            "properties": {
                "borough": "Brooklyn",
                "date_deployed": "2023-05-24T00:00:00Z",
                "date_down": null,
                "end_time": null,
                "fk_status": "down",
                "flood_event_count": 0,
                "id": "hardly_usable_boxer",
                "last_depth_inches": 5.275590551181102,
                "last_flood_end_time": null,
                "last_flood_time": null,
                "last_measurement_time": "2026-05-06T16:08:15.121Z",
                "max_depth_inches_of_any_flood": null,
                "max_depth_inches_of_last_flood": null,
                "mounted_over": "sidewalk",
                "name": "BK - Rockaway Pkwy/ Clarkson Ave",
                "neighborhood": "Rugby",
                "sensor_mount": "streetsign post",
                "start_time": "2023-05-24T00:00:00Z",
                "status": "online"
            }
        },
        {
            "type": "Feature",
            "id": "barely_aware_bee",
            "geometry": {
                "type": "Point",
                "coordinates": [
                    -73.985789,
                    40.719461
                ]
            },
            "properties": {
                "borough": "Manhattan",
                "date_deployed": "2024-07-24T03:38:00Z",
                "date_down": null,
                "end_time": null,
                "fk_status": "visible",
                "flood_event_count": 0,
                "id": "barely_aware_bee",
                "last_depth_inches": 0,
                "last_flood_end_time": null,
                "last_flood_time": null,
                "last_measurement_time": "2026-05-06T15:58:15.376Z",
                "max_depth_inches_of_any_flood": null,
                "max_depth_inches_of_last_flood": null,
                "mounted_over": "sidewalk",
                "name": "M - Rivington St/Suffolk St",
                "neighborhood": "Lower East Side",
                "sensor_mount": "streetsign-post",
                "start_time": "2024-07-24T03:38:00Z",
                "status": "online"
            }
        },
        {
            "type": "Feature",
            "id": "oddly_ratty_gorilla",
            "geometry": {
                "type": "Point",
                "coordinates": [
                    -73.75585,
                    40.60958
                ]
            },
            "properties": {
                "borough": "Queens",
                "date_deployed": "2026-03-27T22:50:00Z",
                "date_down": null,
                "end_time": null,
                "fk_status": "visible",
                "flood_event_count": 0,
                "id": "oddly_ratty_gorilla",
                "last_depth_inches": 0,
                "last_flood_end_time": null,
                "last_flood_time": null,
                "last_measurement_time": "2026-05-06T16:09:18.781Z",
                "max_depth_inches_of_any_flood": null,
                "max_depth_inches_of_last_flood": null,
                "mounted_over": "sidewalk",
                "name": "Q - Battery Rd/Chandler St ",
                "neighborhood": "Far Rockaway",
                "sensor_mount": "streetsign-post",
                "start_time": "2026-03-27T22:50:00Z",
                "status": "online"
            }
        },
        {
            "type": "Feature",
            "id": "chilly_indigo_cobra",
            "geometry": {
                "type": "Point",
                "coordinates": [
                    -73.817947,
                    40.60918
                ]
            },
            "properties": {
                "borough": "Queens",
                "date_deployed": "2025-08-21T19:46:00Z",
                "date_down": null,
                "end_time": null,
                "fk_status": "visible",
                "flood_event_count": 8,
                "id": "chilly_indigo_cobra",
                "last_depth_inches": 0,
                "last_flood_end_time": "2026-04-19T04:13:44.898Z",
                "last_flood_time": "2026-04-19T01:40:45.926Z",
                "last_measurement_time": "2026-05-06T16:10:31.159Z",
                "max_depth_inches_of_any_flood": 12.204724409448819,
                "max_depth_inches_of_last_flood": 12.204724409448819,
                "mounted_over": "sidewalk",
                "name": "Q - Church Rd/E 6th Rd",
                "neighborhood": "Broad Channel",
                "sensor_mount": "utility-pole",
                "start_time": "2025-08-21T19:46:00Z",
                "status": "online"
            }
        },
        {
            "type": "Feature",
            "id": "humbly-sound-zebra",
            "geometry": {
                "type": "Point",
                "coordinates": [
                    -73.944408815,
                    40.674788352
                ]
            },
            "properties": {
                "borough": "Brooklyn",
                "date_deployed": "2026-03-06T11:12:00Z",
                "date_down": null,
                "end_time": null,
                "fk_status": "visible",
                "flood_event_count": 0,
                "id": "humbly-sound-zebra",
                "last_depth_inches": 0,
                "last_flood_end_time": null,
                "last_flood_time": null,
                "last_measurement_time": "2026-05-06T16:09:54.921Z",
                "max_depth_inches_of_any_flood": null,
                "max_depth_inches_of_last_flood": null,
                "mounted_over": "sidewalk",
                "name": "BK - Brooklyn Ave/St Marks Ave",
                "neighborhood": "Crown Heights",
                "sensor_mount": "streetsign-post",
                "start_time": "2026-03-06T11:12:00Z",
                "status": "online"
            }
        },
        {
            "type": "Feature",
            "id": "deadly_trusty_troll",
            "geometry": {
                "type": "Point",
                "coordinates": [
                    -73.7512911,
                    40.6556783
                ]
            },
            "properties": {
                "borough": "Queens",
                "date_deployed": "2023-06-07T00:00:00Z",
                "date_down": null,
                "end_time": null,
                "fk_status": "visible",
                "flood_event_count": 2,
                "id": "deadly_trusty_troll",
                "last_depth_inches": 0,
                "last_flood_end_time": "2025-10-30T20:09:39.082Z",
                "last_flood_time": "2025-10-30T19:59:39.082Z",
                "last_measurement_time": "2026-05-06T16:09:12.238Z",
                "max_depth_inches_of_any_flood": 5.708661417322835,
                "max_depth_inches_of_last_flood": 1.2598425196850396,
                "mounted_over": "sidewalk",
                "name": "Q - 231st St/ 148th Ave",
                "neighborhood": "Brookville",
                "sensor_mount": "streetsign post",
                "start_time": "2023-06-07T00:00:00Z",
                "status": "online"
            }
        },
        {
            "type": "Feature",
            "id": "infinitely-working-urchin",
            "geometry": {
                "type": "Point",
                "coordinates": [
                    -73.87046,
                    40.68602
                ]
            },
            "properties": {
                "borough": "Brooklyn",
                "date_deployed": "2026-04-10T12:00:00Z",
                "date_down": null,
                "end_time": null,
                "fk_status": "visible",
                "flood_event_count": 0,
                "id": "infinitely-working-urchin",
                "last_depth_inches": 0,
                "last_flood_end_time": null,
                "last_flood_time": null,
                "last_measurement_time": "2026-05-06T16:10:06.894Z",
                "max_depth_inches_of_any_flood": null,
                "max_depth_inches_of_last_flood": null,
                "mounted_over": "sidewalk",
                "name": "BK - Ridgewood Ave/Autumn Ave",
                "neighborhood": "Cypress Gardens",
                "sensor_mount": "streetsign-post",
                "start_time": "2026-04-10T12:00:00Z",
                "status": "online"
            }
        },
        {
            "type": "Feature",
            "id": "hungrily_pointless_mink",
            "geometry": {
                "type": "Point",
                "coordinates": [
                    -73.75592,
                    40.60849
                ]
            },
            "properties": {
                "borough": "Queens",
                "date_deployed": "2026-03-27T22:55:00Z",
                "date_down": null,
                "end_time": null,
                "fk_status": "down",
                "flood_event_count": 0,
                "id": "hungrily_pointless_mink",
                "last_depth_inches": null,
                "last_flood_end_time": null,
                "last_flood_time": null,
                "last_measurement_time": null,
                "max_depth_inches_of_any_flood": null,
                "max_depth_inches_of_last_flood": null,
                "mounted_over": "sidewalk",
                "name": "Q - Namesake Ave/Chandler St",
                "neighborhood": "Far Rockaway",
                "sensor_mount": "streetsign-post",
                "start_time": "2026-03-27T22:55:00Z",
                "status": "offline"
            }
        },
        {
            "type": "Feature",
            "id": "widely_comic_insect",
            "geometry": {
                "type": "Point",
                "coordinates": [
                    -73.88456498,
                    40.64090807
                ]
            },
            "properties": {
                "borough": "Brooklyn",
                "date_deployed": "2024-04-18T00:00:00Z",
                "date_down": null,
                "end_time": null,
                "fk_status": "visible",
                "flood_event_count": 3,
                "id": "widely_comic_insect",
                "last_depth_inches": 0,
                "last_flood_end_time": "2026-03-31T11:23:17.86Z",
                "last_flood_time": "2026-03-31T11:01:17.912Z",
                "last_measurement_time": "2026-05-06T16:10:19.011Z",
                "max_depth_inches_of_any_flood": 0.8661417322834646,
                "max_depth_inches_of_last_flood": 0.6692913385826771,
                "mounted_over": "sidewalk",
                "name": "BK - Flatlands 8th St/E 108th St",
                "neighborhood": "Canarsie",
                "sensor_mount": "streetsign post",
                "start_time": "2024-04-18T00:00:00Z",
                "status": "online"
            }
        },
        {
            "type": "Feature",
            "id": "briefly-model-hamster",
            "geometry": {
                "type": "Point",
                "coordinates": [
                    -73.998474763,
                    40.710518939
                ]
            },
            "properties": {
                "borough": "Manhattan",
                "date_deployed": "2026-02-12T12:08:00Z",
                "date_down": null,
                "end_time": null,
                "fk_status": "visible",
                "flood_event_count": 0,
                "id": "briefly-model-hamster",
                "last_depth_inches": null,
                "last_flood_end_time": null,
                "last_flood_time": null,
                "last_measurement_time": null,
                "max_depth_inches_of_any_flood": null,
                "max_depth_inches_of_last_flood": null,
                "mounted_over": "sidewalk",
                "name": "M - Catherine Slip/Catherine St",
                "neighborhood": "Two Bridges",
                "sensor_mount": "streetsign-post",
                "start_time": "2026-02-12T12:08:00Z",
                "status": "offline"
            }
        },
        {
            "type": "Feature",
            "id": "bored_blue_fish",
            "geometry": {
                "type": "Point",
                "coordinates": [
                    -73.77532549,
                    40.60015807
                ]
            },
            "properties": {
                "borough": "Queens",
                "date_deployed": "2022-12-21T00:00:00Z",
                "date_down": null,
                "end_time": null,
                "fk_status": "visible",
                "flood_event_count": 4,
                "id": "bored_blue_fish",
                "last_depth_inches": 0,
                "last_flood_end_time": "2025-10-30T20:25:11.695Z",
                "last_flood_time": "2025-10-30T19:57:11.695Z",
                "last_measurement_time": "2026-05-06T16:08:47.667Z",
                "max_depth_inches_of_any_flood": 23.425196850393704,
                "max_depth_inches_of_last_flood": 2.5984251968503935,
                "mounted_over": null,
                "name": "Q - Beach 43rd St ",
                "neighborhood": "Edgemere",
                "sensor_mount": "streetsign post",
                "start_time": "2022-12-21T00:00:00Z",
                "status": "online"
            }
        },
        {
            "type": "Feature",
            "id": "chilly_green_goat",
            "geometry": {
                "type": "Point",
                "coordinates": [
                    -73.993449102,
                    40.575733443
                ]
            },
            "properties": {
                "borough": "Brooklyn",
                "date_deployed": "2025-08-21T10:55:00Z",
                "date_down": null,
                "end_time": null,
                "fk_status": "visible",
                "flood_event_count": 1,
                "id": "chilly_green_goat",
                "last_depth_inches": 0,
                "last_flood_end_time": "2025-10-30T19:36:30.307Z",
                "last_flood_time": "2025-10-30T18:52:30.31Z",
                "last_measurement_time": "2026-05-06T15:40:54.085Z",
                "max_depth_inches_of_any_flood": 2.1653543307086616,
                "max_depth_inches_of_last_flood": 2.1653543307086616,
                "mounted_over": "sidewalk",
                "name": "BK - Mermaid Ave/W 27th St (2)",
                "neighborhood": "Coney Island",
                "sensor_mount": "utility-pole",
                "start_time": "2025-08-21T10:55:00Z",
                "status": "online"
            }
        },
        {
            "type": "Feature",
            "id": "uniquely-fly-wolf",
            "geometry": {
                "type": "Point",
                "coordinates": [
                    -73.94525,
                    40.7582
                ]
            },
            "properties": {
                "borough": "Queens",
                "date_deployed": "2026-03-20T03:38:00Z",
                "date_down": null,
                "end_time": null,
                "fk_status": "visible",
                "flood_event_count": 0,
                "id": "uniquely-fly-wolf",
                "last_depth_inches": 0,
                "last_flood_end_time": null,
                "last_flood_time": null,
                "last_measurement_time": "2026-05-06T16:09:59.753Z",
                "max_depth_inches_of_any_flood": null,
                "max_depth_inches_of_last_flood": null,
                "mounted_over": "sidewalk",
                "name": "Q - Vernon Blvd/40th Ave",
                "neighborhood": "Long Island City",
                "sensor_mount": "streetsign-post",
                "start_time": "2026-03-20T03:38:00Z",
                "status": "online"
            }
        },
        {
            "type": "Feature",
            "id": "unduly-current-coyote",
            "geometry": {
                "type": "Point",
                "coordinates": [
                    -73.854391416,
                    40.749076507
                ]
            },
            "properties": {
                "borough": "Queens",
                "date_deployed": "2026-02-19T10:31:00Z",
                "date_down": null,
                "end_time": null,
                "fk_status": "visible",
                "flood_event_count": 0,
                "id": "unduly-current-coyote",
                "last_depth_inches": 0,
                "last_flood_end_time": null,
                "last_flood_time": null,
                "last_measurement_time": "2026-05-06T16:10:12.312Z",
                "max_depth_inches_of_any_flood": null,
                "max_depth_inches_of_last_flood": null,
                "mounted_over": "sidewalk",
                "name": "Q - 44th Ave/111th St",
                "neighborhood": "South Corona",
                "sensor_mount": "streetsign-post",
                "start_time": "2026-02-19T10:31:00Z",
                "status": "online"
            }
        },
        {
            "type": "Feature",
            "id": "clearly_bored_turtle",
            "geometry": {
                "type": "Point",
                "coordinates": [
                    -73.95133488,
                    40.70082053
                ]
            },
            "properties": {
                "borough": "Brooklyn",
                "date_deployed": "2023-03-09T00:00:00Z",
                "date_down": null,
                "end_time": null,
                "fk_status": "visible",
                "flood_event_count": 7,
                "id": "clearly_bored_turtle",
                "last_depth_inches": 0,
                "last_flood_end_time": "2025-10-30T20:49:48.587Z",
                "last_flood_time": "2025-10-30T19:00:12.961Z",
                "last_measurement_time": "2026-05-06T16:10:11.033Z",
                "max_depth_inches_of_any_flood": 21.61417322834646,
                "max_depth_inches_of_last_flood": 12.559055118110232,
                "mounted_over": "sidewalk",
                "name": "BK - Walton St/Marcy Ave",
                "neighborhood": "Williamsburg",
                "sensor_mount": "streetsign post",
                "start_time": "2023-03-09T00:00:00Z",
                "status": "online"
            }
        },
        {
            "type": "Feature",
            "id": "hardly_keen_bird",
            "geometry": {
                "type": "Point",
                "coordinates": [
                    -73.993069511,
                    40.575683021
                ]
            },
            "properties": {
                "borough": "Brooklyn",
                "date_deployed": "2024-04-19T00:00:00Z",
                "date_down": "2025-08-21T12:00:00Z",
                "end_time": "2025-08-21T12:00:00Z",
                "fk_status": "retired",
                "flood_event_count": 0,
                "id": "hardly_keen_bird",
                "last_depth_inches": null,
                "last_flood_end_time": null,
                "last_flood_time": null,
                "last_measurement_time": null,
                "max_depth_inches_of_any_flood": null,
                "max_depth_inches_of_last_flood": null,
                "mounted_over": "sidewalk",
                "name": "BK - Mermaid Ave/W 27th St",
                "neighborhood": "Coney Island",
                "sensor_mount": "streetsign post",
                "start_time": "2024-04-19T00:00:00Z",
                "status": "retired"
            }
        },
        {
            "type": "Feature",
            "id": "early_many_oyster",
            "geometry": {
                "type": "Point",
                "coordinates": [
                    -73.8911414,
                    40.7606216
                ]
            },
            "properties": {
                "borough": "Queens",
                "date_deployed": "2024-05-02T00:00:00Z",
                "date_down": null,
                "end_time": null,
                "fk_status": "visible",
                "flood_event_count": 1,
                "id": "early_many_oyster",
                "last_depth_inches": 0,
                "last_flood_end_time": "2024-08-19T00:00:30.011Z",
                "last_flood_time": "2024-08-18T23:53:19.872Z",
                "last_measurement_time": "2026-05-06T16:05:27.321Z",
                "max_depth_inches_of_any_flood": 2.0866141732283467,
                "max_depth_inches_of_last_flood": 2.0866141732283467,
                "mounted_over": "sidewalk",
                "name": "Q - 30th Ave/77th St",
                "neighborhood": "Jackson Heights",
                "sensor_mount": "streetsign post",
                "start_time": "2024-05-02T00:00:00Z",
                "status": "online"
            }
        },
        {
            "type": "Feature",
            "id": "notably-touched-sailfish",
            "geometry": {
                "type": "Point",
                "coordinates": [
                    -73.83275,
                    40.75875
                ]
            },
            "properties": {
                "borough": "Queens",
                "date_deployed": "2026-02-19T10:37:00Z",
                "date_down": null,
                "end_time": null,
                "fk_status": "visible",
                "flood_event_count": 0,
                "id": "notably-touched-sailfish",
                "last_depth_inches": 0,
                "last_flood_end_time": null,
                "last_flood_time": null,
                "last_measurement_time": "2026-05-06T16:08:57.371Z",
                "max_depth_inches_of_any_flood": null,
                "max_depth_inches_of_last_flood": null,
                "mounted_over": "sidewalk",
                "name": "Q - Roosevelt Ave/Prince St",
                "neighborhood": "Downtown Flushing",
                "sensor_mount": "streetsign-post",
                "start_time": "2026-02-19T10:37:00Z",
                "status": "online"
            }
        },
        {
            "type": "Feature",
            "id": "scarcely-elegant-emu",
            "geometry": {
                "type": "Point",
                "coordinates": [
                    -73.994078186,
                    40.709579003
                ]
            },
            "properties": {
                "borough": "Manhattan",
                "date_deployed": "2026-02-12T12:17:00Z",
                "date_down": null,
                "end_time": null,
                "fk_status": "visible",
                "flood_event_count": 0,
                "id": "scarcely-elegant-emu",
                "last_depth_inches": 0,
                "last_flood_end_time": null,
                "last_flood_time": null,
                "last_measurement_time": "2026-05-06T16:08:52.339Z",
                "max_depth_inches_of_any_flood": null,
                "max_depth_inches_of_last_flood": null,
                "mounted_over": "sidewalk",
                "name": "M - Market Slip/South St",
                "neighborhood": "Two Bridges",
                "sensor_mount": "streetsign-post",
                "start_time": "2026-02-12T12:17:00Z",
                "status": "online"
            }
        },
        {
            "type": "Feature",
            "id": "unduly_great_grub",
            "geometry": {
                "type": "Point",
                "coordinates": [
                    -73.861613958,
                    40.744844643
                ]
            },
            "properties": {
                "borough": "Queens",
                "date_deployed": "2024-08-14T11:00:00Z",
                "date_down": null,
                "end_time": null,
                "fk_status": "visible",
                "flood_event_count": 1,
                "id": "unduly_great_grub",
                "last_depth_inches": 0,
                "last_flood_end_time": "2080-01-17T20:40:09.9Z",
                "last_flood_time": "2080-01-17T00:52:11.969Z",
                "last_measurement_time": "2026-05-06T16:09:44.351Z",
                "max_depth_inches_of_any_flood": 2.480314960629921,
                "max_depth_inches_of_last_flood": 2.480314960629921,
                "mounted_over": "sidewalk",
                "name": "Q - 47th Ave/102nd St",
                "neighborhood": "South Corona",
                "sensor_mount": "streetsign-post",
                "start_time": "2024-08-14T11:00:00Z",
                "status": "online"
            }
        },
        {
            "type": "Feature",
            "id": "implicitly-selected-quagga",
            "geometry": {
                "type": "Point",
                "coordinates": [
                    -73.90329,
                    40.62738
                ]
            },
            "properties": {
                "borough": "Brooklyn",
                "date_deployed": "2026-04-10T12:00:00Z",
                "date_down": null,
                "end_time": null,
                "fk_status": "visible",
                "flood_event_count": 0,
                "id": "implicitly-selected-quagga",
                "last_depth_inches": 0,
                "last_flood_end_time": null,
                "last_flood_time": null,
                "last_measurement_time": "2026-05-06T16:08:38.226Z",
                "max_depth_inches_of_any_flood": null,
                "max_depth_inches_of_last_flood": null,
                "mounted_over": "sidewalk",
                "name": "BK - Paerdegat Ave N/Paerdegat 13th St",
                "neighborhood": "Canarsie",
                "sensor_mount": "streetsign-post",
                "start_time": "2026-04-10T12:00:00Z",
                "status": "online"
            }
        },
        {
            "type": "Feature",
            "id": "basically-great-roughy",
            "geometry": {
                "type": "Point",
                "coordinates": [
                    -73.917806872,
                    40.685532299
                ]
            },
            "properties": {
                "borough": "Brooklyn",
                "date_deployed": "2026-03-06T11:19:00Z",
                "date_down": null,
                "end_time": null,
                "fk_status": "visible",
                "flood_event_count": 0,
                "id": "basically-great-roughy",
                "last_depth_inches": null,
                "last_flood_end_time": null,
                "last_flood_time": null,
                "last_measurement_time": null,
                "max_depth_inches_of_any_flood": null,
                "max_depth_inches_of_last_flood": null,
                "mounted_over": "sidewalk",
                "name": "BK - Halsey St/Saratoga Ave",
                "neighborhood": "Bedford Stuyvesant",
                "sensor_mount": "streetsign-post",
                "start_time": "2026-03-06T11:19:00Z",
                "status": "offline"
            }
        },
        {
            "type": "Feature",
            "id": "nationally-simple-peacock",
            "geometry": {
                "type": "Point",
                "coordinates": [
                    -73.976880661,
                    40.71467008
                ]
            },
            "properties": {
                "borough": "Manhattan",
                "date_deployed": "2026-02-12T12:31:00Z",
                "date_down": null,
                "end_time": null,
                "fk_status": "visible",
                "flood_event_count": 2,
                "id": "nationally-simple-peacock",
                "last_depth_inches": 0,
                "last_flood_end_time": "2026-03-12T11:25:00.585Z",
                "last_flood_time": "2026-03-12T11:00:00.039Z",
                "last_measurement_time": "2026-05-06T16:10:25.644Z",
                "max_depth_inches_of_any_flood": 0.6692913385826771,
                "max_depth_inches_of_last_flood": 0.6692913385826771,
                "mounted_over": "sidewalk",
                "name": "M - Delancey St/FDR Dr",
                "neighborhood": "Lower East Side",
                "sensor_mount": "streetsign-post",
                "start_time": "2026-02-12T12:31:00Z",
                "status": "online"
            }
        },
        {
            "type": "Feature",
            "id": "thin_orange_wombat",
            "geometry": {
                "type": "Point",
                "coordinates": [
                    -73.88827,
                    40.64054
                ]
            },
            "properties": {
                "borough": "Brooklyn",
                "date_deployed": "2025-10-31T12:00:00Z",
                "date_down": null,
                "end_time": null,
                "fk_status": "visible",
                "flood_event_count": 2,
                "id": "thin_orange_wombat",
                "last_depth_inches": 0,
                "last_flood_end_time": "2026-03-31T11:10:33.677Z",
                "last_flood_time": "2026-03-31T10:53:33.634Z",
                "last_measurement_time": "2026-05-06T16:09:47.705Z",
                "max_depth_inches_of_any_flood": 0.905511811023622,
                "max_depth_inches_of_last_flood": 0.7874015748031498,
                "mounted_over": "sidewalk",
                "name": "BK - E104th St/ Ave M",
                "neighborhood": "Canarsie",
                "sensor_mount": "streetsign-post",
                "start_time": "2025-10-31T12:00:00Z",
                "status": "online"
            }
        },
        {
            "type": "Feature",
            "id": "exactly-harmless-slug",
            "geometry": {
                "type": "Point",
                "coordinates": [
                    -73.803980539,
                    40.775541697
                ]
            },
            "properties": {
                "borough": "Queens",
                "date_deployed": "2026-02-19T10:46:00Z",
                "date_down": null,
                "end_time": null,
                "fk_status": "visible",
                "flood_event_count": 0,
                "id": "exactly-harmless-slug",
                "last_depth_inches": 0,
                "last_flood_end_time": null,
                "last_flood_time": null,
                "last_measurement_time": "2026-05-06T16:09:39.792Z",
                "max_depth_inches_of_any_flood": null,
                "max_depth_inches_of_last_flood": null,
                "mounted_over": "sidewalk",
                "name": "Q - 24th Rd/160th St",
                "neighborhood": "Whitestone",
                "sensor_mount": "streetsign-post",
                "start_time": "2026-02-19T10:46:00Z",
                "status": "online"
            }
        },
        {
            "type": "Feature",
            "id": "centrally-in-worm",
            "geometry": {
                "type": "Point",
                "coordinates": [
                    -73.85103,
                    40.87613
                ]
            },
            "properties": {
                "borough": "Bronx",
                "date_deployed": "2025-03-27T12:41:00Z",
                "date_down": null,
                "end_time": null,
                "fk_status": "visible",
                "flood_event_count": 1,
                "id": "centrally-in-worm",
                "last_depth_inches": 0,
                "last_flood_end_time": "2025-10-30T21:04:06.456Z",
                "last_flood_time": "2025-10-30T19:42:06.428Z",
                "last_measurement_time": "2026-05-06T16:10:07.904Z",
                "max_depth_inches_of_any_flood": 4.52755905511811,
                "max_depth_inches_of_last_flood": 4.52755905511811,
                "mounted_over": "sidewalk",
                "name": "BX - Wilson Ave/E 214th St",
                "neighborhood": "Pelham Gardens",
                "sensor_mount": "streetsign-post",
                "start_time": "2025-03-27T12:41:00Z",
                "status": "online"
            }
        },
        {
            "type": "Feature",
            "id": "evenly_alive_grouse",
            "geometry": {
                "type": "Point",
                "coordinates": [
                    -73.9315335,
                    40.8593383
                ]
            },
            "properties": {
                "borough": "Manhattan",
                "date_deployed": "2024-07-02T15:09:00Z",
                "date_down": null,
                "end_time": null,
                "fk_status": "visible",
                "flood_event_count": 0,
                "id": "evenly_alive_grouse",
                "last_depth_inches": 0,
                "last_flood_end_time": null,
                "last_flood_time": null,
                "last_measurement_time": "2026-05-06T16:10:32.624Z",
                "max_depth_inches_of_any_flood": null,
                "max_depth_inches_of_last_flood": null,
                "mounted_over": "sidewalk",
                "name": "M - Bennett Ave/Broadway",
                "neighborhood": "Fort George",
                "sensor_mount": "streetsign-post",
                "start_time": "2024-07-02T15:09:00Z",
                "status": "online"
            }
        },
        {
            "type": "Feature",
            "id": "hugely_calm_thrush",
            "geometry": {
                "type": "Point",
                "coordinates": [
                    -73.73209579,
                    40.680740551
                ]
            },
            "properties": {
                "borough": "Queens",
                "date_deployed": "2024-08-14T11:00:00Z",
                "date_down": null,
                "end_time": null,
                "fk_status": "visible",
                "flood_event_count": 0,
                "id": "hugely_calm_thrush",
                "last_depth_inches": 0,
                "last_flood_end_time": null,
                "last_flood_time": null,
                "last_measurement_time": "2026-05-06T16:10:16.894Z",
                "max_depth_inches_of_any_flood": null,
                "max_depth_inches_of_last_flood": null,
                "mounted_over": "sidewalk",
                "name": "Q - 235th St/129th Ave",
                "neighborhood": "Laurelton",
                "sensor_mount": "streetsign-post",
                "start_time": "2024-08-14T11:00:00Z",
                "status": "online"
            }
        },
        {
            "type": "Feature",
            "id": "heavy_violet_wasp",
            "geometry": {
                "type": "Point",
                "coordinates": [
                    -73.863274588,
                    40.835616349
                ]
            },
            "properties": {
                "borough": "Bronx",
                "date_deployed": "2025-09-25T11:30:00Z",
                "date_down": null,
                "end_time": null,
                "fk_status": "visible",
                "flood_event_count": 0,
                "id": "heavy_violet_wasp",
                "last_depth_inches": 0,
                "last_flood_end_time": null,
                "last_flood_time": null,
                "last_measurement_time": "2026-05-06T16:10:22.957Z",
                "max_depth_inches_of_any_flood": null,
                "max_depth_inches_of_last_flood": null,
                "mounted_over": "sidewalk",
                "name": "BX - White Plains Rd/Wood Ave",
                "neighborhood": "Parkchester",
                "sensor_mount": "streetsign-post",
                "start_time": "2025-09-25T11:30:00Z",
                "status": "online"
            }
        },
        {
            "type": "Feature",
            "id": "terminally-united-boxer",
            "geometry": {
                "type": "Point",
                "coordinates": [
                    -74.004388814,
                    40.722920481
                ]
            },
            "properties": {
                "borough": "Manhattan",
                "date_deployed": "2026-02-12T12:24:00Z",
                "date_down": null,
                "end_time": null,
                "fk_status": "visible",
                "flood_event_count": 2,
                "id": "terminally-united-boxer",
                "last_depth_inches": null,
                "last_flood_end_time": "2026-03-12T11:32:21.828Z",
                "last_flood_time": "2026-03-12T11:16:21.828Z",
                "last_measurement_time": null,
                "max_depth_inches_of_any_flood": 0.5905511811023623,
                "max_depth_inches_of_last_flood": 0.5511811023622049,
                "mounted_over": "sidewalk",
                "name": "M - Thompson St/Grand St",
                "neighborhood": "SoHo",
                "sensor_mount": "streetsign-post",
                "start_time": "2026-02-12T12:24:00Z",
                "status": "offline"
            }
        },
        {
            "type": "Feature",
            "id": "coyly-mental-ferret",
            "geometry": {
                "type": "Point",
                "coordinates": [
                    -73.99526,
                    40.73971
                ]
            },
            "properties": {
                "borough": "Manhattan",
                "date_deployed": "2025-10-10T11:05:00Z",
                "date_down": null,
                "end_time": null,
                "fk_status": "visible",
                "flood_event_count": 0,
                "id": "coyly-mental-ferret",
                "last_depth_inches": 0,
                "last_flood_end_time": null,
                "last_flood_time": null,
                "last_measurement_time": "2026-05-06T16:10:10.433Z",
                "max_depth_inches_of_any_flood": null,
                "max_depth_inches_of_last_flood": null,
                "mounted_over": "sidewalk",
                "name": "M - 6th Ave/W 18th St",
                "neighborhood": "Flatiron District",
                "sensor_mount": "streetsign-post",
                "start_time": "2025-10-10T11:05:00Z",
                "status": "online"
            }
        },
        {
            "type": "Feature",
            "id": "mostly-driving-yeti",
            "geometry": {
                "type": "Point",
                "coordinates": [
                    -73.91722096,
                    40.682638879
                ]
            },
            "properties": {
                "borough": "Brooklyn",
                "date_deployed": "2026-03-06T11:25:00Z",
                "date_down": null,
                "end_time": null,
                "fk_status": "visible",
                "flood_event_count": 0,
                "id": "mostly-driving-yeti",
                "last_depth_inches": null,
                "last_flood_end_time": null,
                "last_flood_time": null,
                "last_measurement_time": null,
                "max_depth_inches_of_any_flood": null,
                "max_depth_inches_of_last_flood": null,
                "mounted_over": "sidewalk",
                "name": "BK - Saratoga Ave/Bainbridge St",
                "neighborhood": "Bedford Stuyvesant",
                "sensor_mount": "streetsign-post",
                "start_time": "2026-03-06T11:25:00Z",
                "status": "offline"
            }
        },
        {
            "type": "Feature",
            "id": "nicely-feasible-sheepdog",
            "geometry": {
                "type": "Point",
                "coordinates": [
                    -73.904812,
                    40.882861
                ]
            },
            "properties": {
                "borough": "Bronx",
                "date_deployed": "2025-03-27T10:54:00Z",
                "date_down": null,
                "end_time": null,
                "fk_status": "visible",
                "flood_event_count": 0,
                "id": "nicely-feasible-sheepdog",
                "last_depth_inches": 0,
                "last_flood_end_time": null,
                "last_flood_time": null,
                "last_measurement_time": "2026-05-06T16:09:14.917Z",
                "max_depth_inches_of_any_flood": null,
                "max_depth_inches_of_last_flood": null,
                "mounted_over": "sidewalk",
                "name": "BX - Corlear Ave/W 234th St",
                "neighborhood": "Bronx",
                "sensor_mount": "streetsign-post",
                "start_time": "2025-03-27T10:54:00Z",
                "status": "online"
            }
        },
        {
            "type": "Feature",
            "id": "initially-literate-raven",
            "geometry": {
                "type": "Point",
                "coordinates": [
                    -73.77696,
                    40.59832
                ]
            },
            "properties": {
                "borough": "Queens",
                "date_deployed": "2026-04-03T12:00:00Z",
                "date_down": null,
                "end_time": null,
                "fk_status": "visible",
                "flood_event_count": 0,
                "id": "initially-literate-raven",
                "last_depth_inches": 0,
                "last_flood_end_time": null,
                "last_flood_time": null,
                "last_measurement_time": "2026-05-06T16:08:37.535Z",
                "max_depth_inches_of_any_flood": null,
                "max_depth_inches_of_last_flood": null,
                "mounted_over": "sidewalk",
                "name": "Q - Norton Ave/Beach 45th St",
                "neighborhood": "Edgemere",
                "sensor_mount": "utility-pole",
                "start_time": "2026-04-03T12:00:00Z",
                "status": "online"
            }
        },
        {
            "type": "Feature",
            "id": "hugely_daring_owl",
            "geometry": {
                "type": "Point",
                "coordinates": [
                    -73.867306948,
                    40.660317508
                ]
            },
            "properties": {
                "borough": "Brooklyn",
                "date_deployed": "2024-08-23T03:38:00Z",
                "date_down": null,
                "end_time": null,
                "fk_status": "visible",
                "flood_event_count": 11,
                "id": "hugely_daring_owl",
                "last_depth_inches": 0,
                "last_flood_end_time": "2026-03-27T06:40:30.743Z",
                "last_flood_time": "2026-03-27T06:27:30.746Z",
                "last_measurement_time": "2026-05-06T16:09:53.92Z",
                "max_depth_inches_of_any_flood": 3.070866141732284,
                "max_depth_inches_of_last_flood": 0.7480314960629924,
                "mounted_over": "sidewalk",
                "name": "BK - Fountain Ave/Flatlands Ave",
                "neighborhood": "East New York",
                "sensor_mount": "streetsign-post",
                "start_time": "2024-08-23T03:38:00Z",
                "status": "online"
            }
        },
        {
            "type": "Feature",
            "id": "generally-measured-sheepdog",
            "geometry": {
                "type": "Point",
                "coordinates": [
                    -73.906759708,
                    40.658075563
                ]
            },
            "properties": {
                "borough": "Brooklyn",
                "date_deployed": "2026-03-06T12:44:00Z",
                "date_down": null,
                "end_time": null,
                "fk_status": "visible",
                "flood_event_count": 2,
                "id": "generally-measured-sheepdog",
                "last_depth_inches": null,
                "last_flood_end_time": "2026-03-12T12:03:39.195Z",
                "last_flood_time": "2026-03-12T11:49:38.691Z",
                "last_measurement_time": null,
                "max_depth_inches_of_any_flood": 0.7086614173228346,
                "max_depth_inches_of_last_flood": 0.6299212598425198,
                "mounted_over": "sidewalk",
                "name": "BK - Lott Ave/Thatford Ave",
                "neighborhood": "Brownsville",
                "sensor_mount": "streetsign-post",
                "start_time": "2026-03-06T12:44:00Z",
                "status": "offline"
            }
        },
        {
            "type": "Feature",
            "id": "personally-wondrous-antelope",
            "geometry": {
                "type": "Point",
                "coordinates": [
                    -73.95605,
                    40.68345
                ]
            },
            "properties": {
                "borough": "Brooklyn",
                "date_deployed": "2025-08-13T12:31:00Z",
                "date_down": null,
                "end_time": null,
                "fk_status": "visible",
                "flood_event_count": 0,
                "id": "personally-wondrous-antelope",
                "last_depth_inches": null,
                "last_flood_end_time": null,
                "last_flood_time": null,
                "last_measurement_time": null,
                "max_depth_inches_of_any_flood": null,
                "max_depth_inches_of_last_flood": null,
                "mounted_over": "sidewalk",
                "name": "BK - Putnam Ave / Franklin Ave",
                "neighborhood": "Bedford Stuyvesant",
                "sensor_mount": "streetsign-post",
                "start_time": "2025-08-13T12:31:00Z",
                "status": "offline"
            }
        },
        {
            "type": "Feature",
            "id": "bleakly-accurate-porpoise",
            "geometry": {
                "type": "Point",
                "coordinates": [
                    -73.975936667,
                    40.735872609
                ]
            },
            "properties": {
                "borough": "Manhattan",
                "date_deployed": "2025-10-10T11:02:00Z",
                "date_down": null,
                "end_time": null,
                "fk_status": "visible",
                "flood_event_count": 2,
                "id": "bleakly-accurate-porpoise",
                "last_depth_inches": 0,
                "last_flood_end_time": "2026-03-12T11:42:03.75Z",
                "last_flood_time": "2026-03-12T11:34:03.75Z",
                "last_measurement_time": "2026-05-06T16:10:00.085Z",
                "max_depth_inches_of_any_flood": 0.6299212598425198,
                "max_depth_inches_of_last_flood": 0.6299212598425198,
                "mounted_over": "sidewalk",
                "name": "M - E 23rd St/FDR Drive",
                "neighborhood": "Stuyvesant Town",
                "sensor_mount": "streetsign-post",
                "start_time": "2025-10-10T11:02:00Z",
                "status": "online"
            }
        },
        {
            "type": "Feature",
            "id": "helpful_empty_garden",
            "geometry": {
                "type": "Point",
                "coordinates": [
                    -73.789490883,
                    40.848093554
                ]
            },
            "properties": {
                "borough": "Bronx",
                "date_deployed": "2023-10-12T00:00:00Z",
                "date_down": null,
                "end_time": null,
                "fk_status": "visible",
                "flood_event_count": 13,
                "id": "helpful_empty_garden",
                "last_depth_inches": 0,
                "last_flood_end_time": "2025-12-02T22:27:42.31Z",
                "last_flood_time": "2025-12-02T19:15:42.35Z",
                "last_measurement_time": "2026-05-06T16:10:08.925Z",
                "max_depth_inches_of_any_flood": 9.251968503937011,
                "max_depth_inches_of_last_flood": 1.7322834645669292,
                "mounted_over": "sidewalk",
                "name": "BX - Tier St/William Ave",
                "neighborhood": "City Island",
                "sensor_mount": "streetsign post",
                "start_time": "2023-10-12T00:00:00Z",
                "status": "online"
            }
        },
        {
            "type": "Feature",
            "id": "hugely_divine_kid",
            "geometry": {
                "type": "Point",
                "coordinates": [
                    -73.950698532,
                    40.636159378
                ]
            },
            "properties": {
                "borough": "Brooklyn",
                "date_deployed": "2024-08-15T12:24:00Z",
                "date_down": null,
                "end_time": null,
                "fk_status": "visible",
                "flood_event_count": 2,
                "id": "hugely_divine_kid",
                "last_depth_inches": 0,
                "last_flood_end_time": "2026-03-12T12:00:29.052Z",
                "last_flood_time": "2026-03-12T11:48:29.015Z",
                "last_measurement_time": "2026-05-06T16:09:09.359Z",
                "max_depth_inches_of_any_flood": 0.7874015748031498,
                "max_depth_inches_of_last_flood": 0.5118110236220472,
                "mounted_over": "sidewalk",
                "name": "BK - Farragut Rd/Rogers Ave",
                "neighborhood": "Flatbush",
                "sensor_mount": "streetsign-post",
                "start_time": "2024-08-15T12:24:00Z",
                "status": "online"
            }
        },
        {
            "type": "Feature",
            "id": "doubtfully_popular_fawn",
            "geometry": {
                "type": "Point",
                "coordinates": [
                    -73.81424141,
                    40.74609591
                ]
            },
            "properties": {
                "borough": "Queens",
                "date_deployed": "2023-11-16T00:00:00Z",
                "date_down": null,
                "end_time": null,
                "fk_status": "visible",
                "flood_event_count": 2,
                "id": "doubtfully_popular_fawn",
                "last_depth_inches": 0,
                "last_flood_end_time": "2025-10-30T20:45:33.894Z",
                "last_flood_time": "2025-10-30T19:38:35.196Z",
                "last_measurement_time": "2026-05-06T16:10:21.23Z",
                "max_depth_inches_of_any_flood": 10.039370078740156,
                "max_depth_inches_of_last_flood": 10.039370078740156,
                "mounted_over": "sidewalk",
                "name": "Q - Kissena Blvd/ Rose Ave",
                "neighborhood": "Pomonok",
                "sensor_mount": "streetsign post ",
                "start_time": "2023-11-16T00:00:00Z",
                "status": "online"
            }
        },
        {
            "type": "Feature",
            "id": "helpless_teal_bulldog",
            "geometry": {
                "type": "Point",
                "coordinates": [
                    -73.9079266,
                    40.882314464
                ]
            },
            "properties": {
                "borough": "Bronx",
                "date_deployed": "2025-10-31T12:36:00Z",
                "date_down": null,
                "end_time": null,
                "fk_status": "visible",
                "flood_event_count": 0,
                "id": "helpless_teal_bulldog",
                "last_depth_inches": 0,
                "last_flood_end_time": null,
                "last_flood_time": null,
                "last_measurement_time": "2026-05-06T15:57:41.871Z",
                "max_depth_inches_of_any_flood": null,
                "max_depth_inches_of_last_flood": null,
                "mounted_over": "sidewalk",
                "name": "BX - W 232nd St/Irwin Ave",
                "neighborhood": "Bronx",
                "sensor_mount": "streetsign-post",
                "start_time": "2025-10-31T12:36:00Z",
                "status": "online"
            }
        },
        {
            "type": "Feature",
            "id": "honestly-unified-imp",
            "geometry": {
                "type": "Point",
                "coordinates": [
                    -73.839728147,
                    40.843943646
                ]
            },
            "properties": {
                "borough": "Bronx",
                "date_deployed": "2025-01-23T12:50:00Z",
                "date_down": null,
                "end_time": null,
                "fk_status": "visible",
                "flood_event_count": 0,
                "id": "honestly-unified-imp",
                "last_depth_inches": 0,
                "last_flood_end_time": null,
                "last_flood_time": null,
                "last_measurement_time": "2026-05-06T16:09:59.811Z",
                "max_depth_inches_of_any_flood": null,
                "max_depth_inches_of_last_flood": null,
                "mounted_over": "sidewalk",
                "name": "BX - Waters Pl/ Fink Ave",
                "neighborhood": "Morris Park",
                "sensor_mount": "streetsign-post",
                "start_time": "2025-01-23T12:50:00Z",
                "status": "online"
            }
        },
        {
            "type": "Feature",
            "id": "popular_white_mule",
            "geometry": {
                "type": "Point",
                "coordinates": [
                    -74.00807,
                    40.75026
                ]
            },
            "properties": {
                "borough": "Manhattan",
                "date_deployed": "2025-11-07T11:57:00Z",
                "date_down": null,
                "end_time": null,
                "fk_status": "visible",
                "flood_event_count": 0,
                "id": "popular_white_mule",
                "last_depth_inches": 0,
                "last_flood_end_time": null,
                "last_flood_time": null,
                "last_measurement_time": "2026-05-06T16:09:45.632Z",
                "max_depth_inches_of_any_flood": null,
                "max_depth_inches_of_last_flood": null,
                "mounted_over": "sidewalk",
                "name": "M - W 24th St/12th Ave",
                "neighborhood": "Chelsea",
                "sensor_mount": "streetsign-post",
                "start_time": "2025-11-07T11:57:00Z",
                "status": "online"
            }
        },
        {
            "type": "Feature",
            "id": "correctly-accurate-hyena",
            "geometry": {
                "type": "Point",
                "coordinates": [
                    -73.78276,
                    40.59285
                ]
            },
            "properties": {
                "borough": "Queens",
                "date_deployed": "2026-04-03T12:00:00Z",
                "date_down": null,
                "end_time": null,
                "fk_status": "visible",
                "flood_event_count": 0,
                "id": "correctly-accurate-hyena",
                "last_depth_inches": 0,
                "last_flood_end_time": null,
                "last_flood_time": null,
                "last_measurement_time": "2026-05-06T16:09:21.769Z",
                "max_depth_inches_of_any_flood": null,
                "max_depth_inches_of_last_flood": null,
                "mounted_over": "sidewalk",
                "name": "Q - Rockaway Bch Blvd/Bch 53rd St",
                "neighborhood": "Edgemere",
                "sensor_mount": "streetsign-post",
                "start_time": "2026-04-03T12:00:00Z",
                "status": "online"
            }
        },
        {
            "type": "Feature",
            "id": "mistakenly-flexible-chicken",
            "geometry": {
                "type": "Point",
                "coordinates": [
                    -73.78921,
                    40.59408
                ]
            },
            "properties": {
                "borough": "Queens",
                "date_deployed": "2026-04-03T12:00:00Z",
                "date_down": null,
                "end_time": null,
                "fk_status": "visible",
                "flood_event_count": 3,
                "id": "mistakenly-flexible-chicken",
                "last_depth_inches": 0,
                "last_flood_end_time": "2026-04-20T03:18:02.64Z",
                "last_flood_time": "2026-04-20T01:35:56.167Z",
                "last_measurement_time": "2026-05-06T16:09:54.359Z",
                "max_depth_inches_of_any_flood": 4.724409448818898,
                "max_depth_inches_of_last_flood": 4.015748031496064,
                "mounted_over": "sidewalk",
                "name": "Q - Beach Chn Dr/ Beach 59th St",
                "neighborhood": "Arverne",
                "sensor_mount": "utility-pole",
                "start_time": "2026-04-03T12:00:00Z",
                "status": "online"
            }
        },
        {
            "type": "Feature",
            "id": "old_blue_treefrog",
            "geometry": {
                "type": "Point",
                "coordinates": [
                    -74.160819437,
                    40.605167281
                ]
            },
            "properties": {
                "borough": "Staten Island",
                "date_deployed": "2025-10-24T12:12:00Z",
                "date_down": null,
                "end_time": null,
                "fk_status": "down",
                "flood_event_count": 0,
                "id": "old_blue_treefrog",
                "last_depth_inches": 0,
                "last_flood_end_time": null,
                "last_flood_time": null,
                "last_measurement_time": "2026-05-05T22:35:45.415Z",
                "max_depth_inches_of_any_flood": null,
                "max_depth_inches_of_last_flood": null,
                "mounted_over": "sidewalk",
                "name": "SI - Saybrook St/Croft Pl",
                "neighborhood": "Bulls Head",
                "sensor_mount": "streetsign-post",
                "start_time": "2025-10-24T12:12:00Z",
                "status": "offline"
            }
        },
        {
            "type": "Feature",
            "id": "blue_eyed_tiger",
            "geometry": {
                "type": "Point",
                "coordinates": [
                    -73.95459494,
                    40.70086017
                ]
            },
            "properties": {
                "borough": "Brooklyn",
                "date_deployed": "2023-03-09T00:00:00Z",
                "date_down": null,
                "end_time": null,
                "fk_status": "visible",
                "flood_event_count": 7,
                "id": "blue_eyed_tiger",
                "last_depth_inches": null,
                "last_flood_end_time": "2025-10-30T20:59:44.443Z",
                "last_flood_time": "2025-10-30T18:58:43.403Z",
                "last_measurement_time": null,
                "max_depth_inches_of_any_flood": 23.54330708661417,
                "max_depth_inches_of_last_flood": 16.77165354330709,
                "mounted_over": "sidewalk",
                "name": "BK - Lee Ave/Middleton St",
                "neighborhood": "Williamsburg",
                "sensor_mount": "streetsign post",
                "start_time": "2023-03-09T00:00:00Z",
                "status": "offline"
            }
        },
        {
            "type": "Feature",
            "id": "hugely_huge_bird",
            "geometry": {
                "type": "Point",
                "coordinates": [
                    -73.979800467,
                    40.722972687
                ]
            },
            "properties": {
                "borough": "Manhattan",
                "date_deployed": "2024-07-24T03:38:00Z",
                "date_down": null,
                "end_time": null,
                "fk_status": "visible",
                "flood_event_count": 0,
                "id": "hugely_huge_bird",
                "last_depth_inches": 0,
                "last_flood_end_time": null,
                "last_flood_time": null,
                "last_measurement_time": "2026-05-06T15:16:12.27Z",
                "max_depth_inches_of_any_flood": null,
                "max_depth_inches_of_last_flood": null,
                "mounted_over": "sidewalk",
                "name": "M - Avenue C/E 5th St",
                "neighborhood": "East Village",
                "sensor_mount": "streetsign-post",
                "start_time": "2024-07-24T03:38:00Z",
                "status": "online"
            }
        },
        {
            "type": "Feature",
            "id": "precisely-joint-dragon",
            "geometry": {
                "type": "Point",
                "coordinates": [
                    -73.93822,
                    40.68469
                ]
            },
            "properties": {
                "borough": "Brooklyn",
                "date_deployed": "2025-10-10T10:27:00Z",
                "date_down": null,
                "end_time": null,
                "fk_status": "visible",
                "flood_event_count": 1,
                "id": "precisely-joint-dragon",
                "last_depth_inches": null,
                "last_flood_end_time": "2026-03-12T04:25:23.414Z",
                "last_flood_time": "2026-03-12T04:08:23.414Z",
                "last_measurement_time": null,
                "max_depth_inches_of_any_flood": 0.5905511811023623,
                "max_depth_inches_of_last_flood": 0.5905511811023623,
                "mounted_over": "sidewalk",
                "name": "BK - Jefferson Ave/ Marcus Garvey Blvd",
                "neighborhood": "Bedford Stuyvesant",
                "sensor_mount": "streetsign-post",
                "start_time": "2025-10-10T10:27:00Z",
                "status": "offline"
            }
        },
        {
            "type": "Feature",
            "id": "noticeably-safe-swine",
            "geometry": {
                "type": "Point",
                "coordinates": [
                    -73.949350166,
                    40.728354533
                ]
            },
            "properties": {
                "borough": "Brooklyn",
                "date_deployed": "2025-07-24T12:00:00Z",
                "date_down": null,
                "end_time": null,
                "fk_status": "down",
                "flood_event_count": 1,
                "id": "noticeably-safe-swine",
                "last_depth_inches": 0,
                "last_flood_end_time": "2025-10-30T19:35:53.644Z",
                "last_flood_time": "2025-10-30T19:02:53.022Z",
                "last_measurement_time": "2026-05-06T16:10:33.203Z",
                "max_depth_inches_of_any_flood": 12.598425196850396,
                "max_depth_inches_of_last_flood": 12.598425196850396,
                "mounted_over": "sidewalk",
                "name": "BK - Newel Ave/ Meserole St",
                "neighborhood": "Greenpoint",
                "sensor_mount": "streetsign-post",
                "start_time": "2025-07-24T12:00:00Z",
                "status": "online"
            }
        },
        {
            "type": "Feature",
            "id": "obviously-trusting-aardvark",
            "geometry": {
                "type": "Point",
                "coordinates": [
                    -73.8342477,
                    40.8642614
                ]
            },
            "properties": {
                "borough": "Bronx",
                "date_deployed": "2025-01-23T02:30:00Z",
                "date_down": null,
                "end_time": null,
                "fk_status": "visible",
                "flood_event_count": 1,
                "id": "obviously-trusting-aardvark",
                "last_depth_inches": 0,
                "last_flood_end_time": "2025-08-14T01:31:04.461Z",
                "last_flood_time": "2025-08-13T23:35:04.268Z",
                "last_measurement_time": "2026-05-06T16:10:19.993Z",
                "max_depth_inches_of_any_flood": 4.52755905511811,
                "max_depth_inches_of_last_flood": 4.52755905511811,
                "mounted_over": "sidewalk",
                "name": "BX - E Gun Hill Rd/ Gunther Ave",
                "neighborhood": "Pelham Gardens",
                "sensor_mount": "streetsign-post",
                "start_time": "2025-01-23T02:30:00Z",
                "status": "online"
            }
        },
        {
            "type": "Feature",
            "id": "big_pink_elephant",
            "geometry": {
                "type": "Point",
                "coordinates": [
                    -73.828642,
                    40.6559075
                ]
            },
            "properties": {
                "borough": "Queens",
                "date_deployed": "2023-03-17T00:00:00Z",
                "date_down": null,
                "end_time": null,
                "fk_status": "visible",
                "flood_event_count": 46,
                "id": "big_pink_elephant",
                "last_depth_inches": 0,
                "last_flood_end_time": "2026-04-19T05:22:06.592Z",
                "last_flood_time": "2026-04-19T01:16:27.948Z",
                "last_measurement_time": "2026-05-06T16:10:29.293Z",
                "max_depth_inches_of_any_flood": 16.653543307086615,
                "max_depth_inches_of_last_flood": 12.244094488188974,
                "mounted_over": "sidewalk",
                "name": "Q - 1st St/104th St",
                "neighborhood": "Howard Beach",
                "sensor_mount": "streetsign post ",
                "start_time": "2023-03-17T00:00:00Z",
                "status": "online"
            }
        },
        {
            "type": "Feature",
            "id": "officially-immense-grub",
            "geometry": {
                "type": "Point",
                "coordinates": [
                    -73.7591,
                    40.75255
                ]
            },
            "properties": {
                "borough": "Queens",
                "date_deployed": "2025-09-11T12:00:00Z",
                "date_down": null,
                "end_time": null,
                "fk_status": "visible",
                "flood_event_count": 2,
                "id": "officially-immense-grub",
                "last_depth_inches": 0,
                "last_flood_end_time": "2025-10-31T07:25:21.191Z",
                "last_flood_time": "2025-10-31T02:34:22.191Z",
                "last_measurement_time": "2026-05-06T16:09:39.195Z",
                "max_depth_inches_of_any_flood": 21.929133858267715,
                "max_depth_inches_of_last_flood": 2.007874015748032,
                "mounted_over": "sidewalk",
                "name": "Q - 56th Ave/ Springfield Blvd",
                "neighborhood": "Oakland Gardens",
                "sensor_mount": "streetsign-post",
                "start_time": "2025-09-11T12:00:00Z",
                "status": "online"
            }
        },
        {
            "type": "Feature",
            "id": "nicely-emerging-escargot",
            "geometry": {
                "type": "Point",
                "coordinates": [
                    -73.920195,
                    40.684294
                ]
            },
            "properties": {
                "borough": "Brooklyn",
                "date_deployed": "2025-10-10T09:35:00Z",
                "date_down": null,
                "end_time": null,
                "fk_status": "visible",
                "flood_event_count": 0,
                "id": "nicely-emerging-escargot",
                "last_depth_inches": 0,
                "last_flood_end_time": null,
                "last_flood_time": null,
                "last_measurement_time": "2026-05-06T16:10:21.695Z",
                "max_depth_inches_of_any_flood": null,
                "max_depth_inches_of_last_flood": null,
                "mounted_over": "sidewalk",
                "name": "BK - Howard Ave/ Macon St",
                "neighborhood": "Bedford Stuyvesant",
                "sensor_mount": "streetsign-post",
                "start_time": "2025-10-10T09:35:00Z",
                "status": "online"
            }
        },
        {
            "type": "Feature",
            "id": "overly-notable-dory",
            "geometry": {
                "type": "Point",
                "coordinates": [
                    -73.95193,
                    40.74908
                ]
            },
            "properties": {
                "borough": "Queens",
                "date_deployed": "2025-07-24T12:00:00Z",
                "date_down": null,
                "end_time": null,
                "fk_status": "visible",
                "flood_event_count": 2,
                "id": "overly-notable-dory",
                "last_depth_inches": 0,
                "last_flood_end_time": "2026-03-12T04:55:21.461Z",
                "last_flood_time": "2026-03-12T04:11:21.465Z",
                "last_measurement_time": "2026-05-06T16:10:23.435Z",
                "max_depth_inches_of_any_flood": 3.7401574803149615,
                "max_depth_inches_of_last_flood": 0.7086614173228346,
                "mounted_over": "sidewalk",
                "name": "Q - 44th Dr/ Vernon Blvd",
                "neighborhood": "Hunters Point",
                "sensor_mount": "streetsign-post",
                "start_time": "2025-07-24T12:00:00Z",
                "status": "online"
            }
        },
        {
            "type": "Feature",
            "id": "pretty_violet_turkey",
            "geometry": {
                "type": "Point",
                "coordinates": [
                    -73.923884249,
                    40.864400808
                ]
            },
            "properties": {
                "borough": "Manhattan",
                "date_deployed": "2025-10-31T12:24:00Z",
                "date_down": null,
                "end_time": null,
                "fk_status": "visible",
                "flood_event_count": 0,
                "id": "pretty_violet_turkey",
                "last_depth_inches": 0,
                "last_flood_end_time": null,
                "last_flood_time": null,
                "last_measurement_time": "2026-05-06T15:22:06.168Z",
                "max_depth_inches_of_any_flood": null,
                "max_depth_inches_of_last_flood": null,
                "mounted_over": "sidewalk",
                "name": "M - Sherman Ave/Academy St",
                "neighborhood": "Inwood",
                "sensor_mount": "streetsign-post",
                "start_time": "2025-10-31T12:24:00Z",
                "status": "online"
            }
        },
        {
            "type": "Feature",
            "id": "poorly-faithful-pangolin",
            "geometry": {
                "type": "Point",
                "coordinates": [
                    -73.75812,
                    40.71765
                ]
            },
            "properties": {
                "borough": "Queens",
                "date_deployed": "2025-10-17T14:57:00Z",
                "date_down": "2025-10-23T12:00:00Z",
                "end_time": "2025-10-23T12:00:00Z",
                "fk_status": "visible",
                "flood_event_count": 0,
                "id": "poorly-faithful-pangolin",
                "last_depth_inches": null,
                "last_flood_end_time": null,
                "last_flood_time": null,
                "last_measurement_time": null,
                "max_depth_inches_of_any_flood": null,
                "max_depth_inches_of_last_flood": null,
                "mounted_over": "sidewalk",
                "name": "Q - 205th St/ 90th Ave",
                "neighborhood": "Hollis",
                "sensor_mount": "streetsign-post",
                "start_time": "2025-10-17T14:57:00Z",
                "status": "retired"
            }
        },
        {
            "type": "Feature",
            "id": "boring_olive_stingray",
            "geometry": {
                "type": "Point",
                "coordinates": [
                    -73.79308702,
                    40.69395022
                ]
            },
            "properties": {
                "borough": "Queens",
                "date_deployed": "2022-06-10T00:00:00Z",
                "date_down": "2023-09-21T12:00:00Z",
                "end_time": "2023-09-21T12:00:00Z",
                "fk_status": "retired",
                "flood_event_count": 0,
                "id": "boring_olive_stingray",
                "last_depth_inches": null,
                "last_flood_end_time": null,
                "last_flood_time": null,
                "last_measurement_time": null,
                "max_depth_inches_of_any_flood": null,
                "max_depth_inches_of_last_flood": null,
                "mounted_over": "sidewalk",
                "name": "Q - 159th St/109th Ave",
                "neighborhood": "South Jamaica",
                "sensor_mount": "streetsign post",
                "start_time": "2022-06-10T00:00:00Z",
                "status": "retired"
            }
        },
        {
            "type": "Feature",
            "id": "primarily-patient-mastiff",
            "geometry": {
                "type": "Point",
                "coordinates": [
                    -73.78986,
                    40.76193
                ]
            },
            "properties": {
                "borough": "Queens",
                "date_deployed": "2025-09-11T12:27:00Z",
                "date_down": null,
                "end_time": null,
                "fk_status": "visible",
                "flood_event_count": 1,
                "id": "primarily-patient-mastiff",
                "last_depth_inches": 0,
                "last_flood_end_time": "2025-10-30T20:15:50.195Z",
                "last_flood_time": "2025-10-30T19:52:50.195Z",
                "last_measurement_time": "2026-05-06T16:09:34.203Z",
                "max_depth_inches_of_any_flood": 6.220472440944884,
                "max_depth_inches_of_last_flood": 6.220472440944884,
                "mounted_over": "sidewalk",
                "name": "Q - 192nd St/ 39th Ave",
                "neighborhood": "Auburndale",
                "sensor_mount": "streetsign-post",
                "start_time": "2025-09-11T12:27:00Z",
                "status": "online"
            }
        },
        {
            "type": "Feature",
            "id": "simply-integral-guinea",
            "geometry": {
                "type": "Point",
                "coordinates": [
                    -73.78904,
                    40.59229
                ]
            },
            "properties": {
                "borough": "Queens",
                "date_deployed": "2026-04-03T12:00:00Z",
                "date_down": null,
                "end_time": null,
                "fk_status": "visible",
                "flood_event_count": 0,
                "id": "simply-integral-guinea",
                "last_depth_inches": 0,
                "last_flood_end_time": null,
                "last_flood_time": null,
                "last_measurement_time": "2026-05-06T16:09:00.515Z",
                "max_depth_inches_of_any_flood": null,
                "max_depth_inches_of_last_flood": null,
                "mounted_over": "sidewalk",
                "name": "Q - Beach 59th St/Rockaway Beach Blvd",
                "neighborhood": "Arverne",
                "sensor_mount": "streetsign-post",
                "start_time": "2026-04-03T12:00:00Z",
                "status": "online"
            }
        },
        {
            "type": "Feature",
            "id": "widely-just-bat",
            "geometry": {
                "type": "Point",
                "coordinates": [
                    -73.7992754,
                    40.7469421
                ]
            },
            "properties": {
                "borough": "Queens",
                "date_deployed": "2024-09-05T03:38:00Z",
                "date_down": null,
                "end_time": null,
                "fk_status": "visible",
                "flood_event_count": 0,
                "id": "widely-just-bat",
                "last_depth_inches": null,
                "last_flood_end_time": null,
                "last_flood_time": null,
                "last_measurement_time": null,
                "max_depth_inches_of_any_flood": null,
                "max_depth_inches_of_last_flood": null,
                "mounted_over": "sidewalk",
                "name": "Q - 169th St/Underhill Ave",
                "neighborhood": "Pomonok",
                "sensor_mount": "streetsign-post",
                "start_time": "2024-09-05T03:38:00Z",
                "status": "offline"
            }
        },
        {
            "type": "Feature",
            "id": "plastic_navy_swan",
            "geometry": {
                "type": "Point",
                "coordinates": [
                    -73.971223606,
                    40.648082837
                ]
            },
            "properties": {
                "borough": "Brooklyn",
                "date_deployed": "2025-09-18T14:08:00Z",
                "date_down": null,
                "end_time": null,
                "fk_status": "visible",
                "flood_event_count": 2,
                "id": "plastic_navy_swan",
                "last_depth_inches": 0,
                "last_flood_end_time": "2026-03-12T04:22:44.625Z",
                "last_flood_time": "2026-03-12T04:07:44.625Z",
                "last_measurement_time": "2026-05-06T16:08:57.035Z",
                "max_depth_inches_of_any_flood": 1.4173228346456692,
                "max_depth_inches_of_last_flood": 0.6692913385826771,
                "mounted_over": "sidewalk",
                "name": "BK - Coney Island Ave/Caton Ave",
                "neighborhood": "Kensington",
                "sensor_mount": "streetsign-post",
                "start_time": "2025-09-18T14:08:00Z",
                "status": "online"
            }
        },
        {
            "type": "Feature",
            "id": "properly-pro-wallaby",
            "geometry": {
                "type": "Point",
                "coordinates": [
                    -73.895838646,
                    40.664423182
                ]
            },
            "properties": {
                "borough": "Brooklyn",
                "date_deployed": "2026-03-06T12:58:00Z",
                "date_down": null,
                "end_time": null,
                "fk_status": "visible",
                "flood_event_count": 2,
                "id": "properly-pro-wallaby",
                "last_depth_inches": 0,
                "last_flood_end_time": "2026-03-12T12:09:14.878Z",
                "last_flood_time": "2026-03-12T11:46:14.878Z",
                "last_measurement_time": "2026-05-06T16:08:36.929Z",
                "max_depth_inches_of_any_flood": 0.9448818897637796,
                "max_depth_inches_of_last_flood": 0.8661417322834646,
                "mounted_over": "sidewalk",
                "name": "BK - Georgia Ave/ Livonia Ave ",
                "neighborhood": "East New York",
                "sensor_mount": "streetsign-post",
                "start_time": "2026-03-06T12:58:00Z",
                "status": "online"
            }
        },
        {
            "type": "Feature",
            "id": "presently-bursting-ghost",
            "geometry": {
                "type": "Point",
                "coordinates": [
                    -73.92834,
                    40.6793
                ]
            },
            "properties": {
                "borough": "Brooklyn",
                "date_deployed": "2025-10-10T10:09:00Z",
                "date_down": null,
                "end_time": null,
                "fk_status": "visible",
                "flood_event_count": 1,
                "id": "presently-bursting-ghost",
                "last_depth_inches": 0,
                "last_flood_end_time": "2025-10-31T00:42:00.894Z",
                "last_flood_time": "2025-10-30T19:13:02.894Z",
                "last_measurement_time": "2026-05-06T16:09:16.535Z",
                "max_depth_inches_of_any_flood": 15.629921259842519,
                "max_depth_inches_of_last_flood": 15.629921259842519,
                "mounted_over": "sidewalk",
                "name": "BK - Fulton St/ Malcom X Blvd",
                "neighborhood": "Bedford Stuyvesant",
                "sensor_mount": "streetsign-post",
                "start_time": "2025-10-10T10:09:00Z",
                "status": "online"
            }
        },
        {
            "type": "Feature",
            "id": "sensibly-relaxing-stork",
            "geometry": {
                "type": "Point",
                "coordinates": [
                    -73.88836798,
                    40.659197127
                ]
            },
            "properties": {
                "borough": "Brooklyn",
                "date_deployed": "2026-03-06T12:51:00Z",
                "date_down": null,
                "end_time": null,
                "fk_status": "visible",
                "flood_event_count": 2,
                "id": "sensibly-relaxing-stork",
                "last_depth_inches": 0,
                "last_flood_end_time": "2026-03-12T12:04:13.703Z",
                "last_flood_time": "2026-03-12T11:47:13.156Z",
                "last_measurement_time": "2026-05-05T19:17:40.191Z",
                "max_depth_inches_of_any_flood": 0.905511811023622,
                "max_depth_inches_of_last_flood": 0.7086614173228346,
                "mounted_over": "sidewalk",
                "name": "BK - Linden Blvd/Vermont St",
                "neighborhood": "New Lots",
                "sensor_mount": "streetsign-post",
                "start_time": "2026-03-06T12:51:00Z",
                "status": "offline"
            }
        },
        {
            "type": "Feature",
            "id": "thoroughly-settling-raven",
            "geometry": {
                "type": "Point",
                "coordinates": [
                    -73.926152,
                    40.7757889
                ]
            },
            "properties": {
                "borough": "Queens",
                "date_deployed": "2025-02-27T12:00:00Z",
                "date_down": null,
                "end_time": null,
                "fk_status": "visible",
                "flood_event_count": 0,
                "id": "thoroughly-settling-raven",
                "last_depth_inches": 0,
                "last_flood_end_time": null,
                "last_flood_time": null,
                "last_measurement_time": "2026-05-06T16:09:44.39Z",
                "max_depth_inches_of_any_flood": null,
                "max_depth_inches_of_last_flood": null,
                "mounted_over": "sidewalk",
                "name": "Q - Astoria Park/ 18th St",
                "neighborhood": "Astoria",
                "sensor_mount": "streetsign-post",
                "start_time": "2025-02-27T12:00:00Z",
                "status": "online"
            }
        },
        {
            "type": "Feature",
            "id": "repeatedly-quality-cardinal",
            "geometry": {
                "type": "Point",
                "coordinates": [
                    -73.909423,
                    40.766816
                ]
            },
            "properties": {
                "borough": "Queens",
                "date_deployed": "2025-02-27T12:00:00Z",
                "date_down": null,
                "end_time": null,
                "fk_status": "visible",
                "flood_event_count": 1,
                "id": "repeatedly-quality-cardinal",
                "last_depth_inches": 0,
                "last_flood_end_time": "2025-10-30T19:33:51.48Z",
                "last_flood_time": "2025-10-30T19:17:51.499Z",
                "last_measurement_time": "2026-05-06T16:08:57.203Z",
                "max_depth_inches_of_any_flood": 3.110236220472442,
                "max_depth_inches_of_last_flood": 3.110236220472442,
                "mounted_over": "sidewalk",
                "name": "Q - 25th Ave/ 43rd St",
                "neighborhood": "Astoria",
                "sensor_mount": "streetsign-post",
                "start_time": "2025-02-27T12:00:00Z",
                "status": "online"
            }
        },
        {
            "type": "Feature",
            "id": "rotten_black_cougar",
            "geometry": {
                "type": "Point",
                "coordinates": [
                    -73.90273,
                    40.84425
                ]
            },
            "properties": {
                "borough": "Bronx",
                "date_deployed": "2025-09-25T12:00:00Z",
                "date_down": null,
                "end_time": null,
                "fk_status": "visible",
                "flood_event_count": 0,
                "id": "rotten_black_cougar",
                "last_depth_inches": 0,
                "last_flood_end_time": null,
                "last_flood_time": null,
                "last_measurement_time": "2026-05-06T16:10:10.07Z",
                "max_depth_inches_of_any_flood": null,
                "max_depth_inches_of_last_flood": null,
                "mounted_over": "sidewalk",
                "name": "BX - Webster Ave/E 174th St",
                "neighborhood": "Mount Eden",
                "sensor_mount": "streetsign-post",
                "start_time": "2025-09-25T12:00:00Z",
                "status": "online"
            }
        },
        {
            "type": "Feature",
            "id": "probably-guided-quail",
            "geometry": {
                "type": "Point",
                "coordinates": [
                    -74.08485725,
                    40.618274907
                ]
            },
            "properties": {
                "borough": "Staten Island",
                "date_deployed": "2025-02-19T16:07:00Z",
                "date_down": null,
                "end_time": null,
                "fk_status": "visible",
                "flood_event_count": 0,
                "id": "probably-guided-quail",
                "last_depth_inches": 0,
                "last_flood_end_time": null,
                "last_flood_time": null,
                "last_measurement_time": "2026-05-06T16:09:05.351Z",
                "max_depth_inches_of_any_flood": null,
                "max_depth_inches_of_last_flood": null,
                "mounted_over": "sidewalk",
                "name": "SI - Targee St/Waverly Pl",
                "neighborhood": "Stapleton",
                "sensor_mount": "streetsign-post",
                "start_time": "2025-02-19T16:07:00Z",
                "status": "online"
            }
        },
        {
            "type": "Feature",
            "id": "probably-helped-tiger",
            "geometry": {
                "type": "Point",
                "coordinates": [
                    -73.914992684,
                    40.815088168
                ]
            },
            "properties": {
                "borough": "Bronx",
                "date_deployed": "2025-09-04T12:00:00Z",
                "date_down": null,
                "end_time": null,
                "fk_status": "visible",
                "flood_event_count": 0,
                "id": "probably-helped-tiger",
                "last_depth_inches": 0,
                "last_flood_end_time": null,
                "last_flood_time": null,
                "last_measurement_time": "2026-05-06T16:08:48.8Z",
                "max_depth_inches_of_any_flood": null,
                "max_depth_inches_of_last_flood": null,
                "mounted_over": "sidewalk",
                "name": "BX - Brook Ave / E 149th St",
                "neighborhood": "Mott Haven",
                "sensor_mount": "streetsign-post",
                "start_time": "2025-09-04T12:00:00Z",
                "status": "online"
            }
        },
        {
            "type": "Feature",
            "id": "selfish_blue_skunk",
            "geometry": {
                "type": "Point",
                "coordinates": [
                    -73.974964037,
                    40.630041842
                ]
            },
            "properties": {
                "borough": "Brooklyn",
                "date_deployed": "2025-09-18T14:20:00Z",
                "date_down": null,
                "end_time": null,
                "fk_status": "visible",
                "flood_event_count": 0,
                "id": "selfish_blue_skunk",
                "last_depth_inches": 0,
                "last_flood_end_time": null,
                "last_flood_time": null,
                "last_measurement_time": "2026-05-06T16:09:04.878Z",
                "max_depth_inches_of_any_flood": null,
                "max_depth_inches_of_last_flood": null,
                "mounted_over": "sidewalk",
                "name": "BK - Lawrence Ave/Seton Pl",
                "neighborhood": "Kensington",
                "sensor_mount": "streetsign-post",
                "start_time": "2025-09-18T14:20:00Z",
                "status": "online"
            }
        },
        {
            "type": "Feature",
            "id": "rationally-thankful-asp",
            "geometry": {
                "type": "Point",
                "coordinates": [
                    -73.89626,
                    40.90418
                ]
            },
            "properties": {
                "borough": "Bronx",
                "date_deployed": "2025-03-27T11:13:00Z",
                "date_down": null,
                "end_time": null,
                "fk_status": "visible",
                "flood_event_count": 0,
                "id": "rationally-thankful-asp",
                "last_depth_inches": 0,
                "last_flood_end_time": null,
                "last_flood_time": null,
                "last_measurement_time": "2026-05-06T16:10:12.691Z",
                "max_depth_inches_of_any_flood": null,
                "max_depth_inches_of_last_flood": null,
                "mounted_over": "sidewalk",
                "name": "BX - Broadway/Mosholu Ave",
                "neighborhood": "North Riverdale",
                "sensor_mount": "streetsign-post",
                "start_time": "2025-03-27T11:13:00Z",
                "status": "online"
            }
        },
        {
            "type": "Feature",
            "id": "apparently-darling-gecko",
            "geometry": {
                "type": "Point",
                "coordinates": [
                    -73.90585,
                    40.88326
                ]
            },
            "properties": {
                "borough": "Bronx",
                "date_deployed": "2025-03-27T11:01:00Z",
                "date_down": null,
                "end_time": null,
                "fk_status": "visible",
                "flood_event_count": 18,
                "id": "apparently-darling-gecko",
                "last_depth_inches": 0,
                "last_flood_end_time": "2026-04-30T09:26:24.811Z",
                "last_flood_time": "2026-04-30T03:22:25.894Z",
                "last_measurement_time": "2026-05-06T15:46:04.546Z",
                "max_depth_inches_of_any_flood": 1.4960629921259847,
                "max_depth_inches_of_last_flood": 1.377952755905512,
                "mounted_over": "sidewalk",
                "name": "BX - Tibbett Ave/W 234th St",
                "neighborhood": "Bronx",
                "sensor_mount": "streetsign-post",
                "start_time": "2025-03-27T11:01:00Z",
                "status": "online"
            }
        },
        {
            "type": "Feature",
            "id": "remotely-cunning-bullfrog",
            "geometry": {
                "type": "Point",
                "coordinates": [
                    -73.75595,
                    40.71147
                ]
            },
            "properties": {
                "borough": "Queens",
                "date_deployed": "2025-10-17T12:00:00Z",
                "date_down": null,
                "end_time": null,
                "fk_status": "visible",
                "flood_event_count": 2,
                "id": "remotely-cunning-bullfrog",
                "last_depth_inches": 0,
                "last_flood_end_time": "2026-03-16T21:14:46.871Z",
                "last_flood_time": "2026-03-16T04:29:46.835Z",
                "last_measurement_time": "2026-05-06T16:08:03.996Z",
                "max_depth_inches_of_any_flood": 23.346456692913385,
                "max_depth_inches_of_last_flood": 1.6535433070866141,
                "mounted_over": "sidewalk",
                "name": "Q - 204th St/ 100th Ave",
                "neighborhood": "Hollis",
                "sensor_mount": "streetsign-post",
                "start_time": "2025-10-17T12:00:00Z",
                "status": "online"
            }
        },
        {
            "type": "Feature",
            "id": "radically-fine-calf",
            "geometry": {
                "type": "Point",
                "coordinates": [
                    -73.93232,
                    40.7676908
                ]
            },
            "properties": {
                "borough": "Queens",
                "date_deployed": "2025-02-27T12:00:00Z",
                "date_down": null,
                "end_time": null,
                "fk_status": "visible",
                "flood_event_count": 2,
                "id": "radically-fine-calf",
                "last_depth_inches": 0,
                "last_flood_end_time": "2026-03-06T08:13:14.693Z",
                "last_flood_time": "2026-03-06T06:45:14.695Z",
                "last_measurement_time": "2026-05-06T16:04:03.128Z",
                "max_depth_inches_of_any_flood": 2.7165354330708658,
                "max_depth_inches_of_last_flood": 2.7165354330708658,
                "mounted_over": "sidewalk",
                "name": "Q - 14th St/ 31st Rd",
                "neighborhood": "Long Island City",
                "sensor_mount": "streetsign-post",
                "start_time": "2025-02-27T12:00:00Z",
                "status": "online"
            }
        },
        {
            "type": "Feature",
            "id": "asleep_apricot_bedbug",
            "geometry": {
                "type": "Point",
                "coordinates": [
                    -74.1510578,
                    40.61133023
                ]
            },
            "properties": {
                "borough": "Staten Island",
                "date_deployed": "2022-07-22T00:00:00Z",
                "date_down": null,
                "end_time": null,
                "fk_status": "visible",
                "flood_event_count": 2,
                "id": "asleep_apricot_bedbug",
                "last_depth_inches": 0,
                "last_flood_end_time": "2025-07-31T19:57:32.317Z",
                "last_flood_time": "2025-07-31T19:23:51.866Z",
                "last_measurement_time": "2026-05-06T16:10:34.369Z",
                "max_depth_inches_of_any_flood": 4.8425196850393695,
                "max_depth_inches_of_last_flood": 4.8425196850393695,
                "mounted_over": "sidewalk",
                "name": "SI - Willow Rd E/Nina Ave",
                "neighborhood": "Westerleigh",
                "sensor_mount": "streetsign post",
                "start_time": "2022-07-22T00:00:00Z",
                "status": "online"
            }
        },
        {
            "type": "Feature",
            "id": "gently_exotic_bunny",
            "geometry": {
                "type": "Point",
                "coordinates": [
                    -73.888023636,
                    40.667194905
                ]
            },
            "properties": {
                "borough": "Brooklyn",
                "date_deployed": "2024-08-23T03:38:00Z",
                "date_down": null,
                "end_time": null,
                "fk_status": "visible",
                "flood_event_count": 4,
                "id": "gently_exotic_bunny",
                "last_depth_inches": 0,
                "last_flood_end_time": "2026-03-12T12:03:30.042Z",
                "last_flood_time": "2026-03-12T11:50:30.496Z",
                "last_measurement_time": "2026-05-06T16:10:06.996Z",
                "max_depth_inches_of_any_flood": 10.196850393700789,
                "max_depth_inches_of_last_flood": 0.6299212598425198,
                "mounted_over": "sidewalk",
                "name": "BK - Dumont Ave/Hendrix St",
                "neighborhood": "East New York",
                "sensor_mount": "streetsign-post",
                "start_time": "2024-08-23T03:38:00Z",
                "status": "online"
            }
        },
        {
            "type": "Feature",
            "id": "quick_black_catfish",
            "geometry": {
                "type": "Point",
                "coordinates": [
                    -73.90265,
                    40.63931
                ]
            },
            "properties": {
                "borough": "Brooklyn",
                "date_deployed": "2025-10-31T12:00:00Z",
                "date_down": null,
                "end_time": null,
                "fk_status": "visible",
                "flood_event_count": 7,
                "id": "quick_black_catfish",
                "last_depth_inches": 0,
                "last_flood_end_time": "2026-04-26T01:58:02.329Z",
                "last_flood_time": "2026-04-25T23:11:03.299Z",
                "last_measurement_time": "2026-05-06T16:09:56.592Z",
                "max_depth_inches_of_any_flood": 1.3385826771653542,
                "max_depth_inches_of_last_flood": 0.8267716535433071,
                "mounted_over": "sidewalk",
                "name": "BK - E92nd St/ Ave J",
                "neighborhood": "Canarsie",
                "sensor_mount": "streetsign-post",
                "start_time": "2025-10-31T12:00:00Z",
                "status": "online"
            }
        },
        {
            "type": "Feature",
            "id": "notably-informed-seagull",
            "geometry": {
                "type": "Point",
                "coordinates": [
                    -73.79382,
                    40.59803
                ]
            },
            "properties": {
                "borough": "Queens",
                "date_deployed": "2026-04-03T12:00:00Z",
                "date_down": null,
                "end_time": null,
                "fk_status": "visible",
                "flood_event_count": 0,
                "id": "notably-informed-seagull",
                "last_depth_inches": 0,
                "last_flood_end_time": null,
                "last_flood_time": null,
                "last_measurement_time": "2026-05-06T16:10:14.875Z",
                "max_depth_inches_of_any_flood": null,
                "max_depth_inches_of_last_flood": null,
                "mounted_over": "sidewalk",
                "name": "Q - Beach 64th St/De Costa Ave",
                "neighborhood": "Somerville",
                "sensor_mount": "streetsign-post",
                "start_time": "2026-04-03T12:00:00Z",
                "status": "online"
            }
        },
        {
            "type": "Feature",
            "id": "slightly-one-longhorn",
            "geometry": {
                "type": "Point",
                "coordinates": [
                    -73.962457069,
                    40.68713705
                ]
            },
            "properties": {
                "borough": "Brooklyn",
                "date_deployed": "2025-08-13T12:42:00Z",
                "date_down": null,
                "end_time": null,
                "fk_status": "visible",
                "flood_event_count": 1,
                "id": "slightly-one-longhorn",
                "last_depth_inches": 0,
                "last_flood_end_time": "2025-10-30T20:02:01.195Z",
                "last_flood_time": "2025-10-30T19:00:01.191Z",
                "last_measurement_time": "2026-05-06T16:09:42.398Z",
                "max_depth_inches_of_any_flood": 17.5984251968504,
                "max_depth_inches_of_last_flood": 17.5984251968504,
                "mounted_over": "sidewalk",
                "name": "BK - Greene Ave / Grand Ave",
                "neighborhood": "Clinton Hill",
                "sensor_mount": "streetsign-post",
                "start_time": "2025-08-13T12:42:00Z",
                "status": "online"
            }
        },
        {
            "type": "Feature",
            "id": "socially-caring-sunbird",
            "geometry": {
                "type": "Point",
                "coordinates": [
                    -73.77576,
                    40.70549
                ]
            },
            "properties": {
                "borough": "Queens",
                "date_deployed": "2025-10-17T12:00:00Z",
                "date_down": null,
                "end_time": null,
                "fk_status": "visible",
                "flood_event_count": 1,
                "id": "socially-caring-sunbird",
                "last_depth_inches": null,
                "last_flood_end_time": "2025-10-30T20:45:48.199Z",
                "last_flood_time": "2025-10-30T19:58:49.191Z",
                "last_measurement_time": null,
                "max_depth_inches_of_any_flood": 19.960629921259844,
                "max_depth_inches_of_last_flood": 19.960629921259844,
                "mounted_over": "sidewalk",
                "name": "Q - Liberty Ave/ 183rd St",
                "neighborhood": "Saint Albans",
                "sensor_mount": "streetsign-post",
                "start_time": "2025-10-17T12:00:00Z",
                "status": "offline"
            }
        },
        {
            "type": "Feature",
            "id": "bright_black_quail",
            "geometry": {
                "type": "Point",
                "coordinates": [
                    -73.82525,
                    40.82035
                ]
            },
            "properties": {
                "borough": "Bronx",
                "date_deployed": "2025-10-24T12:00:00Z",
                "date_down": null,
                "end_time": null,
                "fk_status": "visible",
                "flood_event_count": 1,
                "id": "bright_black_quail",
                "last_depth_inches": 0,
                "last_flood_end_time": "2026-04-17T05:01:56.119Z",
                "last_flood_time": "2026-04-17T04:45:56.037Z",
                "last_measurement_time": "2026-05-06T16:10:24.286Z",
                "max_depth_inches_of_any_flood": 0.8267716535433071,
                "max_depth_inches_of_last_flood": 0.8267716535433071,
                "mounted_over": "sidewalk",
                "name": "BX - Dewey Ave/ Balcom Ave",
                "neighborhood": "Throgs Neck",
                "sensor_mount": "streetsign-post",
                "start_time": "2025-10-24T12:00:00Z",
                "status": "online"
            }
        },
        {
            "type": "Feature",
            "id": "simply-solid-cub",
            "geometry": {
                "type": "Point",
                "coordinates": [
                    -73.778412974,
                    40.736703144
                ]
            },
            "properties": {
                "borough": "Queens",
                "date_deployed": "2024-09-05T03:38:00Z",
                "date_down": null,
                "end_time": null,
                "fk_status": "visible",
                "flood_event_count": 1,
                "id": "simply-solid-cub",
                "last_depth_inches": 0,
                "last_flood_end_time": "2025-10-30T20:31:51.382Z",
                "last_flood_time": "2025-10-30T19:54:51.514Z",
                "last_measurement_time": "2026-05-06T16:08:53.398Z",
                "max_depth_inches_of_any_flood": 4.606299212598427,
                "max_depth_inches_of_last_flood": 4.606299212598427,
                "mounted_over": "sidewalk",
                "name": "Q - 69th Ave/195th Ln",
                "neighborhood": "Fresh Meadows",
                "sensor_mount": "streetsign-post",
                "start_time": "2024-09-05T03:38:00Z",
                "status": "online"
            }
        },
        {
            "type": "Feature",
            "id": "partially-related-wolf",
            "geometry": {
                "type": "Point",
                "coordinates": [
                    -74.119554243,
                    40.634293868
                ]
            },
            "properties": {
                "borough": "Staten Island",
                "date_deployed": "2025-02-19T16:37:00Z",
                "date_down": null,
                "end_time": null,
                "fk_status": "visible",
                "flood_event_count": 0,
                "id": "partially-related-wolf",
                "last_depth_inches": 0,
                "last_flood_end_time": null,
                "last_flood_time": null,
                "last_measurement_time": "2026-05-06T16:10:22.251Z",
                "max_depth_inches_of_any_flood": null,
                "max_depth_inches_of_last_flood": null,
                "mounted_over": "sidewalk",
                "name": "SI - Castleton Ave / Caroline St",
                "neighborhood": "West Brighton",
                "sensor_mount": "streetsign-post",
                "start_time": "2025-02-19T16:37:00Z",
                "status": "online"
            }
        },
        {
            "type": "Feature",
            "id": "inherently-hardy-dane",
            "geometry": {
                "type": "Point",
                "coordinates": [
                    -73.80083,
                    40.59335
                ]
            },
            "properties": {
                "borough": "Queens",
                "date_deployed": "2026-04-03T12:00:00Z",
                "date_down": null,
                "end_time": null,
                "fk_status": "visible",
                "flood_event_count": 0,
                "id": "inherently-hardy-dane",
                "last_depth_inches": 0,
                "last_flood_end_time": null,
                "last_flood_time": null,
                "last_measurement_time": "2026-05-06T16:08:53.687Z",
                "max_depth_inches_of_any_flood": null,
                "max_depth_inches_of_last_flood": null,
                "mounted_over": "sidewalk",
                "name": "Q - Gouveneur Ave/Beach 72nd St",
                "neighborhood": "Somerville",
                "sensor_mount": "streetsign-post",
                "start_time": "2026-04-03T12:00:00Z",
                "status": "online"
            }
        },
        {
            "type": "Feature",
            "id": "spotty_white_donkey",
            "geometry": {
                "type": "Point",
                "coordinates": [
                    -73.945762421,
                    40.727446866
                ]
            },
            "properties": {
                "borough": "Brooklyn",
                "date_deployed": "2025-08-29T11:34:00Z",
                "date_down": null,
                "end_time": null,
                "fk_status": "visible",
                "flood_event_count": 1,
                "id": "spotty_white_donkey",
                "last_depth_inches": 0,
                "last_flood_end_time": "2025-10-30T19:56:58.898Z",
                "last_flood_time": "2025-10-30T19:01:58.898Z",
                "last_measurement_time": "2026-05-06T16:10:25.675Z",
                "max_depth_inches_of_any_flood": 10.314960629921261,
                "max_depth_inches_of_last_flood": 10.314960629921261,
                "mounted_over": "sidewalk",
                "name": "BK - Humboldt St / Norman Ave",
                "neighborhood": "Greenpoint",
                "sensor_mount": "streetsign-post",
                "start_time": "2025-08-29T11:34:00Z",
                "status": "online"
            }
        },
        {
            "type": "Feature",
            "id": "spotty_brown_bobcat",
            "geometry": {
                "type": "Point",
                "coordinates": [
                    -74.016319987,
                    40.64974166
                ]
            },
            "properties": {
                "borough": "Brooklyn",
                "date_deployed": "2025-09-17T10:26:00Z",
                "date_down": null,
                "end_time": null,
                "fk_status": "visible",
                "flood_event_count": 2,
                "id": "spotty_brown_bobcat",
                "last_depth_inches": null,
                "last_flood_end_time": "2025-10-31T02:19:37.195Z",
                "last_flood_time": "2025-10-31T01:52:37.199Z",
                "last_measurement_time": null,
                "max_depth_inches_of_any_flood": 3.070866141732284,
                "max_depth_inches_of_last_flood": 1.377952755905512,
                "mounted_over": "sidewalk",
                "name": "BK - 2nd Ave/49th St",
                "neighborhood": "Sunset Park",
                "sensor_mount": "streetsign-post",
                "start_time": "2025-09-17T10:26:00Z",
                "status": "offline"
            }
        },
        {
            "type": "Feature",
            "id": "smooth_red_panda",
            "geometry": {
                "type": "Point",
                "coordinates": [
                    -73.99807526,
                    40.760791686
                ]
            },
            "properties": {
                "borough": "Manhattan",
                "date_deployed": "2025-11-07T12:09:00Z",
                "date_down": null,
                "end_time": null,
                "fk_status": "visible",
                "flood_event_count": 0,
                "id": "smooth_red_panda",
                "last_depth_inches": null,
                "last_flood_end_time": null,
                "last_flood_time": null,
                "last_measurement_time": null,
                "max_depth_inches_of_any_flood": null,
                "max_depth_inches_of_last_flood": null,
                "mounted_over": "sidewalk",
                "name": "M - W 42nd St/11th Ave",
                "neighborhood": "Hells Kitchen",
                "sensor_mount": "streetsign-post",
                "start_time": "2025-11-07T12:09:00Z",
                "status": "offline"
            }
        },
        {
            "type": "Feature",
            "id": "sincerely-grateful-kite",
            "geometry": {
                "type": "Point",
                "coordinates": [
                    -73.92155,
                    40.77293
                ]
            },
            "properties": {
                "borough": "Queens",
                "date_deployed": "2025-02-27T12:00:00Z",
                "date_down": null,
                "end_time": null,
                "fk_status": "visible",
                "flood_event_count": 1,
                "id": "sincerely-grateful-kite",
                "last_depth_inches": 0,
                "last_flood_end_time": "2025-10-30T19:48:54.768Z",
                "last_flood_time": "2025-10-30T19:12:55.77Z",
                "last_measurement_time": "2026-05-06T16:08:56.504Z",
                "max_depth_inches_of_any_flood": 4.1732283464566935,
                "max_depth_inches_of_last_flood": 4.1732283464566935,
                "mounted_over": "sidewalk",
                "name": "Q - Cresent St/ Hoyt Ave",
                "neighborhood": "Astoria",
                "sensor_mount": "streetsign-post",
                "start_time": "2025-02-27T12:00:00Z",
                "status": "online"
            }
        },
        {
            "type": "Feature",
            "id": "strictly-mutual-moray",
            "geometry": {
                "type": "Point",
                "coordinates": [
                    -73.857288164,
                    40.687854184
                ]
            },
            "properties": {
                "borough": "Queens",
                "date_deployed": "2025-03-13T12:00:00Z",
                "date_down": null,
                "end_time": null,
                "fk_status": "visible",
                "flood_event_count": 3,
                "id": "strictly-mutual-moray",
                "last_depth_inches": 0,
                "last_flood_end_time": "2026-03-12T12:03:40.286Z",
                "last_flood_time": "2026-03-12T11:55:40.196Z",
                "last_measurement_time": "2026-05-06T16:10:02.158Z",
                "max_depth_inches_of_any_flood": 3.4251968503937014,
                "max_depth_inches_of_last_flood": 0.5511811023622049,
                "mounted_over": "sidewalk",
                "name": "Q - 85th St/91st Ave",
                "neighborhood": "Woodhaven",
                "sensor_mount": "streetsign-post",
                "start_time": "2025-03-13T12:00:00Z",
                "status": "online"
            }
        },
        {
            "type": "Feature",
            "id": "duly_wanted_akita",
            "geometry": {
                "type": "Point",
                "coordinates": [
                    -73.865495029,
                    40.738400918
                ]
            },
            "properties": {
                "borough": "Queens",
                "date_deployed": "2024-08-14T13:00:00Z",
                "date_down": "2024-10-14T17:10:00Z",
                "end_time": "2024-10-14T17:10:00Z",
                "fk_status": "retired",
                "flood_event_count": 0,
                "id": "duly_wanted_akita",
                "last_depth_inches": null,
                "last_flood_end_time": null,
                "last_flood_time": null,
                "last_measurement_time": null,
                "max_depth_inches_of_any_flood": null,
                "max_depth_inches_of_last_flood": null,
                "mounted_over": "sidewalk",
                "name": "Q - 96th St/55th Ave",
                "neighborhood": "Lefrak City",
                "sensor_mount": "streetsign-post",
                "start_time": "2024-08-14T13:00:00Z",
                "status": "retired"
            }
        },
        {
            "type": "Feature",
            "id": "sincerely-kind-bass",
            "geometry": {
                "type": "Point",
                "coordinates": [
                    -73.9228409,
                    40.7639636
                ]
            },
            "properties": {
                "borough": "Queens",
                "date_deployed": "2025-02-27T12:00:00Z",
                "date_down": null,
                "end_time": null,
                "fk_status": "visible",
                "flood_event_count": 2,
                "id": "sincerely-kind-bass",
                "last_depth_inches": 0,
                "last_flood_end_time": "2025-10-30T20:35:15.567Z",
                "last_flood_time": "2025-10-30T19:11:16.217Z",
                "last_measurement_time": "2026-05-06T16:10:01.617Z",
                "max_depth_inches_of_any_flood": 11.535433070866143,
                "max_depth_inches_of_last_flood": 11.535433070866143,
                "mounted_over": "sidewalk",
                "name": "Q - 31st Ave/ 32nd St",
                "neighborhood": "Long Island City",
                "sensor_mount": "streetsign-post",
                "start_time": "2025-02-27T12:00:00Z",
                "status": "online"
            }
        },
        {
            "type": "Feature",
            "id": "swift_navy_otter",
            "geometry": {
                "type": "Point",
                "coordinates": [
                    -73.90755,
                    40.66125
                ]
            },
            "properties": {
                "borough": "Brooklyn",
                "date_deployed": "2025-10-31T12:00:00Z",
                "date_down": null,
                "end_time": null,
                "fk_status": "visible",
                "flood_event_count": 1,
                "id": "swift_navy_otter",
                "last_depth_inches": 0,
                "last_flood_end_time": "2026-03-12T04:44:56.154Z",
                "last_flood_time": "2026-03-12T04:07:57.197Z",
                "last_measurement_time": "2026-05-06T16:08:29.098Z",
                "max_depth_inches_of_any_flood": 0.905511811023622,
                "max_depth_inches_of_last_flood": 0.905511811023622,
                "mounted_over": "sidewalk",
                "name": "BK - Thatford Ave/ Riverdale Ave",
                "neighborhood": "Brownsville",
                "sensor_mount": "streetsign-post",
                "start_time": "2025-10-31T12:00:00Z",
                "status": "online"
            }
        },
        {
            "type": "Feature",
            "id": "tall_white_jellyfish",
            "geometry": {
                "type": "Point",
                "coordinates": [
                    -73.8876,
                    40.63781
                ]
            },
            "properties": {
                "borough": "Brooklyn",
                "date_deployed": "2025-10-31T12:00:00Z",
                "date_down": null,
                "end_time": null,
                "fk_status": "visible",
                "flood_event_count": 2,
                "id": "tall_white_jellyfish",
                "last_depth_inches": 0,
                "last_flood_end_time": "2026-03-12T12:13:43.881Z",
                "last_flood_time": "2026-03-12T12:00:43.384Z",
                "last_measurement_time": "2026-05-06T16:09:42.477Z",
                "max_depth_inches_of_any_flood": 1.4173228346456692,
                "max_depth_inches_of_last_flood": 0.6299212598425198,
                "mounted_over": "sidewalk",
                "name": "BK - E102nd St/ Ave N",
                "neighborhood": "Rugby",
                "sensor_mount": "streetsign-post",
                "start_time": "2025-10-31T12:00:00Z",
                "status": "online"
            }
        },
        {
            "type": "Feature",
            "id": "fairly_right_kiwi",
            "geometry": {
                "type": "Point",
                "coordinates": [
                    -73.889394533,
                    40.74751871
                ]
            },
            "properties": {
                "borough": "Queens",
                "date_deployed": "2024-08-22T11:18:00Z",
                "date_down": null,
                "end_time": null,
                "fk_status": "visible",
                "flood_event_count": 1,
                "id": "fairly_right_kiwi",
                "last_depth_inches": 0,
                "last_flood_end_time": "2026-03-12T05:03:11.854Z",
                "last_flood_time": "2026-03-12T04:20:11.218Z",
                "last_measurement_time": "2026-05-06T16:09:44.715Z",
                "max_depth_inches_of_any_flood": 0.5511811023622049,
                "max_depth_inches_of_last_flood": 0.5511811023622049,
                "mounted_over": "sidewalk",
                "name": "Q - 76th St/37th Rd",
                "neighborhood": "Jackson Heights",
                "sensor_mount": "streetsign-post",
                "start_time": "2024-08-22T11:18:00Z",
                "status": "online"
            }
        },
        {
            "type": "Feature",
            "id": "tricky_indigo_newt",
            "geometry": {
                "type": "Point",
                "coordinates": [
                    -73.94872,
                    40.73051
                ]
            },
            "properties": {
                "borough": "Brooklyn",
                "date_deployed": "2025-08-29T11:51:00Z",
                "date_down": null,
                "end_time": null,
                "fk_status": "visible",
                "flood_event_count": 0,
                "id": "tricky_indigo_newt",
                "last_depth_inches": null,
                "last_flood_end_time": null,
                "last_flood_time": null,
                "last_measurement_time": null,
                "max_depth_inches_of_any_flood": null,
                "max_depth_inches_of_last_flood": null,
                "mounted_over": "sidewalk",
                "name": "BK - Jewel St/ Greenpoint Ave",
                "neighborhood": "Greenpoint",
                "sensor_mount": "streetsign-post",
                "start_time": "2025-08-29T11:51:00Z",
                "status": "offline"
            }
        },
        {
            "type": "Feature",
            "id": "duly_exotic_collie",
            "geometry": {
                "type": "Point",
                "coordinates": [
                    -74.166351225,
                    40.560324853
                ]
            },
            "properties": {
                "borough": "Staten Island",
                "date_deployed": "2024-08-08T03:38:00Z",
                "date_down": null,
                "end_time": null,
                "fk_status": "visible",
                "flood_event_count": 14,
                "id": "duly_exotic_collie",
                "last_depth_inches": 0,
                "last_flood_end_time": "2026-04-19T02:54:16.334Z",
                "last_flood_time": "2026-04-19T01:27:16.312Z",
                "last_measurement_time": "2026-05-06T16:04:25.379Z",
                "max_depth_inches_of_any_flood": 11.929133858267717,
                "max_depth_inches_of_last_flood": 5.039370078740158,
                "mounted_over": "sidewalk",
                "name": "SI - Ridgewood Ave/Arthur Kill Rd",
                "neighborhood": "Eltingville",
                "sensor_mount": "streetsign-post",
                "start_time": "2024-08-08T03:38:00Z",
                "status": "online"
            }
        },
        {
            "type": "Feature",
            "id": "humbly_aware_rabbit",
            "geometry": {
                "type": "Point",
                "coordinates": [
                    -73.882366215,
                    40.825626031
                ]
            },
            "properties": {
                "borough": "Bronx",
                "date_deployed": "2024-07-18T03:38:00Z",
                "date_down": null,
                "end_time": null,
                "fk_status": "visible",
                "flood_event_count": 0,
                "id": "humbly_aware_rabbit",
                "last_depth_inches": 0,
                "last_flood_end_time": null,
                "last_flood_time": null,
                "last_measurement_time": "2026-05-06T16:10:10.732Z",
                "max_depth_inches_of_any_flood": null,
                "max_depth_inches_of_last_flood": null,
                "mounted_over": "sidewalk",
                "name": "BX - Watson Ave/Close Ave",
                "neighborhood": "Soundview-Bruckner",
                "sensor_mount": "streetsign-post",
                "start_time": "2024-07-18T03:38:00Z",
                "status": "online"
            }
        },
        {
            "type": "Feature",
            "id": "tiny_blue_impala",
            "geometry": {
                "type": "Point",
                "coordinates": [
                    -73.85064,
                    40.90155
                ]
            },
            "properties": {
                "borough": "Bronx",
                "date_deployed": "2025-10-24T12:00:00Z",
                "date_down": null,
                "end_time": null,
                "fk_status": "visible",
                "flood_event_count": 1,
                "id": "tiny_blue_impala",
                "last_depth_inches": null,
                "last_flood_end_time": "2025-10-30T19:40:31.699Z",
                "last_flood_time": "2025-10-30T19:33:31.699Z",
                "last_measurement_time": null,
                "max_depth_inches_of_any_flood": 1.2992125984251968,
                "max_depth_inches_of_last_flood": 1.2992125984251968,
                "mounted_over": "sidewalk",
                "name": "BX - Furman Ave/ E240th St",
                "neighborhood": "Wakefield",
                "sensor_mount": "streetsign-post",
                "start_time": "2025-10-24T12:00:00Z",
                "status": "offline"
            }
        },
        {
            "type": "Feature",
            "id": "truly-moved-eft",
            "geometry": {
                "type": "Point",
                "coordinates": [
                    -73.858546265,
                    40.872996471
                ]
            },
            "properties": {
                "borough": "Bronx",
                "date_deployed": "2025-03-27T12:36:00Z",
                "date_down": null,
                "end_time": null,
                "fk_status": "visible",
                "flood_event_count": 0,
                "id": "truly-moved-eft",
                "last_depth_inches": 0,
                "last_flood_end_time": null,
                "last_flood_time": null,
                "last_measurement_time": "2026-05-06T16:10:27.593Z",
                "max_depth_inches_of_any_flood": null,
                "max_depth_inches_of_last_flood": null,
                "mounted_over": "sidewalk",
                "name": "BX - Duncan St/Paulding Ave",
                "neighborhood": "Olinville",
                "sensor_mount": "streetsign-post",
                "start_time": "2025-03-27T12:36:00Z",
                "status": "online"
            }
        },
        {
            "type": "Feature",
            "id": "separately-vast-tapir",
            "geometry": {
                "type": "Point",
                "coordinates": [
                    -73.831945494,
                    40.658289809
                ]
            },
            "properties": {
                "borough": "Queens",
                "date_deployed": "2026-04-03T12:00:00Z",
                "date_down": null,
                "end_time": null,
                "fk_status": "visible",
                "flood_event_count": 2,
                "id": "separately-vast-tapir",
                "last_depth_inches": 0,
                "last_flood_end_time": "2026-04-18T01:25:07.937Z",
                "last_flood_time": "2026-04-18T00:15:08.843Z",
                "last_measurement_time": "2026-05-06T16:09:30.351Z",
                "max_depth_inches_of_any_flood": 2.6771653543307083,
                "max_depth_inches_of_last_flood": 2.6771653543307083,
                "mounted_over": "sidewalk",
                "name": "Q - 101st St/160th Ave",
                "neighborhood": "Howard Beach",
                "sensor_mount": "streetsign-post",
                "start_time": "2026-04-03T12:00:00Z",
                "status": "online"
            }
        },
        {
            "type": "Feature",
            "id": "tender_white_deer",
            "geometry": {
                "type": "Point",
                "coordinates": [
                    -73.9722392,
                    40.650530589
                ]
            },
            "properties": {
                "borough": "Brooklyn",
                "date_deployed": "2025-09-18T13:59:00Z",
                "date_down": null,
                "end_time": null,
                "fk_status": "visible",
                "flood_event_count": 1,
                "id": "tender_white_deer",
                "last_depth_inches": 0,
                "last_flood_end_time": "2025-10-30T19:18:23.699Z",
                "last_flood_time": "2025-10-30T19:06:24.699Z",
                "last_measurement_time": "2026-05-06T16:09:14.468Z",
                "max_depth_inches_of_any_flood": 1.5748031496062995,
                "max_depth_inches_of_last_flood": 1.5748031496062995,
                "mounted_over": "sidewalk",
                "name": "BK - Coney Island Ave/Park Circle ",
                "neighborhood": "Kensington",
                "sensor_mount": "streetsign-post",
                "start_time": "2025-09-18T13:59:00Z",
                "status": "online"
            }
        },
        {
            "type": "Feature",
            "id": "strong_red_snake",
            "geometry": {
                "type": "Point",
                "coordinates": [
                    -73.948540518,
                    40.803292249
                ]
            },
            "properties": {
                "borough": "Manhattan",
                "date_deployed": "2025-09-19T12:16:00Z",
                "date_down": null,
                "end_time": null,
                "fk_status": "visible",
                "flood_event_count": 0,
                "id": "strong_red_snake",
                "last_depth_inches": 0,
                "last_flood_end_time": null,
                "last_flood_time": null,
                "last_measurement_time": "2026-05-06T16:09:54.417Z",
                "max_depth_inches_of_any_flood": null,
                "max_depth_inches_of_last_flood": null,
                "mounted_over": "sidewalk",
                "name": "M - 118th St/ Malcolm X Blvd",
                "neighborhood": "Central Harlem",
                "sensor_mount": "streetsign-post",
                "start_time": "2025-09-19T12:16:00Z",
                "status": "online"
            }
        },
        {
            "type": "Feature",
            "id": "severely-premium-stingray",
            "geometry": {
                "type": "Point",
                "coordinates": [
                    -73.81419,
                    40.58759
                ]
            },
            "properties": {
                "borough": "Queens",
                "date_deployed": "2026-04-03T12:00:00Z",
                "date_down": null,
                "end_time": null,
                "fk_status": "visible",
                "flood_event_count": 1,
                "id": "severely-premium-stingray",
                "last_depth_inches": 0,
                "last_flood_end_time": "2026-04-19T15:09:13.339Z",
                "last_flood_time": "2026-04-19T01:30:30.847Z",
                "last_measurement_time": "2026-05-06T16:08:47.125Z",
                "max_depth_inches_of_any_flood": 5.708661417322835,
                "max_depth_inches_of_last_flood": 5.708661417322835,
                "mounted_over": "sidewalk",
                "name": "Q - Beach 90th St/ Rockaway Fwy",
                "neighborhood": "Seaside",
                "sensor_mount": "streetsign-post",
                "start_time": "2026-04-03T12:00:00Z",
                "status": "online"
            }
        },
        {
            "type": "Feature",
            "id": "tidy_green_gecko",
            "geometry": {
                "type": "Point",
                "coordinates": [
                    -73.856048464,
                    40.846488226
                ]
            },
            "properties": {
                "borough": "Bronx",
                "date_deployed": "2025-09-25T11:22:00Z",
                "date_down": null,
                "end_time": null,
                "fk_status": "down",
                "flood_event_count": 0,
                "id": "tidy_green_gecko",
                "last_depth_inches": 0,
                "last_flood_end_time": null,
                "last_flood_time": null,
                "last_measurement_time": "2026-05-06T16:09:27.109Z",
                "max_depth_inches_of_any_flood": null,
                "max_depth_inches_of_last_flood": null,
                "mounted_over": "sidewalk",
                "name": "BX - Radcliffe Ave/Van Nest Ave",
                "neighborhood": "Morris Park",
                "sensor_mount": "streetsign-post",
                "start_time": "2025-09-25T11:22:00Z",
                "status": "online"
            }
        },
        {
            "type": "Feature",
            "id": "hugely-live-hermit",
            "geometry": {
                "type": "Point",
                "coordinates": [
                    -73.924021,
                    40.832216
                ]
            },
            "properties": {
                "borough": "Bronx",
                "date_deployed": "2024-08-22T11:35:00Z",
                "date_down": "2025-10-24T12:00:00Z",
                "end_time": "2025-10-24T12:00:00Z",
                "fk_status": "retired",
                "flood_event_count": 0,
                "id": "hugely-live-hermit",
                "last_depth_inches": null,
                "last_flood_end_time": null,
                "last_flood_time": null,
                "last_measurement_time": null,
                "max_depth_inches_of_any_flood": null,
                "max_depth_inches_of_last_flood": null,
                "mounted_over": "sidewalk",
                "name": "BX - E 165th St/River Ave",
                "neighborhood": "West Concourse",
                "sensor_mount": "streetsign-post",
                "start_time": "2024-08-22T11:35:00Z",
                "status": "retired"
            }
        },
        {
            "type": "Feature",
            "id": "uniformly-choice-grackle",
            "geometry": {
                "type": "Point",
                "coordinates": [
                    -73.9372876,
                    40.767149
                ]
            },
            "properties": {
                "borough": "Queens",
                "date_deployed": "2025-02-27T12:00:00Z",
                "date_down": null,
                "end_time": null,
                "fk_status": "visible",
                "flood_event_count": 3,
                "id": "uniformly-choice-grackle",
                "last_depth_inches": 0,
                "last_flood_end_time": "2025-10-30T20:01:23.589Z",
                "last_flood_time": "2025-10-30T19:04:23.597Z",
                "last_measurement_time": "2026-05-06T16:07:32.317Z",
                "max_depth_inches_of_any_flood": 9.881889763779528,
                "max_depth_inches_of_last_flood": 9.881889763779528,
                "mounted_over": "sidewalk",
                "name": "Q - 10th St/ Vernon Blvd",
                "neighborhood": "Long Island City",
                "sensor_mount": "streetsign-post",
                "start_time": "2025-02-27T12:00:00Z",
                "status": "online"
            }
        },
        {
            "type": "Feature",
            "id": "unlucky_white_wolverine",
            "geometry": {
                "type": "Point",
                "coordinates": [
                    -73.809928489,
                    40.591699393
                ]
            },
            "properties": {
                "borough": "Queens",
                "date_deployed": "2025-10-29T16:56:00Z",
                "date_down": null,
                "end_time": null,
                "fk_status": "visible",
                "flood_event_count": 55,
                "id": "unlucky_white_wolverine",
                "last_depth_inches": 0,
                "last_flood_end_time": "2026-05-03T02:15:15.433Z",
                "last_flood_time": "2026-05-03T00:59:15.472Z",
                "last_measurement_time": "2026-05-06T16:10:15.507Z",
                "max_depth_inches_of_any_flood": 20.669291338582678,
                "max_depth_inches_of_last_flood": 1.6929133858267715,
                "mounted_over": "sidewalk",
                "name": "Q - Beach 84 St (2)",
                "neighborhood": "Seaside",
                "sensor_mount": "utility-pole",
                "start_time": "2025-10-29T16:56:00Z",
                "status": "online"
            }
        },
        {
            "type": "Feature",
            "id": "widely-tidy-narwhal",
            "geometry": {
                "type": "Point",
                "coordinates": [
                    -73.85923,
                    40.57655
                ]
            },
            "properties": {
                "borough": "Queens",
                "date_deployed": "2024-07-18T03:38:37.585543Z",
                "date_down": null,
                "end_time": null,
                "fk_status": "visible",
                "flood_event_count": 0,
                "id": "widely-tidy-narwhal",
                "last_depth_inches": 0,
                "last_flood_end_time": null,
                "last_flood_time": null,
                "last_measurement_time": "2026-05-06T16:09:13.957Z",
                "max_depth_inches_of_any_flood": null,
                "max_depth_inches_of_last_flood": null,
                "mounted_over": "sidewalk",
                "name": "Q - Beach 140th St/Cronston Ave",
                "neighborhood": "Belle Harbor",
                "sensor_mount": "streetsign-post",
                "start_time": "2024-07-18T03:38:37.585543Z",
                "status": "online"
            }
        },
        {
            "type": "Feature",
            "id": "unlucky_gold_bird",
            "geometry": {
                "type": "Point",
                "coordinates": [
                    -73.958258847,
                    40.618491144
                ]
            },
            "properties": {
                "borough": "Brooklyn",
                "date_deployed": "2025-09-18T14:26:00Z",
                "date_down": null,
                "end_time": null,
                "fk_status": "visible",
                "flood_event_count": 0,
                "id": "unlucky_gold_bird",
                "last_depth_inches": null,
                "last_flood_end_time": null,
                "last_flood_time": null,
                "last_measurement_time": null,
                "max_depth_inches_of_any_flood": null,
                "max_depth_inches_of_last_flood": null,
                "mounted_over": "sidewalk",
                "name": "BK - E 17th St/Elm Ave",
                "neighborhood": "Midwood",
                "sensor_mount": "streetsign-post",
                "start_time": "2025-09-18T14:26:00Z",
                "status": "offline"
            }
        },
        {
            "type": "Feature",
            "id": "verbally-novel-marten",
            "geometry": {
                "type": "Point",
                "coordinates": [
                    -74.011230974,
                    40.701836166
                ]
            },
            "properties": {
                "borough": "Manhattan",
                "date_deployed": "2025-08-22T12:00:00Z",
                "date_down": null,
                "end_time": null,
                "fk_status": "visible",
                "flood_event_count": 2,
                "id": "verbally-novel-marten",
                "last_depth_inches": 0,
                "last_flood_end_time": "2026-03-12T11:22:17.832Z",
                "last_flood_time": "2026-03-12T10:58:17.832Z",
                "last_measurement_time": "2026-05-06T16:08:43.937Z",
                "max_depth_inches_of_any_flood": 0.7086614173228346,
                "max_depth_inches_of_last_flood": 0.7086614173228346,
                "mounted_over": "sidewalk",
                "name": " M - Broad St/South St",
                "neighborhood": "Financial District",
                "sensor_mount": "streetsign-post",
                "start_time": "2025-08-22T12:00:00Z",
                "status": "online"
            }
        },
        {
            "type": "Feature",
            "id": "vertically-allowing-monkey",
            "geometry": {
                "type": "Point",
                "coordinates": [
                    -73.895363846,
                    40.885641804
                ]
            },
            "properties": {
                "borough": "Bronx",
                "date_deployed": "2025-03-27T11:24:00Z",
                "date_down": null,
                "end_time": null,
                "fk_status": "visible",
                "flood_event_count": 0,
                "id": "vertically-allowing-monkey",
                "last_depth_inches": 0,
                "last_flood_end_time": null,
                "last_flood_time": null,
                "last_measurement_time": "2026-05-06T16:08:46.168Z",
                "max_depth_inches_of_any_flood": null,
                "max_depth_inches_of_last_flood": null,
                "mounted_over": "sidewalk",
                "name": "BX - Van Cortlandt Park S/Bailey Ave",
                "neighborhood": "Bronx",
                "sensor_mount": "streetsign-post",
                "start_time": "2025-03-27T11:24:00Z",
                "status": "online"
            }
        },
        {
            "type": "Feature",
            "id": "loudly-warm-rhino",
            "geometry": {
                "type": "Point",
                "coordinates": [
                    -73.981874004,
                    40.683326856
                ]
            },
            "properties": {
                "borough": "Brooklyn",
                "date_deployed": "2025-08-13T12:48:00Z",
                "date_down": null,
                "end_time": null,
                "fk_status": "visible",
                "flood_event_count": 0,
                "id": "loudly-warm-rhino",
                "last_depth_inches": 0,
                "last_flood_end_time": null,
                "last_flood_time": null,
                "last_measurement_time": "2026-05-06T15:50:02.894Z",
                "max_depth_inches_of_any_flood": null,
                "max_depth_inches_of_last_flood": null,
                "mounted_over": "sidewalk",
                "name": "BK - Bergen St / 3rd Ave",
                "neighborhood": "Boerum Hill",
                "sensor_mount": "streetsign-post",
                "start_time": "2025-08-13T12:48:00Z",
                "status": "online"
            }
        },
        {
            "type": "Feature",
            "id": "carefully-new-lion",
            "geometry": {
                "type": "Point",
                "coordinates": [
                    -73.94103149,
                    40.682874037
                ]
            },
            "properties": {
                "borough": "Brooklyn",
                "date_deployed": "2025-10-10T12:19:00Z",
                "date_down": null,
                "end_time": null,
                "fk_status": "down",
                "flood_event_count": 2,
                "id": "carefully-new-lion",
                "last_depth_inches": 0,
                "last_flood_end_time": "2026-03-12T04:24:11.941Z",
                "last_flood_time": "2026-03-12T04:06:11.808Z",
                "last_measurement_time": "2026-05-06T14:43:21.082Z",
                "max_depth_inches_of_any_flood": 16.61417322834646,
                "max_depth_inches_of_last_flood": 0.5511811023622049,
                "mounted_over": "sidewalk",
                "name": "BK - Halsey St/ Throop Ave",
                "neighborhood": "Bedford Stuyvesant",
                "sensor_mount": "streetsign-post",
                "start_time": "2025-10-10T12:19:00Z",
                "status": "online"
            }
        },
        {
            "type": "Feature",
            "id": "firmly-fitting-marlin",
            "geometry": {
                "type": "Point",
                "coordinates": [
                    -73.96116,
                    40.776
                ]
            },
            "properties": {
                "borough": "Manhattan",
                "date_deployed": "2025-02-27T12:00:00Z",
                "date_down": null,
                "end_time": null,
                "fk_status": "visible",
                "flood_event_count": 3,
                "id": "firmly-fitting-marlin",
                "last_depth_inches": 0,
                "last_flood_end_time": "2026-03-12T11:28:17.747Z",
                "last_flood_time": "2026-03-12T10:50:17.717Z",
                "last_measurement_time": "2026-05-06T15:41:09.375Z",
                "max_depth_inches_of_any_flood": 0.7480314960629924,
                "max_depth_inches_of_last_flood": 0.7480314960629924,
                "mounted_over": "sidewalk",
                "name": "M - E 79th St/ Park Ave",
                "neighborhood": "Upper East Side",
                "sensor_mount": "streetsign-post",
                "start_time": "2025-02-27T12:00:00Z",
                "status": "online"
            }
        },
        {
            "type": "Feature",
            "id": "extremely-discrete-gull",
            "geometry": {
                "type": "Point",
                "coordinates": [
                    -73.76662,
                    40.71099
                ]
            },
            "properties": {
                "borough": "Queens",
                "date_deployed": "2025-10-17T12:00:00Z",
                "date_down": null,
                "end_time": null,
                "fk_status": "visible",
                "flood_event_count": 1,
                "id": "extremely-discrete-gull",
                "last_depth_inches": 0,
                "last_flood_end_time": "2025-10-30T21:11:39.699Z",
                "last_flood_time": "2025-10-30T19:53:39.699Z",
                "last_measurement_time": "2026-05-06T16:09:13.929Z",
                "max_depth_inches_of_any_flood": 19.173228346456693,
                "max_depth_inches_of_last_flood": 19.173228346456693,
                "mounted_over": "sidewalk",
                "name": "Q - Woodhull Ave/ 193rd St",
                "neighborhood": "Hollis",
                "sensor_mount": "streetsign-post",
                "start_time": "2025-10-17T12:00:00Z",
                "status": "online"
            }
        },
        {
            "type": "Feature",
            "id": "grumpy_white_newt",
            "geometry": {
                "type": "Point",
                "coordinates": [
                    -74.006924631,
                    40.75370408
                ]
            },
            "properties": {
                "borough": "Manhattan",
                "date_deployed": "2025-11-07T12:01:00Z",
                "date_down": null,
                "end_time": null,
                "fk_status": "visible",
                "flood_event_count": 2,
                "id": "grumpy_white_newt",
                "last_depth_inches": 0,
                "last_flood_end_time": "2026-03-12T11:09:17.976Z",
                "last_flood_time": "2026-03-12T10:48:17.976Z",
                "last_measurement_time": "2026-05-06T16:10:02.894Z",
                "max_depth_inches_of_any_flood": 0.8267716535433071,
                "max_depth_inches_of_last_flood": 0.5511811023622049,
                "mounted_over": "sidewalk",
                "name": "M - W 29th St/12th Ave",
                "neighborhood": "Clinton",
                "sensor_mount": "streetsign-post",
                "start_time": "2025-11-07T12:01:00Z",
                "status": "online"
            }
        },
        {
            "type": "Feature",
            "id": "daily_expert_whale",
            "geometry": {
                "type": "Point",
                "coordinates": [
                    -74.00833295,
                    40.648416936
                ]
            },
            "properties": {
                "borough": "Brooklyn",
                "date_deployed": "2024-04-18T00:00:00Z",
                "date_down": "2024-12-20T12:00:00Z",
                "end_time": "2024-12-20T12:00:00Z",
                "fk_status": "retired",
                "flood_event_count": 0,
                "id": "daily_expert_whale",
                "last_depth_inches": null,
                "last_flood_end_time": null,
                "last_flood_time": null,
                "last_measurement_time": null,
                "max_depth_inches_of_any_flood": null,
                "max_depth_inches_of_last_flood": null,
                "mounted_over": "sidewalk",
                "name": "BK - 45th St/5th Ave",
                "neighborhood": "Sunset Park",
                "sensor_mount": "streetsign post",
                "start_time": "2024-04-18T00:00:00Z",
                "status": "retired"
            }
        },
        {
            "type": "Feature",
            "id": "mind_deal_ensure",
            "geometry": {
                "type": "Point",
                "coordinates": [
                    -73.7464348,
                    40.6525897
                ]
            },
            "properties": {
                "borough": "Queens",
                "date_deployed": "2023-06-22T00:00:00Z",
                "date_down": "2025-08-21T12:00:00Z",
                "end_time": "2025-08-21T12:00:00Z",
                "fk_status": "retired",
                "flood_event_count": 0,
                "id": "mind_deal_ensure",
                "last_depth_inches": null,
                "last_flood_end_time": null,
                "last_flood_time": null,
                "last_measurement_time": null,
                "max_depth_inches_of_any_flood": null,
                "max_depth_inches_of_last_flood": null,
                "mounted_over": "sidewalk",
                "name": "Q - 149th Ave/ Brookville Blvd",
                "neighborhood": "Rosedale",
                "sensor_mount": "streetsign post",
                "start_time": "2023-06-22T00:00:00Z",
                "status": "retired"
            }
        },
        {
            "type": "Feature",
            "id": "violently-emerging-oyster",
            "geometry": {
                "type": "Point",
                "coordinates": [
                    -73.878688476,
                    40.685681679
                ]
            },
            "properties": {
                "borough": "Brooklyn",
                "date_deployed": "2025-03-13T14:50:00Z",
                "date_down": null,
                "end_time": null,
                "fk_status": "visible",
                "flood_event_count": 1,
                "id": "violently-emerging-oyster",
                "last_depth_inches": 0,
                "last_flood_end_time": "2026-03-31T11:40:26.837Z",
                "last_flood_time": "2026-03-31T11:24:26.556Z",
                "last_measurement_time": "2026-05-06T16:09:19.789Z",
                "max_depth_inches_of_any_flood": 0.5511811023622049,
                "max_depth_inches_of_last_flood": 0.5511811023622049,
                "mounted_over": "sidewalk",
                "name": "BK - Logan St/Etna St",
                "neighborhood": "Cypress Gardens",
                "sensor_mount": "streetsign-post",
                "start_time": "2025-03-13T14:50:00Z",
                "status": "online"
            }
        },
        {
            "type": "Feature",
            "id": "humbly-flying-buck",
            "geometry": {
                "type": "Point",
                "coordinates": [
                    -73.911451262,
                    40.837699257
                ]
            },
            "properties": {
                "borough": "Bronx",
                "date_deployed": "2024-08-22T11:18:00Z",
                "date_down": "2025-10-24T12:00:00Z",
                "end_time": "2025-10-24T12:00:00Z",
                "fk_status": "retired",
                "flood_event_count": 0,
                "id": "humbly-flying-buck",
                "last_depth_inches": null,
                "last_flood_end_time": null,
                "last_flood_time": null,
                "last_measurement_time": null,
                "max_depth_inches_of_any_flood": null,
                "max_depth_inches_of_last_flood": null,
                "mounted_over": "sidewalk",
                "name": "BX - Morris Ave/E 170th St",
                "neighborhood": "East Concourse",
                "sensor_mount": "streetsign-post",
                "start_time": "2024-08-22T11:18:00Z",
                "status": "retired"
            }
        },
        {
            "type": "Feature",
            "id": "happy_orange_grasshopper",
            "geometry": {
                "type": "Point",
                "coordinates": [
                    -73.924308116,
                    40.865509813
                ]
            },
            "properties": {
                "borough": "Manhattan",
                "date_deployed": "2025-10-31T12:29:00Z",
                "date_down": null,
                "end_time": null,
                "fk_status": "visible",
                "flood_event_count": 0,
                "id": "happy_orange_grasshopper",
                "last_depth_inches": 0,
                "last_flood_end_time": null,
                "last_flood_time": null,
                "last_measurement_time": "2026-05-06T16:09:49.107Z",
                "max_depth_inches_of_any_flood": null,
                "max_depth_inches_of_last_flood": null,
                "mounted_over": "sidewalk",
                "name": "M - Vermilyea Ave/ Academy St",
                "neighborhood": "Inwood",
                "sensor_mount": "streetsign-post",
                "start_time": "2025-10-31T12:29:00Z",
                "status": "online"
            }
        },
        {
            "type": "Feature",
            "id": "explicitly-secure-sheep",
            "geometry": {
                "type": "Point",
                "coordinates": [
                    -74.106406772,
                    40.64422064
                ]
            },
            "properties": {
                "borough": "Staten Island",
                "date_deployed": "2025-02-19T16:20:00Z",
                "date_down": null,
                "end_time": null,
                "fk_status": "visible",
                "flood_event_count": 5,
                "id": "explicitly-secure-sheep",
                "last_depth_inches": 0,
                "last_flood_end_time": "2026-03-12T04:18:21.858Z",
                "last_flood_time": "2026-03-12T03:51:21Z",
                "last_measurement_time": "2026-05-06T16:09:50.564Z",
                "max_depth_inches_of_any_flood": 7.401574803149609,
                "max_depth_inches_of_last_flood": 0.9842519685039373,
                "mounted_over": "sidewalk",
                "name": "SI - Snug Harbor Rd / Kissel Ave ",
                "neighborhood": "West Brighton",
                "sensor_mount": "streetsign-post",
                "start_time": "2025-02-19T16:20:00Z",
                "status": "online"
            }
        },
        {
            "type": "Feature",
            "id": "initially-enjoyed-mustang",
            "geometry": {
                "type": "Point",
                "coordinates": [
                    -73.9469,
                    40.68294
                ]
            },
            "properties": {
                "borough": "Brooklyn",
                "date_deployed": "2025-10-10T13:24:00Z",
                "date_down": null,
                "end_time": null,
                "fk_status": "visible",
                "flood_event_count": 0,
                "id": "initially-enjoyed-mustang",
                "last_depth_inches": 0,
                "last_flood_end_time": null,
                "last_flood_time": null,
                "last_measurement_time": "2026-05-06T16:08:38.48Z",
                "max_depth_inches_of_any_flood": null,
                "max_depth_inches_of_last_flood": null,
                "mounted_over": "sidewalk",
                "name": "BK - Hancock St/Marcy Ave",
                "neighborhood": "Bedford Stuyvesant",
                "sensor_mount": "streetsign-post",
                "start_time": "2025-10-10T13:24:00Z",
                "status": "online"
            }
        },
        {
            "type": "Feature",
            "id": "humbly_casual_heron",
            "geometry": {
                "type": "Point",
                "coordinates": [
                    -73.87627509,
                    40.819702647
                ]
            },
            "properties": {
                "borough": "Bronx",
                "date_deployed": "2024-07-18T11:38:00Z",
                "date_down": null,
                "end_time": null,
                "fk_status": "visible",
                "flood_event_count": 2,
                "id": "humbly_casual_heron",
                "last_depth_inches": 0,
                "last_flood_end_time": "2025-10-30T20:08:26.551Z",
                "last_flood_time": "2025-10-30T19:49:26.587Z",
                "last_measurement_time": "2026-05-06T16:10:02.894Z",
                "max_depth_inches_of_any_flood": 2.8740157480314963,
                "max_depth_inches_of_last_flood": 2.8740157480314963,
                "mounted_over": "sidewalk",
                "name": "BX - Boynton Ave/Lafayette Ave",
                "neighborhood": "Soundview",
                "sensor_mount": "streetsign-post",
                "start_time": "2024-07-18T11:38:00Z",
                "status": "online"
            }
        },
        {
            "type": "Feature",
            "id": "possibly-positive-jawfish",
            "geometry": {
                "type": "Point",
                "coordinates": [
                    -73.7442,
                    40.6437
                ]
            },
            "properties": {
                "borough": "Queens",
                "date_deployed": "2024-10-10T10:18:00Z",
                "date_down": null,
                "end_time": null,
                "fk_status": "visible",
                "flood_event_count": 57,
                "id": "possibly-positive-jawfish",
                "last_depth_inches": null,
                "last_flood_end_time": "2025-10-07T14:18:49.339Z",
                "last_flood_time": "2025-10-07T12:23:49.689Z",
                "last_measurement_time": null,
                "max_depth_inches_of_any_flood": 17.677165354330707,
                "max_depth_inches_of_last_flood": 4.960629921259842,
                "mounted_over": "dirt",
                "name": "Q - Brookville Blvd/ Snake Rd 2",
                "neighborhood": "Rosedale",
                "sensor_mount": "utility-pole",
                "start_time": "2024-10-10T10:18:00Z",
                "status": "offline"
            }
        },
        {
            "type": "Feature",
            "id": "ideally-polished-humpback",
            "geometry": {
                "type": "Point",
                "coordinates": [
                    -73.87028,
                    40.86667
                ]
            },
            "properties": {
                "borough": "Bronx",
                "date_deployed": "2025-03-27T12:28:00Z",
                "date_down": null,
                "end_time": null,
                "fk_status": "visible",
                "flood_event_count": 0,
                "id": "ideally-polished-humpback",
                "last_depth_inches": 0,
                "last_flood_end_time": null,
                "last_flood_time": null,
                "last_measurement_time": "2026-05-06T16:08:02.612Z",
                "max_depth_inches_of_any_flood": null,
                "max_depth_inches_of_last_flood": null,
                "mounted_over": "sidewalk",
                "name": "BX - Britton St/Bronx Park E",
                "neighborhood": "Olinville",
                "sensor_mount": "streetsign-post",
                "start_time": "2025-03-27T12:28:00Z",
                "status": "online"
            }
        },
        {
            "type": "Feature",
            "id": "hungry_navy_grasshopper",
            "geometry": {
                "type": "Point",
                "coordinates": [
                    -73.90224,
                    40.84574
                ]
            },
            "properties": {
                "borough": "Bronx",
                "date_deployed": "2025-09-25T12:00:00Z",
                "date_down": null,
                "end_time": null,
                "fk_status": "visible",
                "flood_event_count": 0,
                "id": "hungry_navy_grasshopper",
                "last_depth_inches": 0,
                "last_flood_end_time": null,
                "last_flood_time": null,
                "last_measurement_time": "2026-05-06T16:09:02.757Z",
                "max_depth_inches_of_any_flood": null,
                "max_depth_inches_of_last_flood": null,
                "mounted_over": "sidewalk",
                "name": "BX - E 175th St/Webster Ave",
                "neighborhood": "Mount Hope",
                "sensor_mount": "streetsign-post",
                "start_time": "2025-09-25T12:00:00Z",
                "status": "online"
            }
        },
        {
            "type": "Feature",
            "id": "humbly_ruling_elk",
            "geometry": {
                "type": "Point",
                "coordinates": [
                    -73.770498012,
                    40.595733417
                ]
            },
            "properties": {
                "borough": "Queens",
                "date_deployed": "2024-07-19T12:13:00Z",
                "date_down": null,
                "end_time": null,
                "fk_status": "visible",
                "flood_event_count": 19,
                "id": "humbly_ruling_elk",
                "last_depth_inches": 0,
                "last_flood_end_time": "2026-04-19T02:56:13.386Z",
                "last_flood_time": "2026-04-19T01:00:13.199Z",
                "last_measurement_time": "2026-05-06T16:08:36.859Z",
                "max_depth_inches_of_any_flood": 8.543307086614174,
                "max_depth_inches_of_last_flood": 5.511811023622048,
                "mounted_over": "sidewalk",
                "name": "Q - Beach Channel Dr/Beach 38th St",
                "neighborhood": "Edgemere",
                "sensor_mount": "streetsign-post",
                "start_time": "2024-07-19T12:13:00Z",
                "status": "online"
            }
        },
        {
            "type": "Feature",
            "id": "only_vast_lizard",
            "geometry": {
                "type": "Point",
                "coordinates": [
                    -73.936903,
                    40.7923514
                ]
            },
            "properties": {
                "borough": "Manhattan",
                "date_deployed": "2024-07-03T15:33:00Z",
                "date_down": "2024-12-13T12:00:00Z",
                "end_time": "2024-12-13T12:00:00Z",
                "fk_status": "retired",
                "flood_event_count": 0,
                "id": "only_vast_lizard",
                "last_depth_inches": null,
                "last_flood_end_time": null,
                "last_flood_time": null,
                "last_measurement_time": null,
                "max_depth_inches_of_any_flood": null,
                "max_depth_inches_of_last_flood": null,
                "mounted_over": "sidewalk",
                "name": "M - E 116th St/FDR Drive",
                "neighborhood": "East Harlem",
                "sensor_mount": "streetsign-post",
                "start_time": "2024-07-03T15:33:00Z",
                "status": "retired"
            }
        },
        {
            "type": "Feature",
            "id": "vigorously-resolved-iguana",
            "geometry": {
                "type": "Point",
                "coordinates": [
                    -73.87186,
                    40.66643
                ]
            },
            "properties": {
                "borough": "Brooklyn",
                "date_deployed": "2026-04-10T12:00:00Z",
                "date_down": null,
                "end_time": null,
                "fk_status": "visible",
                "flood_event_count": 0,
                "id": "vigorously-resolved-iguana",
                "last_depth_inches": 0,
                "last_flood_end_time": null,
                "last_flood_time": null,
                "last_measurement_time": "2026-05-06T16:08:43.953Z",
                "max_depth_inches_of_any_flood": null,
                "max_depth_inches_of_last_flood": null,
                "mounted_over": "sidewalk",
                "name": "BK - Linden Blvd/Fountain Ave",
                "neighborhood": "East New York",
                "sensor_mount": "streetsign-post",
                "start_time": "2026-04-10T12:00:00Z",
                "status": "online"
            }
        },
        {
            "type": "Feature",
            "id": "overly_sharp_collie",
            "geometry": {
                "type": "Point",
                "coordinates": [
                    -73.7478015,
                    40.65748526
                ]
            },
            "properties": {
                "borough": "Queens",
                "date_deployed": "2024-05-16T00:00:00Z",
                "date_down": "2024-07-25T12:00:00Z",
                "end_time": "2024-07-25T12:00:00Z",
                "fk_status": "retired",
                "flood_event_count": 0,
                "id": "overly_sharp_collie",
                "last_depth_inches": null,
                "last_flood_end_time": null,
                "last_flood_time": null,
                "last_measurement_time": null,
                "max_depth_inches_of_any_flood": null,
                "max_depth_inches_of_last_flood": null,
                "mounted_over": "sidewalk",
                "name": "Q - 232nd St/147th Ave",
                "neighborhood": "Brookville",
                "sensor_mount": "streetsign post",
                "start_time": "2024-05-16T00:00:00Z",
                "status": "retired"
            }
        },
        {
            "type": "Feature",
            "id": "widely_proud_lizard",
            "geometry": {
                "type": "Point",
                "coordinates": [
                    -73.99539641,
                    40.67365435
                ]
            },
            "properties": {
                "borough": "Brooklyn",
                "date_deployed": "2021-07-16T00:00:00Z",
                "date_down": "2021-12-10T00:00:00Z",
                "end_time": "2021-12-10T00:00:00Z",
                "fk_status": "retired",
                "flood_event_count": 2,
                "id": "widely_proud_lizard",
                "last_depth_inches": null,
                "last_flood_end_time": "2021-09-02T04:42:32.427151Z",
                "last_flood_time": "2021-09-02T00:11:58.506825Z",
                "last_measurement_time": null,
                "max_depth_inches_of_any_flood": 27.755905511811022,
                "max_depth_inches_of_last_flood": 27.755905511811022,
                "mounted_over": "sidewalk",
                "name": "BK - 9th St/Smith St",
                "neighborhood": "Gowanus",
                "sensor_mount": "streetsign post",
                "start_time": "2021-07-16T00:00:00Z",
                "status": "retired"
            }
        },
        {
            "type": "Feature",
            "id": "future_aqua_wildcat",
            "geometry": {
                "type": "Point",
                "coordinates": [
                    -74.14743599,
                    40.61937329
                ]
            },
            "properties": {
                "borough": "Staten Island",
                "date_deployed": "2022-07-22T00:00:00Z",
                "date_down": null,
                "end_time": null,
                "fk_status": "down",
                "flood_event_count": 0,
                "id": "future_aqua_wildcat",
                "last_depth_inches": 0,
                "last_flood_end_time": null,
                "last_flood_time": null,
                "last_measurement_time": "2026-05-05T22:21:19.082Z",
                "max_depth_inches_of_any_flood": null,
                "max_depth_inches_of_last_flood": null,
                "mounted_over": "sidewalk",
                "name": "SI - Lyon Pl/Devens St",
                "neighborhood": "Westerleigh",
                "sensor_mount": "streetsign post",
                "start_time": "2022-07-22T00:00:00Z",
                "status": "offline"
            }
        },
        {
            "type": "Feature",
            "id": "defeated_smelly_cough",
            "geometry": {
                "type": "Point",
                "coordinates": [
                    -73.9472892,
                    40.7944083
                ]
            },
            "properties": {
                "borough": "Manhattan",
                "date_deployed": "2023-10-12T00:00:00Z",
                "date_down": null,
                "end_time": null,
                "fk_status": "visible",
                "flood_event_count": 1,
                "id": "defeated_smelly_cough",
                "last_depth_inches": 0,
                "last_flood_end_time": "2025-10-30T20:38:55.434Z",
                "last_flood_time": "2025-10-30T19:16:55.504Z",
                "last_measurement_time": "2026-05-06T16:10:10.317Z",
                "max_depth_inches_of_any_flood": 2.1259842519685033,
                "max_depth_inches_of_last_flood": 2.1259842519685033,
                "mounted_over": null,
                "name": "M - E 108th St/Park Ave",
                "neighborhood": "East Harlem",
                "sensor_mount": "streetsign post",
                "start_time": "2023-10-12T00:00:00Z",
                "status": "online"
            }
        },
        {
            "type": "Feature",
            "id": "unduly_mature_bunny",
            "geometry": {
                "type": "Point",
                "coordinates": [
                    -73.8742932,
                    40.8288744
                ]
            },
            "properties": {
                "borough": "Bronx",
                "date_deployed": "2024-05-09T00:00:00Z",
                "date_down": null,
                "end_time": null,
                "fk_status": "down",
                "flood_event_count": 0,
                "id": "unduly_mature_bunny",
                "last_depth_inches": 0,
                "last_flood_end_time": null,
                "last_flood_time": null,
                "last_measurement_time": "2026-05-06T16:10:15.901Z",
                "max_depth_inches_of_any_flood": null,
                "max_depth_inches_of_last_flood": null,
                "mounted_over": "sidewalk",
                "name": "BX - Harrod Pl/Morrison Ave",
                "neighborhood": "Bronx River",
                "sensor_mount": "streetsign post",
                "start_time": "2024-05-09T00:00:00Z",
                "status": "online"
            }
        },
        {
            "type": "Feature",
            "id": "zestfully-whole-fox",
            "geometry": {
                "type": "Point",
                "coordinates": [
                    -73.98337,
                    40.74119
                ]
            },
            "properties": {
                "borough": "Manhattan",
                "date_deployed": "2025-10-10T10:54:00Z",
                "date_down": null,
                "end_time": null,
                "fk_status": "down",
                "flood_event_count": 0,
                "id": "zestfully-whole-fox",
                "last_depth_inches": null,
                "last_flood_end_time": null,
                "last_flood_time": null,
                "last_measurement_time": null,
                "max_depth_inches_of_any_flood": null,
                "max_depth_inches_of_last_flood": null,
                "mounted_over": "sidewalk",
                "name": "M - Lexington Ave/E 26th St",
                "neighborhood": "Gramercy",
                "sensor_mount": "streetsign-post",
                "start_time": "2025-10-10T10:54:00Z",
                "status": "offline"
            }
        },
        {
            "type": "Feature",
            "id": "strangely-precise-cricket",
            "geometry": {
                "type": "Point",
                "coordinates": [
                    -73.74068,
                    40.70329
                ]
            },
            "properties": {
                "borough": "Queens",
                "date_deployed": "2025-10-17T12:00:00Z",
                "date_down": null,
                "end_time": null,
                "fk_status": "down",
                "flood_event_count": 0,
                "id": "strangely-precise-cricket",
                "last_depth_inches": 2.047244094488189,
                "last_flood_end_time": null,
                "last_flood_time": null,
                "last_measurement_time": "2026-05-06T16:02:58.91Z",
                "max_depth_inches_of_any_flood": null,
                "max_depth_inches_of_last_flood": null,
                "mounted_over": "sidewalk",
                "name": "Q - Springfield Blvd/ Murdock Ave",
                "neighborhood": "Queens Village",
                "sensor_mount": "streetsign-post",
                "start_time": "2025-10-17T12:00:00Z",
                "status": "online"
            }
        },
        {
            "type": "Feature",
            "id": "early_still_frog",
            "geometry": {
                "type": "Point",
                "coordinates": [
                    -74.0043495,
                    40.6737066
                ]
            },
            "properties": {
                "borough": "Brooklyn",
                "date_deployed": "2022-02-18T00:00:00Z",
                "date_down": null,
                "end_time": null,
                "fk_status": "visible",
                "flood_event_count": 8,
                "id": "early_still_frog",
                "last_depth_inches": 0,
                "last_flood_end_time": "2025-10-30T19:06:49.203Z",
                "last_flood_time": "2025-10-30T18:51:02.67Z",
                "last_measurement_time": "2026-05-06T16:10:13.061Z",
                "max_depth_inches_of_any_flood": 5.275590551181102,
                "max_depth_inches_of_last_flood": 1.220472440944882,
                "mounted_over": "sidewalk",
                "name": "BK - Lorraine St/Henry St",
                "neighborhood": "Red Hook",
                "sensor_mount": "streetsign post",
                "start_time": "2022-02-18T00:00:00Z",
                "status": "online"
            }
        },
        {
            "type": "Feature",
            "id": "formerly-brave-marten",
            "geometry": {
                "type": "Point",
                "coordinates": [
                    -73.91427,
                    40.88338
                ]
            },
            "properties": {
                "borough": "Bronx",
                "date_deployed": "2026-04-24T12:00:00Z",
                "date_down": null,
                "end_time": null,
                "fk_status": "visible",
                "flood_event_count": 0,
                "id": "formerly-brave-marten",
                "last_depth_inches": 0,
                "last_flood_end_time": null,
                "last_flood_time": null,
                "last_measurement_time": "2026-05-06T14:00:22.972Z",
                "max_depth_inches_of_any_flood": null,
                "max_depth_inches_of_last_flood": null,
                "mounted_over": "sidewalk",
                "name": "BX - Fairfield Ave/ W231st St",
                "neighborhood": "Spuyten Duyvil",
                "sensor_mount": "streetsign-post",
                "start_time": "2026-04-24T12:00:00Z",
                "status": "online"
            }
        },
        {
            "type": "Feature",
            "id": "fiscally-citrine-mouse",
            "geometry": {
                "type": "Point",
                "coordinates": [
                    -74.07588,
                    40.59278
                ]
            },
            "properties": {
                "borough": "Staten Island",
                "date_deployed": "2026-04-17T15:41:00Z",
                "date_down": null,
                "end_time": null,
                "fk_status": "visible",
                "flood_event_count": 0,
                "id": "fiscally-citrine-mouse",
                "last_depth_inches": 0,
                "last_flood_end_time": null,
                "last_flood_time": null,
                "last_measurement_time": "2026-05-06T16:08:58.14Z",
                "max_depth_inches_of_any_flood": null,
                "max_depth_inches_of_last_flood": null,
                "mounted_over": "sidewalk",
                "name": "SI - Foch Ave/Lamport Blvd",
                "neighborhood": "Dongan Hills",
                "sensor_mount": "streetsign-post",
                "start_time": "2026-04-17T15:41:00Z",
                "status": "online"
            }
        },
        {
            "type": "Feature",
            "id": "separately-many-mole",
            "geometry": {
                "type": "Point",
                "coordinates": [
                    -73.87977,
                    40.87781
                ]
            },
            "properties": {
                "borough": "Bronx",
                "date_deployed": "2025-03-27T11:28:00Z",
                "date_down": null,
                "end_time": null,
                "fk_status": "visible",
                "flood_event_count": 0,
                "id": "separately-many-mole",
                "last_depth_inches": null,
                "last_flood_end_time": null,
                "last_flood_time": null,
                "last_measurement_time": null,
                "max_depth_inches_of_any_flood": null,
                "max_depth_inches_of_last_flood": null,
                "mounted_over": "sidewalk",
                "name": "BX - E 208th St/Bainbridge Ave",
                "neighborhood": "Norwood",
                "sensor_mount": "streetsign-post",
                "start_time": "2025-03-27T11:28:00Z",
                "status": "offline"
            }
        },
        {
            "type": "Feature",
            "id": "positively-blessed-mosquito",
            "geometry": {
                "type": "Point",
                "coordinates": [
                    -73.981968,
                    40.589353
                ]
            },
            "properties": {
                "borough": "Brooklyn",
                "date_deployed": "2026-04-15T11:36:00Z",
                "date_down": null,
                "end_time": null,
                "fk_status": "visible",
                "flood_event_count": 0,
                "id": "positively-blessed-mosquito",
                "last_depth_inches": null,
                "last_flood_end_time": null,
                "last_flood_time": null,
                "last_measurement_time": null,
                "max_depth_inches_of_any_flood": null,
                "max_depth_inches_of_last_flood": null,
                "mounted_over": "sidewalk",
                "name": "BK - W 12th St/Ave X",
                "neighborhood": "Gravesend",
                "sensor_mount": "streetsign-post",
                "start_time": "2026-04-15T11:36:00Z",
                "status": "offline"
            }
        },
        {
            "type": "Feature",
            "id": "reasonably-immune-leech",
            "geometry": {
                "type": "Point",
                "coordinates": [
                    -73.985974,
                    40.591251
                ]
            },
            "properties": {
                "borough": "Brooklyn",
                "date_deployed": "2026-04-15T11:41:00Z",
                "date_down": null,
                "end_time": null,
                "fk_status": "visible",
                "flood_event_count": 0,
                "id": "reasonably-immune-leech",
                "last_depth_inches": 0,
                "last_flood_end_time": null,
                "last_flood_time": null,
                "last_measurement_time": "2026-05-06T16:09:06.738Z",
                "max_depth_inches_of_any_flood": null,
                "max_depth_inches_of_last_flood": null,
                "mounted_over": "sidewalk",
                "name": "BK - Bath Ave/ Bay 46th St",
                "neighborhood": "Bath Beach",
                "sensor_mount": "streetsign-post",
                "start_time": "2026-04-15T11:41:00Z",
                "status": "online"
            }
        },
        {
            "type": "Feature",
            "id": "electrically-composed-marmot",
            "geometry": {
                "type": "Point",
                "coordinates": [
                    -73.868157339,
                    40.823390937
                ]
            },
            "properties": {
                "borough": "Bronx",
                "date_deployed": "2026-05-01T09:51:00Z",
                "date_down": null,
                "end_time": null,
                "fk_status": "visible",
                "flood_event_count": 0,
                "id": "electrically-composed-marmot",
                "last_depth_inches": null,
                "last_flood_end_time": null,
                "last_flood_time": null,
                "last_measurement_time": null,
                "max_depth_inches_of_any_flood": null,
                "max_depth_inches_of_last_flood": null,
                "mounted_over": "sidewalk",
                "name": "BX - Soundview Ave/ Noble Ave",
                "neighborhood": "Soundview",
                "sensor_mount": "streetsign-post",
                "start_time": "2026-05-01T09:51:00Z",
                "status": "offline"
            }
        },
        {
            "type": "Feature",
            "id": "highly_comic_akita",
            "geometry": {
                "type": "Point",
                "coordinates": [
                    -74.0903863,
                    40.5731887
                ]
            },
            "properties": {
                "borough": "Staten Island",
                "date_deployed": "2023-05-19T00:00:00Z",
                "date_down": null,
                "end_time": null,
                "fk_status": "visible",
                "flood_event_count": 20,
                "id": "highly_comic_akita",
                "last_depth_inches": 0,
                "last_flood_end_time": "2026-04-15T22:11:15.645Z",
                "last_flood_time": "2026-04-15T21:49:10.695Z",
                "last_measurement_time": "2026-05-06T16:09:58.561Z",
                "max_depth_inches_of_any_flood": 5.748031496062993,
                "max_depth_inches_of_last_flood": 1.0629921259842516,
                "mounted_over": "sidewalk",
                "name": "SI - Baden Pl/ Mapleton Ave",
                "neighborhood": "Midland Beach",
                "sensor_mount": "streetsign post ",
                "start_time": "2023-05-19T00:00:00Z",
                "status": "online"
            }
        },
        {
            "type": "Feature",
            "id": "mutually-obliging-octopus",
            "geometry": {
                "type": "Point",
                "coordinates": [
                    -73.79597,
                    40.85709
                ]
            },
            "properties": {
                "borough": "Bronx",
                "date_deployed": "2026-04-24T12:00:00Z",
                "date_down": null,
                "end_time": null,
                "fk_status": "visible",
                "flood_event_count": 0,
                "id": "mutually-obliging-octopus",
                "last_depth_inches": 47.51968503937007,
                "last_flood_end_time": null,
                "last_flood_time": null,
                "last_measurement_time": "2026-05-06T16:04:47.929Z",
                "max_depth_inches_of_any_flood": null,
                "max_depth_inches_of_last_flood": null,
                "mounted_over": "sidewalk",
                "name": "BX - City Island Bridge (Eastbound)",
                "neighborhood": "City Island",
                "sensor_mount": "streetsign-post",
                "start_time": "2026-04-24T12:00:00Z",
                "status": "online"
            }
        },
        {
            "type": "Feature",
            "id": "openly-fancy-flamingo",
            "geometry": {
                "type": "Point",
                "coordinates": [
                    -73.984299,
                    40.593658
                ]
            },
            "properties": {
                "borough": "Brooklyn",
                "date_deployed": "2026-04-15T11:46:00Z",
                "date_down": null,
                "end_time": null,
                "fk_status": "visible",
                "flood_event_count": 0,
                "id": "openly-fancy-flamingo",
                "last_depth_inches": 0,
                "last_flood_end_time": null,
                "last_flood_time": null,
                "last_measurement_time": "2026-05-06T16:09:08.527Z",
                "max_depth_inches_of_any_flood": null,
                "max_depth_inches_of_last_flood": null,
                "mounted_over": "sidewalk",
                "name": "BK - Ave V/ Stillwell Ave ",
                "neighborhood": "Bath Beach",
                "sensor_mount": "streetsign-post",
                "start_time": "2026-04-15T11:46:00Z",
                "status": "online"
            }
        },
        {
            "type": "Feature",
            "id": "funnily-mauve-ferret",
            "geometry": {
                "type": "Point",
                "coordinates": [
                    -73.861877523,
                    40.823863403
                ]
            },
            "properties": {
                "borough": "Bronx",
                "date_deployed": "2026-05-01T09:52:00Z",
                "date_down": null,
                "end_time": null,
                "fk_status": "visible",
                "flood_event_count": 0,
                "id": "funnily-mauve-ferret",
                "last_depth_inches": null,
                "last_flood_end_time": null,
                "last_flood_time": null,
                "last_measurement_time": null,
                "max_depth_inches_of_any_flood": null,
                "max_depth_inches_of_last_flood": null,
                "mounted_over": "sidewalk",
                "name": "BX - Story Ave/Thieriot Ave",
                "neighborhood": "Soundview",
                "sensor_mount": "streetsign-post",
                "start_time": "2026-05-01T09:52:00Z",
                "status": "offline"
            }
        },
        {
            "type": "Feature",
            "id": "mawkishly-blue-sphinx",
            "geometry": {
                "type": "Point",
                "coordinates": [
                    -73.7571,
                    40.66706
                ]
            },
            "properties": {
                "borough": "Queens",
                "date_deployed": "2026-04-24T03:38:00Z",
                "date_down": null,
                "end_time": null,
                "fk_status": "visible",
                "flood_event_count": 0,
                "id": "mawkishly-blue-sphinx",
                "last_depth_inches": 0,
                "last_flood_end_time": null,
                "last_flood_time": null,
                "last_measurement_time": "2026-05-06T16:09:19.91Z",
                "max_depth_inches_of_any_flood": null,
                "max_depth_inches_of_last_flood": null,
                "mounted_over": "sidewalk",
                "name": "Q - 144th Ave/Springfield Blvd",
                "neighborhood": "Springfield Gardens",
                "sensor_mount": "streetsign-post",
                "start_time": "2026-04-24T03:38:00Z",
                "status": "online"
            }
        },
        {
            "type": "Feature",
            "id": "happily-intimate-salmon",
            "geometry": {
                "type": "Point",
                "coordinates": [
                    -74.000051,
                    40.595796
                ]
            },
            "properties": {
                "borough": "Brooklyn",
                "date_deployed": "2026-04-15T11:50:00Z",
                "date_down": null,
                "end_time": null,
                "fk_status": "visible",
                "flood_event_count": 0,
                "id": "happily-intimate-salmon",
                "last_depth_inches": 0,
                "last_flood_end_time": null,
                "last_flood_time": null,
                "last_measurement_time": "2026-05-06T16:09:17.242Z",
                "max_depth_inches_of_any_flood": null,
                "max_depth_inches_of_last_flood": null,
                "mounted_over": "sidewalk",
                "name": "BK - Bay Pkwy/Shore Pkwy",
                "neighborhood": "Bath Beach",
                "sensor_mount": "streetsign-post",
                "start_time": "2026-04-15T11:50:00Z",
                "status": "online"
            }
        },
        {
            "type": "Feature",
            "id": "eccentrically-plum-hare",
            "geometry": {
                "type": "Point",
                "coordinates": [
                    -73.8652912,
                    40.8146214
                ]
            },
            "properties": {
                "borough": "Bronx",
                "date_deployed": "2026-05-01T09:57:00Z",
                "date_down": null,
                "end_time": null,
                "fk_status": "visible",
                "flood_event_count": 0,
                "id": "eccentrically-plum-hare",
                "last_depth_inches": null,
                "last_flood_end_time": null,
                "last_flood_time": null,
                "last_measurement_time": null,
                "max_depth_inches_of_any_flood": null,
                "max_depth_inches_of_last_flood": null,
                "mounted_over": "sidewalk",
                "name": "BX - Rosedale Ave/Lacombe Ave",
                "neighborhood": "Soundview",
                "sensor_mount": "streetsign-post",
                "start_time": "2026-05-01T09:57:00Z",
                "status": "offline"
            }
        },
        {
            "type": "Feature",
            "id": "factually-normal-lynx",
            "geometry": {
                "type": "Point",
                "coordinates": [
                    -73.952580194,
                    40.772220048
                ]
            },
            "properties": {
                "borough": "Manhattan",
                "date_deployed": "2025-02-07T14:16:00Z",
                "date_down": null,
                "end_time": null,
                "fk_status": "visible",
                "flood_event_count": 0,
                "id": "factually-normal-lynx",
                "last_depth_inches": null,
                "last_flood_end_time": null,
                "last_flood_time": null,
                "last_measurement_time": null,
                "max_depth_inches_of_any_flood": null,
                "max_depth_inches_of_last_flood": null,
                "mounted_over": "sidewalk",
                "name": "M - E 79th St/ 1st Ave",
                "neighborhood": "Yorkville",
                "sensor_mount": "streetsign-post",
                "start_time": "2025-02-07T14:16:00Z",
                "status": "offline"
            }
        },
        {
            "type": "Feature",
            "id": "gladly_pretty_magpie",
            "geometry": {
                "type": "Point",
                "coordinates": [
                    -73.7883928,
                    40.695632
                ]
            },
            "properties": {
                "borough": "Queens",
                "date_deployed": "2023-09-21T00:00:00Z",
                "date_down": null,
                "end_time": null,
                "fk_status": "visible",
                "flood_event_count": 0,
                "id": "gladly_pretty_magpie",
                "last_depth_inches": 0,
                "last_flood_end_time": null,
                "last_flood_time": null,
                "last_measurement_time": "2026-05-06T16:09:00.687Z",
                "max_depth_inches_of_any_flood": null,
                "max_depth_inches_of_last_flood": null,
                "mounted_over": "sidewalk",
                "name": "Q - 164 Pl/109th Ave",
                "neighborhood": "South Jamaica",
                "sensor_mount": "streetsign post",
                "start_time": "2023-09-21T00:00:00Z",
                "status": "online"
            }
        },
        {
            "type": "Feature",
            "id": "instantly-possible-griffon",
            "geometry": {
                "type": "Point",
                "coordinates": [
                    -73.94321,
                    40.6802
                ]
            },
            "properties": {
                "borough": "Brooklyn",
                "date_deployed": "2025-10-10T12:42:00Z",
                "date_down": null,
                "end_time": null,
                "fk_status": "visible",
                "flood_event_count": 0,
                "id": "instantly-possible-griffon",
                "last_depth_inches": 0,
                "last_flood_end_time": null,
                "last_flood_time": null,
                "last_measurement_time": "2026-05-06T16:10:14.996Z",
                "max_depth_inches_of_any_flood": null,
                "max_depth_inches_of_last_flood": null,
                "mounted_over": "sidewalk",
                "name": "BK - Tompkins Ave/ Fulton St",
                "neighborhood": "Bedford Stuyvesant",
                "sensor_mount": "streetsign-post",
                "start_time": "2025-10-10T12:42:00Z",
                "status": "online"
            }
        },
        {
            "type": "Feature",
            "id": "healthily-azure-coyote",
            "geometry": {
                "type": "Point",
                "coordinates": [
                    -73.73683,
                    40.64925
                ]
            },
            "properties": {
                "borough": "Queens",
                "date_deployed": "2026-04-24T11:47:00Z",
                "date_down": null,
                "end_time": null,
                "fk_status": "visible",
                "flood_event_count": 0,
                "id": "healthily-azure-coyote",
                "last_depth_inches": 0,
                "last_flood_end_time": null,
                "last_flood_time": null,
                "last_measurement_time": "2026-05-06T16:09:45.683Z",
                "max_depth_inches_of_any_flood": null,
                "max_depth_inches_of_last_flood": null,
                "mounted_over": "sidewalk",
                "name": "Q - Huxley St/Craft Ave",
                "neighborhood": "Rosedale",
                "sensor_mount": "streetsign-post",
                "start_time": "2026-04-24T11:47:00Z",
                "status": "online"
            }
        },
        {
            "type": "Feature",
            "id": "ecstatically-elastic-goose",
            "geometry": {
                "type": "Point",
                "coordinates": [
                    -73.842529624,
                    40.821890039
                ]
            },
            "properties": {
                "borough": "Bronx",
                "date_deployed": "2026-05-01T10:01:00Z",
                "date_down": null,
                "end_time": null,
                "fk_status": "visible",
                "flood_event_count": 0,
                "id": "ecstatically-elastic-goose",
                "last_depth_inches": null,
                "last_flood_end_time": null,
                "last_flood_time": null,
                "last_measurement_time": null,
                "max_depth_inches_of_any_flood": null,
                "max_depth_inches_of_last_flood": null,
                "mounted_over": "sidewalk",
                "name": "BX - Zerega Ave/Seward Ave",
                "neighborhood": "Castle Hill",
                "sensor_mount": "streetsign-post",
                "start_time": "2026-05-01T10:01:00Z",
                "status": "offline"
            }
        },
        {
            "type": "Feature",
            "id": "light_violet_moth",
            "geometry": {
                "type": "Point",
                "coordinates": [
                    -74.013331963,
                    40.714443539
                ]
            },
            "properties": {
                "borough": "Manhattan",
                "date_deployed": "2025-08-21T11:47:00Z",
                "date_down": null,
                "end_time": null,
                "fk_status": "visible",
                "flood_event_count": 2,
                "id": "light_violet_moth",
                "last_depth_inches": 0,
                "last_flood_end_time": "2026-03-12T11:14:18.015Z",
                "last_flood_time": "2026-03-12T10:40:18.214Z",
                "last_measurement_time": "2026-05-06T16:10:01.085Z",
                "max_depth_inches_of_any_flood": 0.905511811023622,
                "max_depth_inches_of_last_flood": 0.905511811023622,
                "mounted_over": "sidewalk",
                "name": "M - Barclay St/West St",
                "neighborhood": "Financial District",
                "sensor_mount": "streetsign-post",
                "start_time": "2025-08-21T11:47:00Z",
                "status": "online"
            }
        },
        {
            "type": "Feature",
            "id": "nearly-uncommon-shark",
            "geometry": {
                "type": "Point",
                "coordinates": [
                    -73.797246841,
                    40.713259062
                ]
            },
            "properties": {
                "borough": "Queens",
                "date_deployed": "2026-04-30T12:00:00Z",
                "date_down": null,
                "end_time": null,
                "fk_status": "visible",
                "flood_event_count": 0,
                "id": "nearly-uncommon-shark",
                "last_depth_inches": null,
                "last_flood_end_time": null,
                "last_flood_time": null,
                "last_measurement_time": null,
                "max_depth_inches_of_any_flood": null,
                "max_depth_inches_of_last_flood": null,
                "mounted_over": "sidewalk",
                "name": "Q - Gothic Dr/167th St",
                "neighborhood": "Jamaica Hill",
                "sensor_mount": "streetsign-post",
                "start_time": "2026-04-30T12:00:00Z",
                "status": "offline"
            }
        },
        {
            "type": "Feature",
            "id": "happily-green-lion",
            "geometry": {
                "type": "Point",
                "coordinates": [
                    -73.768734,
                    40.608866
                ]
            },
            "properties": {
                "borough": "Queens",
                "date_deployed": "2026-04-24T11:56:00Z",
                "date_down": null,
                "end_time": null,
                "fk_status": "visible",
                "flood_event_count": 0,
                "id": "happily-green-lion",
                "last_depth_inches": 2.5984251968503935,
                "last_flood_end_time": null,
                "last_flood_time": null,
                "last_measurement_time": "2026-05-06T16:07:55.867Z",
                "max_depth_inches_of_any_flood": null,
                "max_depth_inches_of_last_flood": null,
                "mounted_over": "road",
                "name": "Q - Norton Dr/ Westbourne Ave",
                "neighborhood": "Far Rockaway",
                "sensor_mount": "streetsign-post",
                "start_time": "2026-04-24T11:56:00Z",
                "status": "online"
            }
        },
        {
            "type": "Feature",
            "id": "firmly_sharp_mullet",
            "geometry": {
                "type": "Point",
                "coordinates": [
                    -73.917483,
                    40.8555641
                ]
            },
            "properties": {
                "borough": "Bronx",
                "date_deployed": "2024-05-09T00:00:00Z",
                "date_down": null,
                "end_time": null,
                "fk_status": "visible",
                "flood_event_count": 0,
                "id": "firmly_sharp_mullet",
                "last_depth_inches": null,
                "last_flood_end_time": null,
                "last_flood_time": null,
                "last_measurement_time": null,
                "max_depth_inches_of_any_flood": null,
                "max_depth_inches_of_last_flood": null,
                "mounted_over": "sidewalk",
                "name": "BX - Cedar Ave/W 179th St",
                "neighborhood": "University Heights",
                "sensor_mount": "streetsign post",
                "start_time": "2024-05-09T00:00:00Z",
                "status": "offline"
            }
        },
        {
            "type": "Feature",
            "id": "daily_joint_husky",
            "geometry": {
                "type": "Point",
                "coordinates": [
                    -73.901113242,
                    40.745686138
                ]
            },
            "properties": {
                "borough": "Queens",
                "date_deployed": "2024-08-22T11:02:00Z",
                "date_down": null,
                "end_time": null,
                "fk_status": "visible",
                "flood_event_count": 0,
                "id": "daily_joint_husky",
                "last_depth_inches": 0,
                "last_flood_end_time": null,
                "last_flood_time": null,
                "last_measurement_time": "2026-05-06T16:10:29.339Z",
                "max_depth_inches_of_any_flood": null,
                "max_depth_inches_of_last_flood": null,
                "mounted_over": "sidewalk",
                "name": "Q - Roosevelt Ave/63rd St",
                "neighborhood": "Woodside",
                "sensor_mount": "streetsign-post",
                "start_time": "2024-08-22T11:02:00Z",
                "status": "online"
            }
        },
        {
            "type": "Feature",
            "id": "broadly-simple-macaw",
            "geometry": {
                "type": "Point",
                "coordinates": [
                    -73.833792131,
                    40.772018454
                ]
            },
            "properties": {
                "borough": "Queens",
                "date_deployed": "2025-09-11T12:11:00Z",
                "date_down": null,
                "end_time": null,
                "fk_status": "visible",
                "flood_event_count": 0,
                "id": "broadly-simple-macaw",
                "last_depth_inches": 0,
                "last_flood_end_time": null,
                "last_flood_time": null,
                "last_measurement_time": "2026-05-06T16:08:27.8Z",
                "max_depth_inches_of_any_flood": null,
                "max_depth_inches_of_last_flood": null,
                "mounted_over": "sidewalk",
                "name": "Q - Linden Pl/ 28th Ave",
                "neighborhood": "College Point",
                "sensor_mount": "streetsign-post",
                "start_time": "2025-09-11T12:11:00Z",
                "status": "online"
            }
        },
        {
            "type": "Feature",
            "id": "jolly_civil_bat",
            "geometry": {
                "type": "Point",
                "coordinates": [
                    -73.930394394,
                    40.675495366
                ]
            },
            "properties": {
                "borough": "Brooklyn",
                "date_deployed": "2024-08-23T03:38:00Z",
                "date_down": null,
                "end_time": null,
                "fk_status": "visible",
                "flood_event_count": 0,
                "id": "jolly_civil_bat",
                "last_depth_inches": 0,
                "last_flood_end_time": null,
                "last_flood_time": null,
                "last_measurement_time": "2026-05-06T16:09:44.862Z",
                "max_depth_inches_of_any_flood": null,
                "max_depth_inches_of_last_flood": null,
                "mounted_over": "sidewalk",
                "name": "BK - Dean St/Utica Ave",
                "neighborhood": "Weeksville",
                "sensor_mount": "streetsign-post",
                "start_time": "2024-08-23T03:38:00Z",
                "status": "online"
            }
        },
        {
            "type": "Feature",
            "id": "jolly-novel-boa",
            "geometry": {
                "type": "Point",
                "coordinates": [
                    -74.0916799,
                    40.5866019
                ]
            },
            "properties": {
                "borough": "Staten Island",
                "date_deployed": "2023-03-24T00:00:00Z",
                "date_down": null,
                "end_time": null,
                "fk_status": "visible",
                "flood_event_count": 0,
                "id": "jolly-novel-boa",
                "last_depth_inches": 0,
                "last_flood_end_time": null,
                "last_flood_time": null,
                "last_measurement_time": "2026-05-06T16:10:12.382Z",
                "max_depth_inches_of_any_flood": null,
                "max_depth_inches_of_last_flood": null,
                "mounted_over": "sidewalk",
                "name": "SI - Seaview Ave/Hylan Blvd",
                "neighborhood": "Dongan Hills",
                "sensor_mount": "streetsign post",
                "start_time": "2023-03-24T00:00:00Z",
                "status": "online"
            }
        },
        {
            "type": "Feature",
            "id": "firstly-comic-phoenix",
            "geometry": {
                "type": "Point",
                "coordinates": [
                    -73.93029,
                    40.80671
                ]
            },
            "properties": {
                "borough": "Bronx",
                "date_deployed": "2025-09-04T13:42:00Z",
                "date_down": null,
                "end_time": null,
                "fk_status": "visible",
                "flood_event_count": 1,
                "id": "firstly-comic-phoenix",
                "last_depth_inches": 0,
                "last_flood_end_time": "2026-03-12T05:01:27.695Z",
                "last_flood_time": "2026-03-12T04:37:27.195Z",
                "last_measurement_time": "2026-05-06T16:09:28.019Z",
                "max_depth_inches_of_any_flood": 0.5511811023622049,
                "max_depth_inches_of_last_flood": 0.5511811023622049,
                "mounted_over": "sidewalk",
                "name": "BX - Lincoln Ave / Bruckner Blvd ",
                "neighborhood": "Mott Haven",
                "sensor_mount": "streetsign-post",
                "start_time": "2025-09-04T13:42:00Z",
                "status": "online"
            }
        },
        {
            "type": "Feature",
            "id": "humbly-stirring-koi",
            "geometry": {
                "type": "Point",
                "coordinates": [
                    -73.801095302,
                    40.708237842
                ]
            },
            "properties": {
                "borough": "Queens",
                "date_deployed": "2026-04-30T12:00:00Z",
                "date_down": null,
                "end_time": null,
                "fk_status": "visible",
                "flood_event_count": 0,
                "id": "humbly-stirring-koi",
                "last_depth_inches": null,
                "last_flood_end_time": null,
                "last_flood_time": null,
                "last_measurement_time": null,
                "max_depth_inches_of_any_flood": null,
                "max_depth_inches_of_last_flood": null,
                "mounted_over": "sidewalk",
                "name": "Q - Hillside Ave/161st St",
                "neighborhood": "Jamaica Hill",
                "sensor_mount": "streetsign-post",
                "start_time": "2026-04-30T12:00:00Z",
                "status": "offline"
            }
        },
        {
            "type": "Feature",
            "id": "Sadly-blue-beetle",
            "geometry": {
                "type": "Point",
                "coordinates": [
                    -73.855784,
                    40.575677
                ]
            },
            "properties": {
                "borough": "Queens",
                "date_deployed": "2026-04-24T13:00:00Z",
                "date_down": null,
                "end_time": null,
                "fk_status": "visible",
                "flood_event_count": 0,
                "id": "Sadly-blue-beetle",
                "last_depth_inches": 0,
                "last_flood_end_time": null,
                "last_flood_time": null,
                "last_measurement_time": "2026-05-06T16:10:10.871Z",
                "max_depth_inches_of_any_flood": null,
                "max_depth_inches_of_last_flood": null,
                "mounted_over": "sidewalk",
                "name": "Q - Beach 137th St/Newport Ave",
                "neighborhood": "Belle Harbor",
                "sensor_mount": "streetsign-post",
                "start_time": "2026-04-24T13:00:00Z",
                "status": "online"
            }
        },
        {
            "type": "Feature",
            "id": "daily_gentle_beetle",
            "geometry": {
                "type": "Point",
                "coordinates": [
                    -73.98394371,
                    40.67585478
                ]
            },
            "properties": {
                "borough": "Brooklyn",
                "date_deployed": "2021-07-15T00:00:00Z",
                "date_down": null,
                "end_time": null,
                "fk_status": "visible",
                "flood_event_count": 2,
                "id": "daily_gentle_beetle",
                "last_depth_inches": 0,
                "last_flood_end_time": "2025-10-30T19:13:26.632Z",
                "last_flood_time": "2025-10-30T19:00:49.753Z",
                "last_measurement_time": "2026-05-06T16:09:34.218Z",
                "max_depth_inches_of_any_flood": 16.41732283464567,
                "max_depth_inches_of_last_flood": 1.220472440944882,
                "mounted_over": "sidewalk",
                "name": "BK - 4th Av/Garfield Pl",
                "neighborhood": "Park Slope",
                "sensor_mount": "streetsign post",
                "start_time": "2021-07-15T00:00:00Z",
                "status": "online"
            }
        },
        {
            "type": "Feature",
            "id": "eminently-growing-werewolf",
            "geometry": {
                "type": "Point",
                "coordinates": [
                    -73.92663,
                    40.81355
                ]
            },
            "properties": {
                "borough": "Bronx",
                "date_deployed": "2025-09-04T13:48:00Z",
                "date_down": null,
                "end_time": null,
                "fk_status": "visible",
                "flood_event_count": 1,
                "id": "eminently-growing-werewolf",
                "last_depth_inches": 0,
                "last_flood_end_time": "2025-10-30T19:52:00.109Z",
                "last_flood_time": "2025-10-30T19:17:00.14Z",
                "last_measurement_time": "2026-05-06T16:09:29.335Z",
                "max_depth_inches_of_any_flood": 4.291338582677165,
                "max_depth_inches_of_last_flood": 4.291338582677165,
                "mounted_over": "sidewalk",
                "name": "BX - Rider Ave / E 140th St",
                "neighborhood": "Concourse Village",
                "sensor_mount": "streetsign-post",
                "start_time": "2025-09-04T13:48:00Z",
                "status": "online"
            }
        },
        {
            "type": "Feature",
            "id": "externally-cuddly-termite",
            "geometry": {
                "type": "Point",
                "coordinates": [
                    -73.88155,
                    40.86869
                ]
            },
            "properties": {
                "borough": "Bronx",
                "date_deployed": "2025-03-27T11:33:00Z",
                "date_down": null,
                "end_time": null,
                "fk_status": "visible",
                "flood_event_count": 0,
                "id": "externally-cuddly-termite",
                "last_depth_inches": null,
                "last_flood_end_time": null,
                "last_flood_time": null,
                "last_measurement_time": null,
                "max_depth_inches_of_any_flood": null,
                "max_depth_inches_of_last_flood": null,
                "mounted_over": "sidewalk",
                "name": "BX - Webster Ave/Mosholu Pkwy S",
                "neighborhood": "Bedford Park",
                "sensor_mount": "streetsign-post",
                "start_time": "2025-03-27T11:33:00Z",
                "status": "offline"
            }
        },
        {
            "type": "Feature",
            "id": "readily-joyful-octopus",
            "geometry": {
                "type": "Point",
                "coordinates": [
                    -73.823292537,
                    40.601897261
                ]
            },
            "properties": {
                "borough": "Queens",
                "date_deployed": "2026-04-24T14:04:00Z",
                "date_down": null,
                "end_time": null,
                "fk_status": "visible",
                "flood_event_count": 0,
                "id": "readily-joyful-octopus",
                "last_depth_inches": 0,
                "last_flood_end_time": null,
                "last_flood_time": null,
                "last_measurement_time": "2026-05-06T16:08:50.32Z",
                "max_depth_inches_of_any_flood": null,
                "max_depth_inches_of_last_flood": null,
                "mounted_over": "sidewalk",
                "name": "Q - W16th Rd/Cross Bay Blvd",
                "neighborhood": "Broad Channel",
                "sensor_mount": "utility-pole",
                "start_time": "2026-04-24T14:04:00Z",
                "status": "online"
            }
        },
        {
            "type": "Feature",
            "id": "overly-useful-adder",
            "geometry": {
                "type": "Point",
                "coordinates": [
                    -73.803557,
                    40.70048
                ]
            },
            "properties": {
                "borough": "Queens",
                "date_deployed": "2026-04-29T11:33:00Z",
                "date_down": null,
                "end_time": null,
                "fk_status": "visible",
                "flood_event_count": 0,
                "id": "overly-useful-adder",
                "last_depth_inches": null,
                "last_flood_end_time": null,
                "last_flood_time": null,
                "last_measurement_time": null,
                "max_depth_inches_of_any_flood": null,
                "max_depth_inches_of_last_flood": null,
                "mounted_over": "sidewalk",
                "name": "Q - 150th St/94th Ave",
                "neighborhood": "Jamaica Center",
                "sensor_mount": "streetsign-post",
                "start_time": "2026-04-29T11:33:00Z",
                "status": "offline"
            }
        },
        {
            "type": "Feature",
            "id": "jolly_tender_squid",
            "geometry": {
                "type": "Point",
                "coordinates": [
                    -74.00339626,
                    40.67573424
                ]
            },
            "properties": {
                "borough": "Brooklyn",
                "date_deployed": "2022-02-18T00:00:00Z",
                "date_down": null,
                "end_time": null,
                "fk_status": "visible",
                "flood_event_count": 0,
                "id": "jolly_tender_squid",
                "last_depth_inches": null,
                "last_flood_end_time": null,
                "last_flood_time": null,
                "last_measurement_time": null,
                "max_depth_inches_of_any_flood": null,
                "max_depth_inches_of_last_flood": null,
                "mounted_over": "sidewalk",
                "name": "BK - Henry St/Mill St",
                "neighborhood": "Red Hook",
                "sensor_mount": "streetsign post",
                "start_time": "2022-02-18T00:00:00Z",
                "status": "offline"
            }
        },
        {
            "type": "Feature",
            "id": "curly_furry_squirrel",
            "geometry": {
                "type": "Point",
                "coordinates": [
                    -73.88184068,
                    40.76466648
                ]
            },
            "properties": {
                "borough": "Queens",
                "date_deployed": "2024-01-12T00:00:00Z",
                "date_down": null,
                "end_time": null,
                "fk_status": "visible",
                "flood_event_count": 4,
                "id": "curly_furry_squirrel",
                "last_depth_inches": 0,
                "last_flood_end_time": "2026-03-12T05:07:36.754Z",
                "last_flood_time": "2026-03-12T04:17:36.691Z",
                "last_measurement_time": "2026-05-06T16:10:19.717Z",
                "max_depth_inches_of_any_flood": 4.37007874015748,
                "max_depth_inches_of_last_flood": 0.7874015748031498,
                "mounted_over": "road",
                "name": "Q - 87th St/Astoria Blvd",
                "neighborhood": "East Elmhurst",
                "sensor_mount": "utility pole",
                "start_time": "2024-01-12T00:00:00Z",
                "status": "online"
            }
        },
        {
            "type": "Feature",
            "id": "jolly_tight_swine",
            "geometry": {
                "type": "Point",
                "coordinates": [
                    -73.965033093,
                    40.579018404
                ]
            },
            "properties": {
                "borough": "Brooklyn",
                "date_deployed": "2024-10-31T12:38:00Z",
                "date_down": null,
                "end_time": null,
                "fk_status": "visible",
                "flood_event_count": 2,
                "id": "jolly_tight_swine",
                "last_depth_inches": 0,
                "last_flood_end_time": "2026-03-12T12:08:37.975Z",
                "last_flood_time": "2026-03-12T11:52:37.994Z",
                "last_measurement_time": "2026-05-06T16:10:08.023Z",
                "max_depth_inches_of_any_flood": 0.7874015748031498,
                "max_depth_inches_of_last_flood": 0.5118110236220472,
                "mounted_over": "sidewalk",
                "name": "BK - Ocean View Ave / Brighton 3rd St",
                "neighborhood": "Manhattan Beach",
                "sensor_mount": "streetsign-post",
                "start_time": "2024-10-31T12:38:00Z",
                "status": "online"
            }
        },
        {
            "type": "Feature",
            "id": "hopelessly-accepted-louse",
            "geometry": {
                "type": "Point",
                "coordinates": [
                    -73.9815246,
                    40.7862165
                ]
            },
            "properties": {
                "borough": "Manhattan",
                "date_deployed": "2025-02-27T12:00:00Z",
                "date_down": null,
                "end_time": null,
                "fk_status": "visible",
                "flood_event_count": 0,
                "id": "hopelessly-accepted-louse",
                "last_depth_inches": 0,
                "last_flood_end_time": null,
                "last_flood_time": null,
                "last_measurement_time": "2026-05-06T16:06:05.786Z",
                "max_depth_inches_of_any_flood": null,
                "max_depth_inches_of_last_flood": null,
                "mounted_over": "sidewalk",
                "name": "M - W 81st St/ Riverside Dr",
                "neighborhood": "Upper West Side",
                "sensor_mount": "streetsign-post",
                "start_time": "2025-02-27T12:00:00Z",
                "status": "online"
            }
        },
        {
            "type": "Feature",
            "id": "entirely-integral-muskrat",
            "geometry": {
                "type": "Point",
                "coordinates": [
                    -73.907905959,
                    40.803499449
                ]
            },
            "properties": {
                "borough": "Bronx",
                "date_deployed": "2025-09-04T14:09:00Z",
                "date_down": null,
                "end_time": null,
                "fk_status": "visible",
                "flood_event_count": 1,
                "id": "entirely-integral-muskrat",
                "last_depth_inches": 0,
                "last_flood_end_time": "2025-10-30T20:13:18.199Z",
                "last_flood_time": "2025-10-30T19:17:19.199Z",
                "last_measurement_time": "2026-05-06T16:10:31.04Z",
                "max_depth_inches_of_any_flood": 11.25984251968504,
                "max_depth_inches_of_last_flood": 11.25984251968504,
                "mounted_over": "sidewalk",
                "name": "BX - Walnut Ave / E 139th St",
                "neighborhood": "Port Morris",
                "sensor_mount": "streetsign-post",
                "start_time": "2025-09-04T14:09:00Z",
                "status": "online"
            }
        },
        {
            "type": "Feature",
            "id": "kindly_wanted_skunk",
            "geometry": {
                "type": "Point",
                "coordinates": [
                    -74.0010209,
                    40.5770213
                ]
            },
            "properties": {
                "borough": "Brooklyn",
                "date_deployed": "2024-06-20T00:00:00Z",
                "date_down": null,
                "end_time": null,
                "fk_status": "visible",
                "flood_event_count": 14,
                "id": "kindly_wanted_skunk",
                "last_depth_inches": 0,
                "last_flood_end_time": "2026-03-06T06:18:19.01Z",
                "last_flood_time": "2026-03-06T04:17:18.391Z",
                "last_measurement_time": "2026-05-06T16:05:06.535Z",
                "max_depth_inches_of_any_flood": 7.04724409448819,
                "max_depth_inches_of_last_flood": 2.913385826771654,
                "mounted_over": "sidewalk",
                "name": "BK - Neptune Ave W 35th St",
                "neighborhood": "Sea Gate",
                "sensor_mount": "streetsign post ",
                "start_time": "2024-06-20T00:00:00Z",
                "status": "online"
            }
        },
        {
            "type": "Feature",
            "id": "early_calm_ghoul",
            "geometry": {
                "type": "Point",
                "coordinates": [
                    -73.9231089,
                    40.7014202
                ]
            },
            "properties": {
                "borough": "Brooklyn",
                "date_deployed": "2023-06-02T00:00:00Z",
                "date_down": null,
                "end_time": null,
                "fk_status": "visible",
                "flood_event_count": 3,
                "id": "early_calm_ghoul",
                "last_depth_inches": 0,
                "last_flood_end_time": "2025-10-30T21:15:42.328Z",
                "last_flood_time": "2025-10-30T19:09:13.52Z",
                "last_measurement_time": "2026-05-06T16:09:32.419Z",
                "max_depth_inches_of_any_flood": 22.755905511811026,
                "max_depth_inches_of_last_flood": 22.755905511811026,
                "mounted_over": "sidewalk",
                "name": "BK - Knickerbocker Ave/ Hart St",
                "neighborhood": "Bushwick",
                "sensor_mount": "streetsign post",
                "start_time": "2023-06-02T00:00:00Z",
                "status": "online"
            }
        },
        {
            "type": "Feature",
            "id": "kindly_loving_pug",
            "geometry": {
                "type": "Point",
                "coordinates": [
                    -73.909430722,
                    40.751047217
                ]
            },
            "properties": {
                "borough": "Queens",
                "date_deployed": "2024-05-03T00:00:00Z",
                "date_down": null,
                "end_time": null,
                "fk_status": "visible",
                "flood_event_count": 0,
                "id": "kindly_loving_pug",
                "last_depth_inches": 0,
                "last_flood_end_time": null,
                "last_flood_time": null,
                "last_measurement_time": "2026-05-06T16:10:08.573Z",
                "max_depth_inches_of_any_flood": null,
                "max_depth_inches_of_last_flood": null,
                "mounted_over": "sidewalk",
                "name": "Q - 37th Rd/Woodside Ave",
                "neighborhood": "Woodside",
                "sensor_mount": "streetsign post",
                "start_time": "2024-05-03T00:00:00Z",
                "status": "online"
            }
        },
        {
            "type": "Feature",
            "id": "lame_wicked_maid",
            "geometry": {
                "type": "Point",
                "coordinates": [
                    -73.789528,
                    40.849297
                ]
            },
            "properties": {
                "borough": "Bronx",
                "date_deployed": "2023-10-12T00:00:00Z",
                "date_down": null,
                "end_time": null,
                "fk_status": "visible",
                "flood_event_count": 312,
                "id": "lame_wicked_maid",
                "last_depth_inches": null,
                "last_flood_end_time": "2026-04-22T13:13:01.875Z",
                "last_flood_time": "2026-04-22T09:59:11.989Z",
                "last_measurement_time": null,
                "max_depth_inches_of_any_flood": 34.645669291338585,
                "max_depth_inches_of_last_flood": 1.220472440944882,
                "mounted_over": "sidewalk",
                "name": "BX - Ditmars St/Hunter Ave 2",
                "neighborhood": "City Island",
                "sensor_mount": "streetsign post",
                "start_time": "2023-10-12T00:00:00Z",
                "status": "offline"
            }
        },
        {
            "type": "Feature",
            "id": "empty_lime_octopus",
            "geometry": {
                "type": "Point",
                "coordinates": [
                    -73.942530078,
                    40.747179476
                ]
            },
            "properties": {
                "borough": "Queens",
                "date_deployed": "2025-08-29T12:04:00Z",
                "date_down": null,
                "end_time": null,
                "fk_status": "visible",
                "flood_event_count": 1,
                "id": "empty_lime_octopus",
                "last_depth_inches": 0,
                "last_flood_end_time": "2026-03-12T04:37:09.722Z",
                "last_flood_time": "2026-03-12T04:04:10.085Z",
                "last_measurement_time": "2026-05-06T16:10:15.929Z",
                "max_depth_inches_of_any_flood": 0.7874015748031498,
                "max_depth_inches_of_last_flood": 0.7874015748031498,
                "mounted_over": "sidewalk",
                "name": "Q - 44th Dr / Jackson Ave",
                "neighborhood": "Hunters Point",
                "sensor_mount": "streetsign-post",
                "start_time": "2025-08-29T12:04:00Z",
                "status": "online"
            }
        },
        {
            "type": "Feature",
            "id": "awfully-feasible-swan",
            "geometry": {
                "type": "Point",
                "coordinates": [
                    -73.787458281,
                    40.742675636
                ]
            },
            "properties": {
                "borough": "Queens",
                "date_deployed": "2025-09-11T12:00:00Z",
                "date_down": null,
                "end_time": null,
                "fk_status": "visible",
                "flood_event_count": 1,
                "id": "awfully-feasible-swan",
                "last_depth_inches": 0,
                "last_flood_end_time": "2025-10-30T20:24:34.195Z",
                "last_flood_time": "2025-10-30T19:52:34.195Z",
                "last_measurement_time": "2026-05-06T16:10:19.41Z",
                "max_depth_inches_of_any_flood": 9.212598425196854,
                "max_depth_inches_of_last_flood": 9.212598425196854,
                "mounted_over": "sidewalk",
                "name": "Q - 188th St/ 58th Ave",
                "neighborhood": "Fresh Meadows",
                "sensor_mount": "streetsign-post",
                "start_time": "2025-09-11T12:00:00Z",
                "status": "online"
            }
        },
        {
            "type": "Feature",
            "id": "lately_tender_jackal",
            "geometry": {
                "type": "Point",
                "coordinates": [
                    -73.90001916,
                    40.73714954
                ]
            },
            "properties": {
                "borough": "Queens",
                "date_deployed": "2024-05-03T00:00:00Z",
                "date_down": null,
                "end_time": null,
                "fk_status": "down",
                "flood_event_count": 3,
                "id": "lately_tender_jackal",
                "last_depth_inches": null,
                "last_flood_end_time": "2026-04-01T01:06:20.966Z",
                "last_flood_time": "2026-03-31T23:56:20.677Z",
                "last_measurement_time": null,
                "max_depth_inches_of_any_flood": 1.9685039370078745,
                "max_depth_inches_of_last_flood": 1.377952755905512,
                "mounted_over": "sidewalk",
                "name": "Q - 50th Ave/65th Pl",
                "neighborhood": "Woodside",
                "sensor_mount": "streetsign post",
                "start_time": "2024-05-03T00:00:00Z",
                "status": "offline"
            }
        },
        {
            "type": "Feature",
            "id": "closely_muddy_scurvy",
            "geometry": {
                "type": "Point",
                "coordinates": [
                    -73.87997808,
                    40.76183408
                ]
            },
            "properties": {
                "borough": "Queens",
                "date_deployed": "2024-01-12T00:00:00Z",
                "date_down": null,
                "end_time": null,
                "fk_status": "visible",
                "flood_event_count": 0,
                "id": "closely_muddy_scurvy",
                "last_depth_inches": 0,
                "last_flood_end_time": null,
                "last_flood_time": null,
                "last_measurement_time": "2026-05-06T16:10:32.996Z",
                "max_depth_inches_of_any_flood": null,
                "max_depth_inches_of_last_flood": null,
                "mounted_over": "sidewalk",
                "name": "Q - 30th Ave/89th St",
                "neighborhood": "East Elmhurst",
                "sensor_mount": "streetsign post",
                "start_time": "2024-01-12T00:00:00Z",
                "status": "online"
            }
        },
        {
            "type": "Feature",
            "id": "easily-dominant-snake",
            "geometry": {
                "type": "Point",
                "coordinates": [
                    -73.745609477,
                    40.649528268
                ]
            },
            "properties": {
                "borough": "Queens",
                "date_deployed": "2024-10-10T10:37:00Z",
                "date_down": null,
                "end_time": null,
                "fk_status": "visible",
                "flood_event_count": 54,
                "id": "easily-dominant-snake",
                "last_depth_inches": 0,
                "last_flood_end_time": "2026-04-30T19:22:42.615Z",
                "last_flood_time": "2026-04-30T18:35:42.434Z",
                "last_measurement_time": "2026-05-06T16:09:42.443Z",
                "max_depth_inches_of_any_flood": 13.937007874015745,
                "max_depth_inches_of_last_flood": 1.0236220472440944,
                "mounted_over": "dirt",
                "name": "Q - Brookville Blvd/ Snake Rd 3",
                "neighborhood": "Rosedale",
                "sensor_mount": "utility-pole",
                "start_time": "2024-10-10T10:37:00Z",
                "status": "online"
            }
        },
        {
            "type": "Feature",
            "id": "light_maroon_penguin",
            "geometry": {
                "type": "Point",
                "coordinates": [
                    -73.960584,
                    40.69933611
                ]
            },
            "properties": {
                "borough": "Brooklyn",
                "date_deployed": "2023-03-09T00:00:00Z",
                "date_down": null,
                "end_time": null,
                "fk_status": "visible",
                "flood_event_count": 2,
                "id": "light_maroon_penguin",
                "last_depth_inches": 0,
                "last_flood_end_time": "2025-10-30T20:17:20.786Z",
                "last_flood_time": "2025-10-30T19:03:42.768Z",
                "last_measurement_time": "2026-05-06T16:10:25.271Z",
                "max_depth_inches_of_any_flood": 11.73228346456693,
                "max_depth_inches_of_last_flood": 8.188976377952756,
                "mounted_over": "sidewalk",
                "name": "BK - Kent Ave/Wallabout St",
                "neighborhood": "Williamsburg",
                "sensor_mount": "streetsign post",
                "start_time": "2023-03-09T00:00:00Z",
                "status": "online"
            }
        },
        {
            "type": "Feature",
            "id": "literally-accurate-piglet",
            "geometry": {
                "type": "Point",
                "coordinates": [
                    -73.980719546,
                    40.696065018
                ]
            },
            "properties": {
                "borough": "Brooklyn",
                "date_deployed": "2025-08-13T12:54:00Z",
                "date_down": "2025-08-21T12:00:00Z",
                "end_time": "2025-08-21T12:00:00Z",
                "fk_status": "hidden",
                "flood_event_count": 0,
                "id": "literally-accurate-piglet",
                "last_depth_inches": null,
                "last_flood_end_time": null,
                "last_flood_time": null,
                "last_measurement_time": null,
                "max_depth_inches_of_any_flood": null,
                "max_depth_inches_of_last_flood": null,
                "mounted_over": "sidewalk",
                "name": "BK - Tillary St / Navy St ",
                "neighborhood": "Downtown Brooklyn",
                "sensor_mount": "streetsign-post",
                "start_time": "2025-08-13T12:54:00Z",
                "status": "retired"
            }
        },
        {
            "type": "Feature",
            "id": "likely-well-thrush",
            "geometry": {
                "type": "Point",
                "coordinates": [
                    -74.0726924,
                    40.5891322
                ]
            },
            "properties": {
                "borough": "Staten Island",
                "date_deployed": "2023-03-24T00:00:00Z",
                "date_down": null,
                "end_time": null,
                "fk_status": "visible",
                "flood_event_count": 5,
                "id": "likely-well-thrush",
                "last_depth_inches": 0,
                "last_flood_end_time": "2026-04-15T22:40:37.935Z",
                "last_flood_time": "2026-04-15T22:21:38.883Z",
                "last_measurement_time": "2026-05-06T16:09:45.381Z",
                "max_depth_inches_of_any_flood": 2.047244094488189,
                "max_depth_inches_of_last_flood": 0.905511811023622,
                "mounted_over": "sidewalk",
                "name": "SI - McLaughlin St/Agnes Pl",
                "neighborhood": "South Beach",
                "sensor_mount": null,
                "start_time": "2023-03-24T00:00:00Z",
                "status": "online"
            }
        },
        {
            "type": "Feature",
            "id": "lately_tops_coral",
            "geometry": {
                "type": "Point",
                "coordinates": [
                    -74.020725475,
                    40.641338868
                ]
            },
            "properties": {
                "borough": "Brooklyn",
                "date_deployed": "2024-08-07T03:38:00Z",
                "date_down": null,
                "end_time": null,
                "fk_status": "visible",
                "flood_event_count": 0,
                "id": "lately_tops_coral",
                "last_depth_inches": 0,
                "last_flood_end_time": null,
                "last_flood_time": null,
                "last_measurement_time": "2026-05-06T16:09:42.991Z",
                "max_depth_inches_of_any_flood": null,
                "max_depth_inches_of_last_flood": null,
                "mounted_over": "sidewalk",
                "name": "BK - 3rd Ave/61st St",
                "neighborhood": "Sunset Park",
                "sensor_mount": "streetsign-post",
                "start_time": "2024-08-07T03:38:00Z",
                "status": "online"
            }
        },
        {
            "type": "Feature",
            "id": "likely_prompt_gibbon",
            "geometry": {
                "type": "Point",
                "coordinates": [
                    -73.976246985,
                    40.717852396
                ]
            },
            "properties": {
                "borough": "Manhattan",
                "date_deployed": "2024-05-10T00:00:00Z",
                "date_down": null,
                "end_time": null,
                "fk_status": "visible",
                "flood_event_count": 2,
                "id": "likely_prompt_gibbon",
                "last_depth_inches": 0,
                "last_flood_end_time": "2026-03-12T04:48:01.8Z",
                "last_flood_time": "2026-03-12T04:32:01.8Z",
                "last_measurement_time": "2026-05-06T16:10:07.808Z",
                "max_depth_inches_of_any_flood": 0.5905511811023623,
                "max_depth_inches_of_last_flood": 0.5905511811023623,
                "mounted_over": "sidewalk",
                "name": "M - Mangin St/Stanton St",
                "neighborhood": "Lower East Side",
                "sensor_mount": "streetsign post",
                "start_time": "2024-05-10T00:00:00Z",
                "status": "online"
            }
        },
        {
            "type": "Feature",
            "id": "early_mature_grub",
            "geometry": {
                "type": "Point",
                "coordinates": [
                    -73.8760041,
                    40.660734734
                ]
            },
            "properties": {
                "borough": "Brooklyn",
                "date_deployed": "2024-08-23T03:38:00Z",
                "date_down": null,
                "end_time": null,
                "fk_status": "visible",
                "flood_event_count": 1,
                "id": "early_mature_grub",
                "last_depth_inches": 0,
                "last_flood_end_time": "2026-03-12T04:34:19.948Z",
                "last_flood_time": "2026-03-12T04:13:19.963Z",
                "last_measurement_time": "2026-05-06T16:10:06.223Z",
                "max_depth_inches_of_any_flood": 0.6692913385826771,
                "max_depth_inches_of_last_flood": 0.6692913385826771,
                "mounted_over": "sidewalk",
                "name": "BK - Linwood St/Wortman Ave",
                "neighborhood": "East New York",
                "sensor_mount": "streetsign-post",
                "start_time": "2024-08-23T03:38:00Z",
                "status": "online"
            }
        },
        {
            "type": "Feature",
            "id": "gently_model_piglet",
            "geometry": {
                "type": "Point",
                "coordinates": [
                    -74.0184865,
                    40.6473476
                ]
            },
            "properties": {
                "borough": "Brooklyn",
                "date_deployed": "2024-04-18T00:00:00Z",
                "date_down": null,
                "end_time": null,
                "fk_status": "visible",
                "flood_event_count": 1,
                "id": "gently_model_piglet",
                "last_depth_inches": 0,
                "last_flood_end_time": "2026-03-05T20:55:14.17Z",
                "last_flood_time": "2026-03-05T20:29:14.175Z",
                "last_measurement_time": "2026-05-06T16:09:52.86Z",
                "max_depth_inches_of_any_flood": 2.0866141732283467,
                "max_depth_inches_of_last_flood": 2.0866141732283467,
                "mounted_over": "sidewalk",
                "name": "BK - 2nd Ave/53rd St",
                "neighborhood": "Sunset Park",
                "sensor_mount": "streetsign post",
                "start_time": "2024-04-18T00:00:00Z",
                "status": "online"
            }
        },
        {
            "type": "Feature",
            "id": "highly_master_pony",
            "geometry": {
                "type": "Point",
                "coordinates": [
                    -74.098358203,
                    40.580027491
                ]
            },
            "properties": {
                "borough": "Staten Island",
                "date_deployed": "2023-05-19T00:00:00Z",
                "date_down": null,
                "end_time": null,
                "fk_status": "visible",
                "flood_event_count": 1,
                "id": "highly_master_pony",
                "last_depth_inches": 0,
                "last_flood_end_time": "2023-09-29T14:43:42.537Z",
                "last_flood_time": "2023-09-29T13:25:48.365Z",
                "last_measurement_time": "2026-05-06T15:52:46.981Z",
                "max_depth_inches_of_any_flood": 1.0236220472440944,
                "max_depth_inches_of_last_flood": 1.0236220472440944,
                "mounted_over": "sidewalk",
                "name": "SI - Boundary Ave/ Hull Ave",
                "neighborhood": "Midland Beach",
                "sensor_mount": "streetsign post",
                "start_time": "2023-05-19T00:00:00Z",
                "status": "online"
            }
        },
        {
            "type": "Feature",
            "id": "horribly-fond-wren",
            "geometry": {
                "type": "Point",
                "coordinates": [
                    -73.8104879,
                    40.8233157
                ]
            },
            "properties": {
                "borough": "Bronx",
                "date_deployed": "2025-01-23T10:40:00Z",
                "date_down": "2025-02-26T12:00:00Z",
                "end_time": "2025-02-26T12:00:00Z",
                "fk_status": "retired",
                "flood_event_count": 0,
                "id": "horribly-fond-wren",
                "last_depth_inches": null,
                "last_flood_end_time": null,
                "last_flood_time": null,
                "last_measurement_time": null,
                "max_depth_inches_of_any_flood": null,
                "max_depth_inches_of_last_flood": null,
                "mounted_over": "road",
                "name": "BX - Sampson Ave/ 7th Ave",
                "neighborhood": "Edgewater Park",
                "sensor_mount": "streetsign-post",
                "start_time": "2025-01-23T10:40:00Z",
                "status": "retired"
            }
        },
        {
            "type": "Feature",
            "id": "evenly_cute_tomcat",
            "geometry": {
                "type": "Point",
                "coordinates": [
                    -73.7816151,
                    40.6922895
                ]
            },
            "properties": {
                "borough": "Queens",
                "date_deployed": "2023-09-21T00:00:00Z",
                "date_down": null,
                "end_time": null,
                "fk_status": "visible",
                "flood_event_count": 1,
                "id": "evenly_cute_tomcat",
                "last_depth_inches": null,
                "last_flood_end_time": "2025-10-30T21:03:10.714Z",
                "last_flood_time": "2025-10-30T19:53:11.687Z",
                "last_measurement_time": null,
                "max_depth_inches_of_any_flood": 8.031496062992128,
                "max_depth_inches_of_last_flood": 8.031496062992128,
                "mounted_over": "sidewalk",
                "name": "Q - 169th St/Sayres Ave",
                "neighborhood": "South Jamaica",
                "sensor_mount": "streetsign post",
                "start_time": "2023-09-21T00:00:00Z",
                "status": "offline"
            }
        },
        {
            "type": "Feature",
            "id": "evenly_divine_dingo",
            "geometry": {
                "type": "Point",
                "coordinates": [
                    -74.0160698,
                    40.6746023
                ]
            },
            "properties": {
                "borough": "Brooklyn",
                "date_deployed": "2022-02-18T00:00:00Z",
                "date_down": "2022-12-27T00:00:00Z",
                "end_time": "2022-12-27T00:00:00Z",
                "fk_status": "retired",
                "flood_event_count": 1,
                "id": "evenly_divine_dingo",
                "last_depth_inches": null,
                "last_flood_end_time": "2022-09-13T09:00:46.184Z",
                "last_flood_time": "2022-09-13T08:29:07.687Z",
                "last_measurement_time": null,
                "max_depth_inches_of_any_flood": 4.921259842519686,
                "max_depth_inches_of_last_flood": 4.921259842519686,
                "mounted_over": "sidewalk",
                "name": "BK - Van Brunt St/Reed St",
                "neighborhood": "Red Hook",
                "sensor_mount": "streetsign post",
                "start_time": "2022-02-18T00:00:00Z",
                "status": "retired"
            }
        },
        {
            "type": "Feature",
            "id": "barely_hot_aphid",
            "geometry": {
                "type": "Point",
                "coordinates": [
                    -73.9361833,
                    40.6602317
                ]
            },
            "properties": {
                "borough": "Brooklyn",
                "date_deployed": "2023-05-24T00:00:00Z",
                "date_down": null,
                "end_time": null,
                "fk_status": "visible",
                "flood_event_count": 0,
                "id": "barely_hot_aphid",
                "last_depth_inches": 0,
                "last_flood_end_time": null,
                "last_flood_time": null,
                "last_measurement_time": "2026-05-06T16:09:31.721Z",
                "max_depth_inches_of_any_flood": null,
                "max_depth_inches_of_last_flood": null,
                "mounted_over": "sidewalk",
                "name": "BK - E 45th St/ Rutland Rd",
                "neighborhood": "Wingate",
                "sensor_mount": "streetsign post",
                "start_time": "2023-05-24T00:00:00Z",
                "status": "online"
            }
        },
        {
            "type": "Feature",
            "id": "lively_dear_crane",
            "geometry": {
                "type": "Point",
                "coordinates": [
                    -73.818351992,
                    40.60854532
                ]
            },
            "properties": {
                "borough": "Queens",
                "date_deployed": "2024-07-19T12:01:00Z",
                "date_down": "2025-08-21T19:45:00Z",
                "end_time": "2025-08-21T19:45:00Z",
                "fk_status": "retired",
                "flood_event_count": 8,
                "id": "lively_dear_crane",
                "last_depth_inches": null,
                "last_flood_end_time": "2024-11-16T13:41:55.22Z",
                "last_flood_time": "2024-11-16T13:14:20.049Z",
                "last_measurement_time": null,
                "max_depth_inches_of_any_flood": 4.881889763779528,
                "max_depth_inches_of_last_flood": 1.2598425196850396,
                "mounted_over": "sidewalk",
                "name": "Q - Church Rd/E 7th Rd",
                "neighborhood": "Broad Channel",
                "sensor_mount": "streetsign-post",
                "start_time": "2024-07-19T12:01:00Z",
                "status": "retired"
            }
        },
        {
            "type": "Feature",
            "id": "duly_pro_vervet",
            "geometry": {
                "type": "Point",
                "coordinates": [
                    -73.83156638,
                    40.65431241
                ]
            },
            "properties": {
                "borough": "Queens",
                "date_deployed": "2021-03-05T00:00:00Z",
                "date_down": null,
                "end_time": null,
                "fk_status": "visible",
                "flood_event_count": 134,
                "id": "duly_pro_vervet",
                "last_depth_inches": 0,
                "last_flood_end_time": "2026-04-19T05:06:29.561Z",
                "last_flood_time": "2026-04-19T00:49:29.495Z",
                "last_measurement_time": "2026-05-06T16:10:16.86Z",
                "max_depth_inches_of_any_flood": 31.338582677165356,
                "max_depth_inches_of_last_flood": 14.645669291338582,
                "mounted_over": "road",
                "name": "Q - Russell St 1",
                "neighborhood": "Howard Beach",
                "sensor_mount": "streetsign post",
                "start_time": "2021-03-05T00:00:00Z",
                "status": "online"
            }
        },
        {
            "type": "Feature",
            "id": "daily_ace_bear",
            "geometry": {
                "type": "Point",
                "coordinates": [
                    -73.915237583,
                    40.664864556
                ]
            },
            "properties": {
                "borough": "Brooklyn",
                "date_deployed": "2023-05-24T00:00:00Z",
                "date_down": null,
                "end_time": null,
                "fk_status": "visible",
                "flood_event_count": 1,
                "id": "daily_ace_bear",
                "last_depth_inches": 0,
                "last_flood_end_time": "2026-03-12T04:27:30.112Z",
                "last_flood_time": "2026-03-12T04:08:29.747Z",
                "last_measurement_time": "2026-05-06T16:09:14.567Z",
                "max_depth_inches_of_any_flood": 0.8267716535433071,
                "max_depth_inches_of_last_flood": 0.8267716535433071,
                "mounted_over": "sidewalk",
                "name": "BK - Blake Ave/Strauss St",
                "neighborhood": "Brownsville",
                "sensor_mount": "streetsign post",
                "start_time": "2023-05-24T00:00:00Z",
                "status": "online"
            }
        },
        {
            "type": "Feature",
            "id": "lively_fancy_pup",
            "geometry": {
                "type": "Point",
                "coordinates": [
                    -74.00152356,
                    40.717411151
                ]
            },
            "properties": {
                "borough": "Manhattan",
                "date_deployed": "2024-07-24T03:38:00Z",
                "date_down": null,
                "end_time": null,
                "fk_status": "visible",
                "flood_event_count": 2,
                "id": "lively_fancy_pup",
                "last_depth_inches": null,
                "last_flood_end_time": "2026-04-19T19:20:20.945Z",
                "last_flood_time": "2026-04-19T19:09:21.39Z",
                "last_measurement_time": null,
                "max_depth_inches_of_any_flood": 0.7480314960629924,
                "max_depth_inches_of_last_flood": 0.7480314960629924,
                "mounted_over": "sidewalk",
                "name": "M - Lafayette St/White St",
                "neighborhood": "Civic Center",
                "sensor_mount": "streetsign-post",
                "start_time": "2024-07-24T03:38:00Z",
                "status": "offline"
            }
        },
        {
            "type": "Feature",
            "id": "newly-true-finch",
            "geometry": {
                "type": "Point",
                "coordinates": [
                    -73.824329303,
                    40.703140888
                ]
            },
            "properties": {
                "borough": "Queens",
                "date_deployed": "2024-09-06T03:38:00Z",
                "date_down": null,
                "end_time": null,
                "fk_status": "visible",
                "flood_event_count": 0,
                "id": "newly-true-finch",
                "last_depth_inches": 0,
                "last_flood_end_time": null,
                "last_flood_time": null,
                "last_measurement_time": "2026-05-06T16:10:02.662Z",
                "max_depth_inches_of_any_flood": null,
                "max_depth_inches_of_last_flood": null,
                "mounted_over": "sidewalk",
                "name": "Q - Hillside Ave/127th St",
                "neighborhood": "Richmond Hill",
                "sensor_mount": "streetsign-post",
                "start_time": "2024-09-06T03:38:00Z",
                "status": "online"
            }
        },
        {
            "type": "Feature",
            "id": "lonely_quiet_bear",
            "geometry": {
                "type": "Point",
                "coordinates": [
                    -73.833552539,
                    40.656566832
                ]
            },
            "properties": {
                "borough": "Queens",
                "date_deployed": "2023-03-17T00:00:00Z",
                "date_down": null,
                "end_time": null,
                "fk_status": "visible",
                "flood_event_count": 60,
                "id": "lonely_quiet_bear",
                "last_depth_inches": 0,
                "last_flood_end_time": "2026-04-19T03:12:36.163Z",
                "last_flood_time": "2026-04-19T01:19:48.731Z",
                "last_measurement_time": "2026-05-06T16:10:18.523Z",
                "max_depth_inches_of_any_flood": 20.07874015748031,
                "max_depth_inches_of_last_flood": 6.850393700787403,
                "mounted_over": "sidewalk",
                "name": "Q - 161st Ave/99th St",
                "neighborhood": "Howard Beach",
                "sensor_mount": "streetsign post",
                "start_time": "2023-03-17T00:00:00Z",
                "status": "online"
            }
        },
        {
            "type": "Feature",
            "id": "lively_stable_gannet",
            "geometry": {
                "type": "Point",
                "coordinates": [
                    -73.975084,
                    40.721652
                ]
            },
            "properties": {
                "borough": "Manhattan",
                "date_deployed": "2024-05-10T00:00:00Z",
                "date_down": null,
                "end_time": null,
                "fk_status": "visible",
                "flood_event_count": 0,
                "id": "lively_stable_gannet",
                "last_depth_inches": 0,
                "last_flood_end_time": null,
                "last_flood_time": null,
                "last_measurement_time": "2026-05-06T15:56:37.239Z",
                "max_depth_inches_of_any_flood": null,
                "max_depth_inches_of_last_flood": null,
                "mounted_over": "sidewalk",
                "name": "M - E 6th St/FDR Dr",
                "neighborhood": "East Village",
                "sensor_mount": "streetsign post",
                "start_time": "2024-05-10T00:00:00Z",
                "status": "online"
            }
        },
        {
            "type": "Feature",
            "id": "loudly-talented-minnow",
            "geometry": {
                "type": "Point",
                "coordinates": [
                    -73.92807,
                    40.82434
                ]
            },
            "properties": {
                "borough": "Bronx",
                "date_deployed": "2025-09-04T12:00:00Z",
                "date_down": null,
                "end_time": null,
                "fk_status": "visible",
                "flood_event_count": 0,
                "id": "loudly-talented-minnow",
                "last_depth_inches": 0,
                "last_flood_end_time": null,
                "last_flood_time": null,
                "last_measurement_time": "2026-05-06T16:08:55.398Z",
                "max_depth_inches_of_any_flood": null,
                "max_depth_inches_of_last_flood": null,
                "mounted_over": "sidewalk",
                "name": "BX - River Ave / E 153rd St",
                "neighborhood": "Concourse Village",
                "sensor_mount": "streetsign-post",
                "start_time": "2025-09-04T12:00:00Z",
                "status": "online"
            }
        },
        {
            "type": "Feature",
            "id": "lively_live_hawk",
            "geometry": {
                "type": "Point",
                "coordinates": [
                    -73.924982,
                    40.8617458
                ]
            },
            "properties": {
                "borough": "Manhattan",
                "date_deployed": "2024-07-02T15:07:00Z",
                "date_down": null,
                "end_time": null,
                "fk_status": "visible",
                "flood_event_count": 3,
                "id": "lively_live_hawk",
                "last_depth_inches": 0,
                "last_flood_end_time": "2025-10-30T21:35:07.082Z",
                "last_flood_time": "2025-10-30T19:08:08.223Z",
                "last_measurement_time": "2026-05-06T16:10:19.492Z",
                "max_depth_inches_of_any_flood": 8.937007874015745,
                "max_depth_inches_of_last_flood": 8.937007874015745,
                "mounted_over": "sidewalk",
                "name": "M - Nagle Ave/Dyckman St",
                "neighborhood": "Inwood",
                "sensor_mount": "streetsign-post",
                "start_time": "2024-07-02T15:07:00Z",
                "status": "online"
            }
        },
        {
            "type": "Feature",
            "id": "loud_silver_turkey",
            "geometry": {
                "type": "Point",
                "coordinates": [
                    -73.73694,
                    40.64969
                ]
            },
            "properties": {
                "borough": "Queens",
                "date_deployed": "2025-11-21T12:00:00Z",
                "date_down": null,
                "end_time": null,
                "fk_status": "visible",
                "flood_event_count": 0,
                "id": "loud_silver_turkey",
                "last_depth_inches": 0,
                "last_flood_end_time": null,
                "last_flood_time": null,
                "last_measurement_time": "2026-05-06T16:10:06.834Z",
                "max_depth_inches_of_any_flood": null,
                "max_depth_inches_of_last_flood": null,
                "mounted_over": "sidewalk",
                "name": "Q - Craft Ave/Huxley St",
                "neighborhood": "Rosedale",
                "sensor_mount": "streetsign-post",
                "start_time": "2025-11-21T12:00:00Z",
                "status": "online"
            }
        },
        {
            "type": "Feature",
            "id": "lively_wanted_louse",
            "geometry": {
                "type": "Point",
                "coordinates": [
                    -73.793350357,
                    40.73440799
                ]
            },
            "properties": {
                "borough": "Queens",
                "date_deployed": "2023-10-26T00:00:00Z",
                "date_down": null,
                "end_time": null,
                "fk_status": "visible",
                "flood_event_count": 3,
                "id": "lively_wanted_louse",
                "last_depth_inches": 0,
                "last_flood_end_time": "2026-03-27T06:40:26.711Z",
                "last_flood_time": "2026-03-27T06:23:26.67Z",
                "last_measurement_time": "2026-05-06T16:09:46.536Z",
                "max_depth_inches_of_any_flood": 11.5748031496063,
                "max_depth_inches_of_last_flood": 0.6299212598425198,
                "mounted_over": "sidewalk",
                "name": "Q - Utopia Pkwy/ 67th Ave",
                "neighborhood": "Utopia",
                "sensor_mount": "streetsign post",
                "start_time": "2023-10-26T00:00:00Z",
                "status": "online"
            }
        },
        {
            "type": "Feature",
            "id": "loudly_nearby_llama",
            "geometry": {
                "type": "Point",
                "coordinates": [
                    -74.016307442,
                    40.649779358
                ]
            },
            "properties": {
                "borough": "Brooklyn",
                "date_deployed": "2024-08-07T03:38:00Z",
                "date_down": "2025-09-17T19:14:00Z",
                "end_time": "2025-09-17T19:14:00Z",
                "fk_status": "retired",
                "flood_event_count": 1,
                "id": "loudly_nearby_llama",
                "last_depth_inches": null,
                "last_flood_end_time": "2025-07-31T20:31:55.799Z",
                "last_flood_time": "2025-07-31T20:11:56.782Z",
                "last_measurement_time": null,
                "max_depth_inches_of_any_flood": 3.897637795275591,
                "max_depth_inches_of_last_flood": 3.897637795275591,
                "mounted_over": "sidewalk",
                "name": "BK - 2nd Ave/49th St",
                "neighborhood": "Sunset Park",
                "sensor_mount": "streetsign-post",
                "start_time": "2024-08-07T03:38:00Z",
                "status": "retired"
            }
        },
        {
            "type": "Feature",
            "id": "daily_mutual_gnat",
            "geometry": {
                "type": "Point",
                "coordinates": [
                    -73.89503694,
                    40.82826298
                ]
            },
            "properties": {
                "borough": "Bronx",
                "date_deployed": "2022-02-11T00:00:00Z",
                "date_down": null,
                "end_time": null,
                "fk_status": "visible",
                "flood_event_count": 0,
                "id": "daily_mutual_gnat",
                "last_depth_inches": 0,
                "last_flood_end_time": null,
                "last_flood_time": null,
                "last_measurement_time": "2026-05-06T16:09:52.694Z",
                "max_depth_inches_of_any_flood": null,
                "max_depth_inches_of_last_flood": null,
                "mounted_over": "sidewalk",
                "name": "BX - Home St/Intervale Av",
                "neighborhood": "Longwood",
                "sensor_mount": "streetsign post",
                "start_time": "2022-02-11T00:00:00Z",
                "status": "online"
            }
        },
        {
            "type": "Feature",
            "id": "neatly_mighty_magpie",
            "geometry": {
                "type": "Point",
                "coordinates": [
                    -73.946140849,
                    40.803118749
                ]
            },
            "properties": {
                "borough": "Manhattan",
                "date_deployed": "2022-11-13T03:38:37.585543Z",
                "date_down": "2024-12-13T12:00:00Z",
                "end_time": "2024-12-13T12:00:00Z",
                "fk_status": "retired",
                "flood_event_count": 0,
                "id": "neatly_mighty_magpie",
                "last_depth_inches": null,
                "last_flood_end_time": null,
                "last_flood_time": null,
                "last_measurement_time": null,
                "max_depth_inches_of_any_flood": null,
                "max_depth_inches_of_last_flood": null,
                "mounted_over": "sidewalk",
                "name": "M - W 119th St/5th Ave",
                "neighborhood": "Central Harlem",
                "sensor_mount": "streetsign-post",
                "start_time": "2022-11-13T03:38:37.585543Z",
                "status": "retired"
            }
        },
        {
            "type": "Feature",
            "id": "loudly_bold_gecko",
            "geometry": {
                "type": "Point",
                "coordinates": [
                    -73.807328515,
                    40.815775737
                ]
            },
            "properties": {
                "borough": "Bronx",
                "date_deployed": "2024-05-09T00:00:00Z",
                "date_down": null,
                "end_time": null,
                "fk_status": "visible",
                "flood_event_count": 5,
                "id": "loudly_bold_gecko",
                "last_depth_inches": 0,
                "last_flood_end_time": "2025-10-30T21:02:13.818Z",
                "last_flood_time": "2025-10-30T19:40:13.793Z",
                "last_measurement_time": "2026-05-06T16:01:54.134Z",
                "max_depth_inches_of_any_flood": 10.196850393700789,
                "max_depth_inches_of_last_flood": 10.196850393700789,
                "mounted_over": "sidewalk",
                "name": "BX - Schurz Ave/Mullan Pl",
                "neighborhood": "Throgs Neck",
                "sensor_mount": "streetsign post",
                "start_time": "2024-05-09T00:00:00Z",
                "status": "online"
            }
        },
        {
            "type": "Feature",
            "id": "kindly_expert_cobra",
            "geometry": {
                "type": "Point",
                "coordinates": [
                    -74.08697,
                    40.579374
                ]
            },
            "properties": {
                "borough": "Staten Island",
                "date_deployed": "2023-09-07T00:00:00Z",
                "date_down": null,
                "end_time": null,
                "fk_status": "down",
                "flood_event_count": 0,
                "id": "kindly_expert_cobra",
                "last_depth_inches": 0,
                "last_flood_end_time": null,
                "last_flood_time": null,
                "last_measurement_time": "2026-05-06T16:09:59.622Z",
                "max_depth_inches_of_any_flood": null,
                "max_depth_inches_of_last_flood": null,
                "mounted_over": "sidewalk",
                "name": "SI - Olympia/ Slater Blvd",
                "neighborhood": "Midland Beach",
                "sensor_mount": "streetsign post",
                "start_time": "2023-09-07T00:00:00Z",
                "status": "online"
            }
        },
        {
            "type": "Feature",
            "id": "loudly_key_quagga",
            "geometry": {
                "type": "Point",
                "coordinates": [
                    -73.740976058,
                    40.638098166
                ]
            },
            "properties": {
                "borough": "Queens",
                "date_deployed": "2024-09-19T11:06:00Z",
                "date_down": null,
                "end_time": null,
                "fk_status": "visible",
                "flood_event_count": 0,
                "id": "loudly_key_quagga",
                "last_depth_inches": 0,
                "last_flood_end_time": null,
                "last_flood_time": null,
                "last_measurement_time": "2026-05-06T16:10:09.175Z",
                "max_depth_inches_of_any_flood": null,
                "max_depth_inches_of_last_flood": null,
                "mounted_over": "sidewalk",
                "name": "Q - 1st St/Rockaway Blvd",
                "neighborhood": "Rosedale",
                "sensor_mount": "utility-pole",
                "start_time": "2024-09-19T11:06:00Z",
                "status": "online"
            }
        },
        {
            "type": "Feature",
            "id": "loudly_subtle_collie",
            "geometry": {
                "type": "Point",
                "coordinates": [
                    -73.998369358,
                    40.575179138
                ]
            },
            "properties": {
                "borough": "Brooklyn",
                "date_deployed": "2024-10-31T12:26:00Z",
                "date_down": null,
                "end_time": null,
                "fk_status": "visible",
                "flood_event_count": 6,
                "id": "loudly_subtle_collie",
                "last_depth_inches": 0,
                "last_flood_end_time": "2026-03-12T12:14:37.325Z",
                "last_flood_time": "2026-03-12T12:01:38.337Z",
                "last_measurement_time": "2026-05-06T16:09:40.771Z",
                "max_depth_inches_of_any_flood": 3.1889763779527565,
                "max_depth_inches_of_last_flood": 0.5905511811023623,
                "mounted_over": "sidewalk",
                "name": "BK - Mermaid Ave/W 32nd St",
                "neighborhood": "Coney Island",
                "sensor_mount": "streetsign-post",
                "start_time": "2024-10-31T12:26:00Z",
                "status": "online"
            }
        },
        {
            "type": "Feature",
            "id": "lovely_indigo_panther",
            "geometry": {
                "type": "Point",
                "coordinates": [
                    -73.855458975,
                    40.840600898
                ]
            },
            "properties": {
                "borough": "Bronx",
                "date_deployed": "2025-09-25T11:26:00Z",
                "date_down": null,
                "end_time": null,
                "fk_status": "visible",
                "flood_event_count": 0,
                "id": "lovely_indigo_panther",
                "last_depth_inches": null,
                "last_flood_end_time": null,
                "last_flood_time": null,
                "last_measurement_time": null,
                "max_depth_inches_of_any_flood": null,
                "max_depth_inches_of_last_flood": null,
                "mounted_over": "sidewalk",
                "name": "BX - Metropolitan Ave/Linden Dr",
                "neighborhood": "Parkchester",
                "sensor_mount": "streetsign-post",
                "start_time": "2025-09-25T11:26:00Z",
                "status": "offline"
            }
        },
        {
            "type": "Feature",
            "id": "lovely_helped_lamb",
            "geometry": {
                "type": "Point",
                "coordinates": [
                    -73.9026575,
                    40.6687423
                ]
            },
            "properties": {
                "borough": "Brooklyn",
                "date_deployed": "2023-05-24T00:00:00Z",
                "date_down": null,
                "end_time": null,
                "fk_status": "visible",
                "flood_event_count": 0,
                "id": "lovely_helped_lamb",
                "last_depth_inches": 0,
                "last_flood_end_time": null,
                "last_flood_time": null,
                "last_measurement_time": "2026-05-06T16:10:27.634Z",
                "max_depth_inches_of_any_flood": null,
                "max_depth_inches_of_last_flood": null,
                "mounted_over": "sidewalk",
                "name": "BK - Junius St/Sutter Ave",
                "neighborhood": "Brownsville",
                "sensor_mount": "streetsign post",
                "start_time": "2023-05-24T00:00:00Z",
                "status": "online"
            }
        },
        {
            "type": "Feature",
            "id": "duly_pumped_wren",
            "geometry": {
                "type": "Point",
                "coordinates": [
                    -73.896245585,
                    40.758414873
                ]
            },
            "properties": {
                "borough": "Queens",
                "date_deployed": "2024-08-22T10:44:00Z",
                "date_down": null,
                "end_time": null,
                "fk_status": "visible",
                "flood_event_count": 0,
                "id": "duly_pumped_wren",
                "last_depth_inches": 0,
                "last_flood_end_time": null,
                "last_flood_time": null,
                "last_measurement_time": "2026-05-06T16:05:39.397Z",
                "max_depth_inches_of_any_flood": null,
                "max_depth_inches_of_last_flood": null,
                "mounted_over": "sidewalk",
                "name": "Q - 71st St/31st Ave",
                "neighborhood": "Jackson Heights",
                "sensor_mount": "streetsign-post",
                "start_time": "2024-08-22T10:44:00Z",
                "status": "online"
            }
        },
        {
            "type": "Feature",
            "id": "lovingly-enchanting-dromedary",
            "geometry": {
                "type": "Point",
                "coordinates": [
                    -73.982282229,
                    40.740154705
                ]
            },
            "properties": {
                "borough": "Manhattan",
                "date_deployed": "2025-10-10T10:46:00Z",
                "date_down": null,
                "end_time": null,
                "fk_status": "visible",
                "flood_event_count": 4,
                "id": "lovingly-enchanting-dromedary",
                "last_depth_inches": 0,
                "last_flood_end_time": "2026-04-23T03:13:48.699Z",
                "last_flood_time": "2026-04-23T03:07:48.699Z",
                "last_measurement_time": "2026-05-06T16:09:11.199Z",
                "max_depth_inches_of_any_flood": 1.6535433070866141,
                "max_depth_inches_of_last_flood": 0.4330708661417323,
                "mounted_over": "sidewalk",
                "name": "M - 3rd Ave/E 25th St",
                "neighborhood": "Gramercy",
                "sensor_mount": "streetsign-post",
                "start_time": "2025-10-10T10:46:00Z",
                "status": "online"
            }
        },
        {
            "type": "Feature",
            "id": "lovely_up_boxer",
            "geometry": {
                "type": "Point",
                "coordinates": [
                    -74.16814694,
                    40.552833876
                ]
            },
            "properties": {
                "borough": "Staten Island",
                "date_deployed": "2024-08-08T03:38:00Z",
                "date_down": null,
                "end_time": null,
                "fk_status": "visible",
                "flood_event_count": 2,
                "id": "lovely_up_boxer",
                "last_depth_inches": 0,
                "last_flood_end_time": "2026-03-12T11:34:16.247Z",
                "last_flood_time": "2026-03-12T11:12:16.199Z",
                "last_measurement_time": "2026-05-06T16:10:24.85Z",
                "max_depth_inches_of_any_flood": 0.6692913385826771,
                "max_depth_inches_of_last_flood": 0.6692913385826771,
                "mounted_over": "sidewalk",
                "name": "SI - Genesee Ave/Richmond Ave",
                "neighborhood": "Eltingville",
                "sensor_mount": "streetsign-post",
                "start_time": "2024-08-08T03:38:00Z",
                "status": "online"
            }
        },
        {
            "type": "Feature",
            "id": "mainly_caring_finch",
            "geometry": {
                "type": "Point",
                "coordinates": [
                    -73.789165,
                    40.849405
                ]
            },
            "properties": {
                "borough": "Bronx",
                "date_deployed": "2023-08-04T00:00:00Z",
                "date_down": "2023-10-12T00:00:00Z",
                "end_time": "2023-10-12T00:00:00Z",
                "fk_status": "retired",
                "flood_event_count": 1,
                "id": "mainly_caring_finch",
                "last_depth_inches": null,
                "last_flood_end_time": "2023-09-29T20:09:46.542Z",
                "last_flood_time": "2023-09-29T12:50:19.684Z",
                "last_measurement_time": null,
                "max_depth_inches_of_any_flood": 9.921259842519683,
                "max_depth_inches_of_last_flood": 9.921259842519683,
                "mounted_over": "sidewalk",
                "name": "BX - Ditmars St/Hunter Ave 1",
                "neighborhood": "City Island",
                "sensor_mount": "streetsign post",
                "start_time": "2023-08-04T00:00:00Z",
                "status": "retired"
            }
        },
        {
            "type": "Feature",
            "id": "mainly_fond_boar",
            "geometry": {
                "type": "Point",
                "coordinates": [
                    -73.8305586,
                    40.6533868
                ]
            },
            "properties": {
                "borough": "Queens",
                "date_deployed": "2021-03-05T00:00:00Z",
                "date_down": "2022-12-14T00:00:00Z",
                "end_time": "2022-12-14T00:00:00Z",
                "fk_status": "retired",
                "flood_event_count": 13,
                "id": "mainly_fond_boar",
                "last_depth_inches": null,
                "last_flood_end_time": "2022-09-09T02:29:24.299Z",
                "last_flood_time": "2022-09-08T23:28:49.408Z",
                "last_measurement_time": null,
                "max_depth_inches_of_any_flood": 16.141732283464567,
                "max_depth_inches_of_last_flood": 4.724409448818898,
                "mounted_over": "road",
                "name": "Q - Davenport Ct 2",
                "neighborhood": "Howard Beach",
                "sensor_mount": "utility pole",
                "start_time": "2021-03-05T00:00:00Z",
                "status": "retired"
            }
        },
        {
            "type": "Feature",
            "id": "evenly_giving_urchin",
            "geometry": {
                "type": "Point",
                "coordinates": [
                    -73.964718009,
                    40.579007289
                ]
            },
            "properties": {
                "borough": "Brooklyn",
                "date_deployed": "2024-08-07T03:38:00Z",
                "date_down": "2024-10-31T12:00:00Z",
                "end_time": "2024-10-31T12:00:00Z",
                "fk_status": "retired",
                "flood_event_count": 0,
                "id": "evenly_giving_urchin",
                "last_depth_inches": null,
                "last_flood_end_time": null,
                "last_flood_time": null,
                "last_measurement_time": null,
                "max_depth_inches_of_any_flood": null,
                "max_depth_inches_of_last_flood": null,
                "mounted_over": "sidewalk",
                "name": "BK - Oceanview Ave/Ocean View Ave",
                "neighborhood": "Manhattan Beach",
                "sensor_mount": "streetsign-post",
                "start_time": "2024-08-07T03:38:00Z",
                "status": "retired"
            }
        },
        {
            "type": "Feature",
            "id": "generally_enormous_panda",
            "geometry": {
                "type": "Point",
                "coordinates": [
                    -73.91379,
                    40.69629627
                ]
            },
            "properties": {
                "borough": "Brooklyn",
                "date_deployed": "2023-11-16T00:00:00Z",
                "date_down": null,
                "end_time": null,
                "fk_status": "down",
                "flood_event_count": 2,
                "id": "generally_enormous_panda",
                "last_depth_inches": 0,
                "last_flood_end_time": "2026-03-06T08:58:58.808Z",
                "last_flood_time": "2026-03-06T08:12:58.789Z",
                "last_measurement_time": "2026-05-06T16:09:44.047Z",
                "max_depth_inches_of_any_flood": 1.456692913385827,
                "max_depth_inches_of_last_flood": 1.1417322834645671,
                "mounted_over": "sidewalk",
                "name": "BK - Knickerbocker Ave/Palmetto St",
                "neighborhood": "Bushwick",
                "sensor_mount": "streetsign post",
                "start_time": "2023-11-16T00:00:00Z",
                "status": "online"
            }
        },
        {
            "type": "Feature",
            "id": "mainly_alert_magpie",
            "geometry": {
                "type": "Point",
                "coordinates": [
                    -73.91946,
                    40.680855
                ]
            },
            "properties": {
                "borough": "Brooklyn",
                "date_deployed": "2024-08-23T03:38:00Z",
                "date_down": null,
                "end_time": null,
                "fk_status": "visible",
                "flood_event_count": 2,
                "id": "mainly_alert_magpie",
                "last_depth_inches": 0,
                "last_flood_end_time": "2025-10-30T19:41:29.188Z",
                "last_flood_time": "2025-10-30T19:13:29.673Z",
                "last_measurement_time": "2026-05-06T16:09:42.847Z",
                "max_depth_inches_of_any_flood": 2.79527559055118,
                "max_depth_inches_of_last_flood": 2.007874015748032,
                "mounted_over": "sidewalk",
                "name": "BK - Marion St/Howard Ave",
                "neighborhood": "Bedford Stuyvesant",
                "sensor_mount": "streetsign-post",
                "start_time": "2024-08-23T03:38:00Z",
                "status": "online"
            }
        },
        {
            "type": "Feature",
            "id": "mainly_moving_emu",
            "geometry": {
                "type": "Point",
                "coordinates": [
                    -73.81399119,
                    40.762515667
                ]
            },
            "properties": {
                "borough": "Queens",
                "date_deployed": "2024-05-02T00:00:00Z",
                "date_down": null,
                "end_time": null,
                "fk_status": "visible",
                "flood_event_count": 0,
                "id": "mainly_moving_emu",
                "last_depth_inches": 0,
                "last_flood_end_time": null,
                "last_flood_time": null,
                "last_measurement_time": "2026-05-06T16:09:17.378Z",
                "max_depth_inches_of_any_flood": null,
                "max_depth_inches_of_last_flood": null,
                "mounted_over": "sidewalk",
                "name": "Q - 150th St/41st Ave",
                "neighborhood": "Murray Hill",
                "sensor_mount": "streetsign post",
                "start_time": "2024-05-02T00:00:00Z",
                "status": "online"
            }
        },
        {
            "type": "Feature",
            "id": "loudly_right_cub",
            "geometry": {
                "type": "Point",
                "coordinates": [
                    -73.895702973,
                    40.656384971
                ]
            },
            "properties": {
                "borough": "Brooklyn",
                "date_deployed": "2024-08-23T03:38:00Z",
                "date_down": null,
                "end_time": null,
                "fk_status": "visible",
                "flood_event_count": 3,
                "id": "loudly_right_cub",
                "last_depth_inches": 0,
                "last_flood_end_time": "2026-03-12T12:08:23.362Z",
                "last_flood_time": "2026-03-12T11:53:24.143Z",
                "last_measurement_time": "2026-05-06T16:09:57.177Z",
                "max_depth_inches_of_any_flood": 2.755905511811024,
                "max_depth_inches_of_last_flood": 0.6692913385826771,
                "mounted_over": "sidewalk",
                "name": "BK - DeWitt Ave/Williams Ave",
                "neighborhood": "New Lots",
                "sensor_mount": "streetsign-post",
                "start_time": "2024-08-23T03:38:00Z",
                "status": "online"
            }
        },
        {
            "type": "Feature",
            "id": "mainly_kind_boxer",
            "geometry": {
                "type": "Point",
                "coordinates": [
                    -73.9426034,
                    40.6599911
                ]
            },
            "properties": {
                "borough": "Brooklyn",
                "date_deployed": "2023-05-24T00:00:00Z",
                "date_down": null,
                "end_time": null,
                "fk_status": "visible",
                "flood_event_count": 3,
                "id": "mainly_kind_boxer",
                "last_depth_inches": 0,
                "last_flood_end_time": "2025-10-30T21:26:22.519Z",
                "last_flood_time": "2025-10-30T19:02:07.975Z",
                "last_measurement_time": "2026-05-06T16:10:12.769Z",
                "max_depth_inches_of_any_flood": 23.346456692913385,
                "max_depth_inches_of_last_flood": 23.346456692913385,
                "mounted_over": "sidewalk",
                "name": "BK - Kingston Ave/Rutland Rd ",
                "neighborhood": "Wingate",
                "sensor_mount": "streetsign post ",
                "start_time": "2023-05-24T00:00:00Z",
                "status": "online"
            }
        },
        {
            "type": "Feature",
            "id": "merely_equal_alien",
            "geometry": {
                "type": "Point",
                "coordinates": [
                    -73.820453323,
                    40.601616104
                ]
            },
            "properties": {
                "borough": "Queens",
                "date_deployed": "2024-07-19T12:05:00Z",
                "date_down": null,
                "end_time": null,
                "fk_status": "visible",
                "flood_event_count": 3,
                "id": "merely_equal_alien",
                "last_depth_inches": 0,
                "last_flood_end_time": "2026-03-06T03:10:29.083Z",
                "last_flood_time": "2026-03-06T01:59:29.141Z",
                "last_measurement_time": "2026-05-06T16:10:01.377Z",
                "max_depth_inches_of_any_flood": 4.330708661417323,
                "max_depth_inches_of_last_flood": 4.330708661417323,
                "mounted_over": "sidewalk",
                "name": "Q - W 16th Rd/Cross Bay Blvd",
                "neighborhood": "Broad Channel",
                "sensor_mount": "streetsign-post",
                "start_time": "2024-07-19T12:05:00Z",
                "status": "online"
            }
        },
        {
            "type": "Feature",
            "id": "mean_flying_fish",
            "geometry": {
                "type": "Point",
                "coordinates": [
                    -73.94676843,
                    40.70281185
                ]
            },
            "properties": {
                "borough": "Brooklyn",
                "date_deployed": "2023-03-09T00:00:00Z",
                "date_down": null,
                "end_time": null,
                "fk_status": "visible",
                "flood_event_count": 6,
                "id": "mean_flying_fish",
                "last_depth_inches": 0,
                "last_flood_end_time": "2025-10-30T20:34:13.073Z",
                "last_flood_time": "2025-10-30T19:04:45.867Z",
                "last_measurement_time": "2026-05-06T16:10:10.093Z",
                "max_depth_inches_of_any_flood": 25.078740157480304,
                "max_depth_inches_of_last_flood": 18.11023622047244,
                "mounted_over": "sidewalk",
                "name": "BK - Wallabout St/Throop Ave",
                "neighborhood": "Williamsburg",
                "sensor_mount": "streetsign post",
                "start_time": "2023-03-09T00:00:00Z",
                "status": "online"
            }
        },
        {
            "type": "Feature",
            "id": "fluttering_massive_faucet",
            "geometry": {
                "type": "Point",
                "coordinates": [
                    -73.788843,
                    40.853159
                ]
            },
            "properties": {
                "borough": "Bronx",
                "date_deployed": "2023-10-12T00:00:00Z",
                "date_down": null,
                "end_time": null,
                "fk_status": "visible",
                "flood_event_count": 9,
                "id": "fluttering_massive_faucet",
                "last_depth_inches": 0,
                "last_flood_end_time": "2024-05-30T14:12:39.88Z",
                "last_flood_time": "2024-05-30T01:36:20.929Z",
                "last_measurement_time": "2026-05-06T16:09:44.99Z",
                "max_depth_inches_of_any_flood": 2.519685039370079,
                "max_depth_inches_of_last_flood": 2.007874015748032,
                "mounted_over": "sidewalk",
                "name": "BX - Cross St/Minnieford Ave",
                "neighborhood": "City Island",
                "sensor_mount": "streetsign post",
                "start_time": "2023-10-12T00:00:00Z",
                "status": "online"
            }
        },
        {
            "type": "Feature",
            "id": "gladly_kind_mullet",
            "geometry": {
                "type": "Point",
                "coordinates": [
                    -73.9599265,
                    40.8180584
                ]
            },
            "properties": {
                "borough": "Manhattan",
                "date_deployed": "2024-07-03T15:13:00Z",
                "date_down": null,
                "end_time": null,
                "fk_status": "visible",
                "flood_event_count": 1,
                "id": "gladly_kind_mullet",
                "last_depth_inches": 0,
                "last_flood_end_time": "2025-02-12T14:01:20.446Z",
                "last_flood_time": "2025-02-12T12:29:41.347Z",
                "last_measurement_time": "2026-05-06T16:10:14.271Z",
                "max_depth_inches_of_any_flood": 1.1417322834645671,
                "max_depth_inches_of_last_flood": 1.1417322834645671,
                "mounted_over": "sidewalk",
                "name": "M - W 125th St/12th Ave",
                "neighborhood": "Morningside Heights",
                "sensor_mount": "streetsign-post",
                "start_time": "2024-07-03T15:13:00Z",
                "status": "online"
            }
        },
        {
            "type": "Feature",
            "id": "merely_fancy_sloth",
            "geometry": {
                "type": "Point",
                "coordinates": [
                    -74.001696893,
                    40.707832735
                ]
            },
            "properties": {
                "borough": "Manhattan",
                "date_deployed": "2024-07-24T03:38:00Z",
                "date_down": null,
                "end_time": null,
                "fk_status": "visible",
                "flood_event_count": 1,
                "id": "merely_fancy_sloth",
                "last_depth_inches": 0,
                "last_flood_end_time": "2026-03-12T11:58:04.103Z",
                "last_flood_time": "2026-03-12T11:41:04.061Z",
                "last_measurement_time": "2026-05-06T16:10:08.451Z",
                "max_depth_inches_of_any_flood": 0.5511811023622049,
                "max_depth_inches_of_last_flood": 0.5511811023622049,
                "mounted_over": "sidewalk",
                "name": "M - Peck Slip/Front St",
                "neighborhood": "Lower East Side",
                "sensor_mount": "streetsign-post",
                "start_time": "2024-07-24T03:38:00Z",
                "status": "online"
            }
        },
        {
            "type": "Feature",
            "id": "deadly-expert-skunk",
            "geometry": {
                "type": "Point",
                "coordinates": [
                    -73.914039042,
                    40.828462547
                ]
            },
            "properties": {
                "borough": "Bronx",
                "date_deployed": "2024-08-22T12:30:00Z",
                "date_down": null,
                "end_time": null,
                "fk_status": "visible",
                "flood_event_count": 0,
                "id": "deadly-expert-skunk",
                "last_depth_inches": 0,
                "last_flood_end_time": null,
                "last_flood_time": null,
                "last_measurement_time": "2026-05-06T16:10:06.075Z",
                "max_depth_inches_of_any_flood": null,
                "max_depth_inches_of_last_flood": null,
                "mounted_over": "sidewalk",
                "name": "BX - E 165th St/Teller Ave",
                "neighborhood": "East Concourse",
                "sensor_mount": "streetsign-post",
                "start_time": "2024-08-22T12:30:00Z",
                "status": "online"
            }
        },
        {
            "type": "Feature",
            "id": "mildly_ace_husky",
            "geometry": {
                "type": "Point",
                "coordinates": [
                    -73.935178,
                    40.796533
                ]
            },
            "properties": {
                "borough": "Manhattan",
                "date_deployed": "2024-07-03T15:30:00Z",
                "date_down": null,
                "end_time": null,
                "fk_status": "visible",
                "flood_event_count": 0,
                "id": "mildly_ace_husky",
                "last_depth_inches": null,
                "last_flood_end_time": null,
                "last_flood_time": null,
                "last_measurement_time": null,
                "max_depth_inches_of_any_flood": null,
                "max_depth_inches_of_last_flood": null,
                "mounted_over": "sidewalk",
                "name": "M - E 117th St/1st Ave",
                "neighborhood": "East Harlem",
                "sensor_mount": "streetsign-post",
                "start_time": "2024-07-03T15:30:00Z",
                "status": "offline"
            }
        },
        {
            "type": "Feature",
            "id": "loyally_fastidious_sheep",
            "geometry": {
                "type": "Point",
                "coordinates": [
                    -73.949230887,
                    40.728287985
                ]
            },
            "properties": {
                "borough": "Brooklyn",
                "date_deployed": "2024-04-05T00:00:00Z",
                "date_down": "2025-07-24T12:00:00Z",
                "end_time": "2025-07-24T12:00:00Z",
                "fk_status": "retired",
                "flood_event_count": 0,
                "id": "loyally_fastidious_sheep",
                "last_depth_inches": null,
                "last_flood_end_time": null,
                "last_flood_time": null,
                "last_measurement_time": null,
                "max_depth_inches_of_any_flood": null,
                "max_depth_inches_of_last_flood": null,
                "mounted_over": "sidewalk",
                "name": "BK - Meserole Ave/Newel St",
                "neighborhood": "Greenpoint",
                "sensor_mount": "streetsign post",
                "start_time": "2024-04-05T00:00:00Z",
                "status": "retired"
            }
        },
        {
            "type": "Feature",
            "id": "merely_upward_goblin",
            "geometry": {
                "type": "Point",
                "coordinates": [
                    -74.159672663,
                    40.558331572
                ]
            },
            "properties": {
                "borough": "Staten Island",
                "date_deployed": "2024-08-08T03:38:00Z",
                "date_down": null,
                "end_time": null,
                "fk_status": "visible",
                "flood_event_count": 2,
                "id": "merely_upward_goblin",
                "last_depth_inches": 0,
                "last_flood_end_time": "2026-02-19T07:09:58.435Z",
                "last_flood_time": "2026-02-19T01:45:58.375Z",
                "last_measurement_time": "2026-05-06T16:10:07.252Z",
                "max_depth_inches_of_any_flood": 2.322834645669291,
                "max_depth_inches_of_last_flood": 1.7322834645669292,
                "mounted_over": "sidewalk",
                "name": "SI - Barlow Ave/Abingdon Ave",
                "neighborhood": "Richmond",
                "sensor_mount": "streetsign-post",
                "start_time": "2024-08-08T03:38:00Z",
                "status": "online"
            }
        },
        {
            "type": "Feature",
            "id": "loudly_upward_eel",
            "geometry": {
                "type": "Point",
                "coordinates": [
                    -73.995450473,
                    40.610848627
                ]
            },
            "properties": {
                "borough": "Brooklyn",
                "date_deployed": "2024-08-07T03:38:00Z",
                "date_down": null,
                "end_time": null,
                "fk_status": "visible",
                "flood_event_count": 1,
                "id": "loudly_upward_eel",
                "last_depth_inches": 0,
                "last_flood_end_time": "2025-10-30T19:03:17.187Z",
                "last_flood_time": "2025-10-30T18:50:17.815Z",
                "last_measurement_time": "2026-05-06T16:08:36.927Z",
                "max_depth_inches_of_any_flood": 0.905511811023622,
                "max_depth_inches_of_last_flood": 0.905511811023622,
                "mounted_over": "sidewalk",
                "name": "BK - 19th Ave/77th St",
                "neighborhood": "Bensonhurst",
                "sensor_mount": "streetsign-post",
                "start_time": "2024-08-07T03:38:00Z",
                "status": "online"
            }
        },
        {
            "type": "Feature",
            "id": "ghastly-credible-bluegill",
            "geometry": {
                "type": "Point",
                "coordinates": [
                    -73.769284447,
                    40.76043231
                ]
            },
            "properties": {
                "borough": "Queens",
                "date_deployed": "2025-09-11T12:31:00Z",
                "date_down": null,
                "end_time": null,
                "fk_status": "visible",
                "flood_event_count": 1,
                "id": "ghastly-credible-bluegill",
                "last_depth_inches": 0,
                "last_flood_end_time": "2025-10-30T20:51:00.695Z",
                "last_flood_time": "2025-10-30T19:54:00.699Z",
                "last_measurement_time": "2026-05-06T16:08:54.878Z",
                "max_depth_inches_of_any_flood": 11.062992125984255,
                "max_depth_inches_of_last_flood": 11.062992125984255,
                "mounted_over": "sidewalk",
                "name": "Q - Bell Blvd / Northern Blvd ",
                "neighborhood": "Bayside",
                "sensor_mount": "streetsign-post",
                "start_time": "2025-09-11T12:31:00Z",
                "status": "online"
            }
        },
        {
            "type": "Feature",
            "id": "mildly_fond_pig",
            "geometry": {
                "type": "Point",
                "coordinates": [
                    -73.849858295,
                    40.899254641
                ]
            },
            "properties": {
                "borough": "Bronx",
                "date_deployed": "2024-05-09T00:00:00Z",
                "date_down": "2025-10-24T12:00:00Z",
                "end_time": "2025-10-24T12:00:00Z",
                "fk_status": "retired",
                "flood_event_count": 0,
                "id": "mildly_fond_pig",
                "last_depth_inches": null,
                "last_flood_end_time": null,
                "last_flood_time": null,
                "last_measurement_time": null,
                "max_depth_inches_of_any_flood": null,
                "max_depth_inches_of_last_flood": null,
                "mounted_over": "sidewalk",
                "name": "BX - Barnes Ave/Bruner Ave",
                "neighborhood": "Wakefield",
                "sensor_mount": "utility-pole",
                "start_time": "2024-05-09T00:00:00Z",
                "status": "retired"
            }
        },
        {
            "type": "Feature",
            "id": "humbly_modest_vervet",
            "geometry": {
                "type": "Point",
                "coordinates": [
                    -73.736616,
                    40.6558064
                ]
            },
            "properties": {
                "borough": "Queens",
                "date_deployed": "2023-06-07T00:00:00Z",
                "date_down": "2023-06-22T00:00:00Z",
                "end_time": "2023-06-22T00:00:00Z",
                "fk_status": "retired",
                "flood_event_count": 0,
                "id": "humbly_modest_vervet",
                "last_depth_inches": null,
                "last_flood_end_time": null,
                "last_flood_time": null,
                "last_measurement_time": null,
                "max_depth_inches_of_any_flood": null,
                "max_depth_inches_of_last_flood": null,
                "mounted_over": "sidewalk",
                "name": "Q - 253rd St/ 147 Drive",
                "neighborhood": "Rosedale",
                "sensor_mount": "streetsign post",
                "start_time": "2023-06-07T00:00:00Z",
                "status": "retired"
            }
        },
        {
            "type": "Feature",
            "id": "gently-top-dory",
            "geometry": {
                "type": "Point",
                "coordinates": [
                    -73.794784043,
                    40.728269249
                ]
            },
            "properties": {
                "borough": "Queens",
                "date_deployed": "2024-09-05T03:38:00Z",
                "date_down": null,
                "end_time": null,
                "fk_status": "visible",
                "flood_event_count": 1,
                "id": "gently-top-dory",
                "last_depth_inches": 0,
                "last_flood_end_time": "2026-03-12T04:50:24.965Z",
                "last_flood_time": "2026-03-12T04:19:24.963Z",
                "last_measurement_time": "2026-05-06T16:10:17.675Z",
                "max_depth_inches_of_any_flood": 0.8267716535433071,
                "max_depth_inches_of_last_flood": 0.8267716535433071,
                "mounted_over": "sidewalk",
                "name": "Q - 175th St/75th Ave",
                "neighborhood": "Hillcrest",
                "sensor_mount": "streetsign-post",
                "start_time": "2024-09-05T03:38:00Z",
                "status": "online"
            }
        },
        {
            "type": "Feature",
            "id": "mildly_calm_ibex",
            "geometry": {
                "type": "Point",
                "coordinates": [
                    -73.8305586,
                    40.6533868
                ]
            },
            "properties": {
                "borough": "Queens",
                "date_deployed": "2021-03-05T00:00:00Z",
                "date_down": null,
                "end_time": null,
                "fk_status": "visible",
                "flood_event_count": 67,
                "id": "mildly_calm_ibex",
                "last_depth_inches": 0,
                "last_flood_end_time": "2026-04-19T07:01:30.958Z",
                "last_flood_time": "2026-04-19T01:11:34.334Z",
                "last_measurement_time": "2026-05-06T16:09:55.34Z",
                "max_depth_inches_of_any_flood": 40.86614173228346,
                "max_depth_inches_of_last_flood": 15.039370078740154,
                "mounted_over": "road",
                "name": "Q - Davenport Ct 1",
                "neighborhood": "Howard Beach",
                "sensor_mount": "utility pole",
                "start_time": "2021-03-05T00:00:00Z",
                "status": "online"
            }
        },
        {
            "type": "Feature",
            "id": "basically-enabling-squid",
            "geometry": {
                "type": "Point",
                "coordinates": [
                    -73.8620095,
                    40.852026
                ]
            },
            "properties": {
                "borough": "Bronx",
                "date_deployed": "2025-01-23T02:00:00Z",
                "date_down": null,
                "end_time": null,
                "fk_status": "visible",
                "flood_event_count": 2,
                "id": "basically-enabling-squid",
                "last_depth_inches": 0,
                "last_flood_end_time": "2025-08-14T14:32:52.566Z",
                "last_flood_time": "2025-08-14T13:19:52.791Z",
                "last_measurement_time": "2026-05-06T16:10:27.375Z",
                "max_depth_inches_of_any_flood": 2.79527559055118,
                "max_depth_inches_of_last_flood": 1.7716535433070866,
                "mounted_over": "sidewalk",
                "name": "BX - Brady Ave/ Muliner Ave",
                "neighborhood": "Pelham Parkway",
                "sensor_mount": "streetsign-post",
                "start_time": "2025-01-23T02:00:00Z",
                "status": "online"
            }
        },
        {
            "type": "Feature",
            "id": "mildly_loving_doe",
            "geometry": {
                "type": "Point",
                "coordinates": [
                    -73.7945793,
                    40.6973695
                ]
            },
            "properties": {
                "borough": "Queens",
                "date_deployed": "2023-09-21T00:00:00Z",
                "date_down": null,
                "end_time": null,
                "fk_status": "visible",
                "flood_event_count": 3,
                "id": "mildly_loving_doe",
                "last_depth_inches": 0,
                "last_flood_end_time": "2025-10-30T20:35:51.199Z",
                "last_flood_time": "2025-10-30T19:47:51.199Z",
                "last_measurement_time": "2026-05-06T16:08:43.199Z",
                "max_depth_inches_of_any_flood": 8.622047244094485,
                "max_depth_inches_of_last_flood": 8.622047244094485,
                "mounted_over": "sidewalk",
                "name": "Q - 160th St/107th Ave",
                "neighborhood": "South Jamaica",
                "sensor_mount": "streetsign post",
                "start_time": "2023-09-21T00:00:00Z",
                "status": "online"
            }
        },
        {
            "type": "Feature",
            "id": "mainly_whole_slug",
            "geometry": {
                "type": "Point",
                "coordinates": [
                    -73.892103636,
                    40.830718546
                ]
            },
            "properties": {
                "borough": "Bronx",
                "date_deployed": "2022-02-11T00:00:00Z",
                "date_down": null,
                "end_time": null,
                "fk_status": "visible",
                "flood_event_count": 0,
                "id": "mainly_whole_slug",
                "last_depth_inches": 0,
                "last_flood_end_time": null,
                "last_flood_time": null,
                "last_measurement_time": "2026-05-06T16:10:19.476Z",
                "max_depth_inches_of_any_flood": null,
                "max_depth_inches_of_last_flood": null,
                "mounted_over": "sidewalk",
                "name": "BX - Louis Niñé Bl/Southern Bl",
                "neighborhood": "Longwood",
                "sensor_mount": "streetsign post",
                "start_time": "2022-02-11T00:00:00Z",
                "status": "online"
            }
        },
        {
            "type": "Feature",
            "id": "miserly_ivory_oryx",
            "geometry": {
                "type": "Point",
                "coordinates": [
                    -73.788862189,
                    40.69844851
                ]
            },
            "properties": {
                "borough": "Queens",
                "date_deployed": "2024-06-06T00:00:00Z",
                "date_down": null,
                "end_time": null,
                "fk_status": "visible",
                "flood_event_count": 1,
                "id": "miserly_ivory_oryx",
                "last_depth_inches": 0,
                "last_flood_end_time": "2025-10-30T20:37:23.41Z",
                "last_flood_time": "2025-10-30T20:04:58.578Z",
                "last_measurement_time": "2026-05-06T16:10:26.218Z",
                "max_depth_inches_of_any_flood": 3.031496062992125,
                "max_depth_inches_of_last_flood": 3.031496062992125,
                "mounted_over": "sidewalk",
                "name": "Q - Hendrickson Pl/166th St",
                "neighborhood": "South Jamaica",
                "sensor_mount": "streetsign post ",
                "start_time": "2024-06-06T00:00:00Z",
                "status": "online"
            }
        },
        {
            "type": "Feature",
            "id": "closed_wagon_snail",
            "geometry": {
                "type": "Point",
                "coordinates": [
                    -73.95008302,
                    40.69928278
                ]
            },
            "properties": {
                "borough": "Brooklyn",
                "date_deployed": "2023-03-09T00:00:00Z",
                "date_down": "2024-12-19T12:00:00Z",
                "end_time": "2024-12-19T12:00:00Z",
                "fk_status": "retired",
                "flood_event_count": 3,
                "id": "closed_wagon_snail",
                "last_depth_inches": null,
                "last_flood_end_time": "2023-09-29T14:01:49.108Z",
                "last_flood_time": "2023-09-29T12:11:08.386Z",
                "last_measurement_time": null,
                "max_depth_inches_of_any_flood": 12.165354330708663,
                "max_depth_inches_of_last_flood": 12.165354330708663,
                "mounted_over": "sidewalk",
                "name": "BK - Marcy Ave/Flushing Ave",
                "neighborhood": "Bedford Stuyvesant",
                "sensor_mount": "streetsign post",
                "start_time": "2023-03-09T00:00:00Z",
                "status": "retired"
            }
        },
        {
            "type": "Feature",
            "id": "mildly_tough_spider",
            "geometry": {
                "type": "Point",
                "coordinates": [
                    -73.948844,
                    40.802614
                ]
            },
            "properties": {
                "borough": "Manhattan",
                "date_deployed": "2024-07-03T15:15:00Z",
                "date_down": "2024-12-13T12:00:00Z",
                "end_time": "2024-12-13T12:00:00Z",
                "fk_status": "retired",
                "flood_event_count": 0,
                "id": "mildly_tough_spider",
                "last_depth_inches": null,
                "last_flood_end_time": null,
                "last_flood_time": null,
                "last_measurement_time": null,
                "max_depth_inches_of_any_flood": null,
                "max_depth_inches_of_last_flood": null,
                "mounted_over": "sidewalk",
                "name": "M - Malcolm X Blvd/W 118th",
                "neighborhood": "Central Harlem",
                "sensor_mount": "streetsign-post",
                "start_time": "2024-07-03T15:15:00Z",
                "status": "retired"
            }
        },
        {
            "type": "Feature",
            "id": "morally-outgoing-monarch",
            "geometry": {
                "type": "Point",
                "coordinates": [
                    -74.113455159,
                    40.630217506
                ]
            },
            "properties": {
                "borough": "Staten Island",
                "date_deployed": "2025-02-19T16:28:00Z",
                "date_down": null,
                "end_time": null,
                "fk_status": "visible",
                "flood_event_count": 1,
                "id": "morally-outgoing-monarch",
                "last_depth_inches": 0,
                "last_flood_end_time": "2026-03-12T03:00:12.4Z",
                "last_flood_time": "2026-03-12T02:42:12.396Z",
                "last_measurement_time": "2026-05-06T16:09:00.123Z",
                "max_depth_inches_of_any_flood": 0.6692913385826771,
                "max_depth_inches_of_last_flood": 0.6692913385826771,
                "mounted_over": "sidewalk",
                "name": "SI - Myrtle Ave / N Burgher Ave",
                "neighborhood": "West Brighton",
                "sensor_mount": "streetsign-post",
                "start_time": "2025-02-19T16:28:00Z",
                "status": "online"
            }
        },
        {
            "type": "Feature",
            "id": "kindly_vital_hen",
            "geometry": {
                "type": "Point",
                "coordinates": [
                    -73.970674466,
                    40.697724552
                ]
            },
            "properties": {
                "borough": "Brooklyn",
                "date_deployed": "2024-08-22T10:22:00Z",
                "date_down": null,
                "end_time": null,
                "fk_status": "visible",
                "flood_event_count": 0,
                "id": "kindly_vital_hen",
                "last_depth_inches": 0,
                "last_flood_end_time": null,
                "last_flood_time": null,
                "last_measurement_time": "2026-05-06T16:09:59.546Z",
                "max_depth_inches_of_any_flood": null,
                "max_depth_inches_of_last_flood": null,
                "mounted_over": "sidewalk",
                "name": "BK - Vanderbilt Ave/Flushing Ave",
                "neighborhood": "Clinton Hill",
                "sensor_mount": "streetsign-post",
                "start_time": "2024-08-22T10:22:00Z",
                "status": "online"
            }
        },
        {
            "type": "Feature",
            "id": "illegally-rested-cow",
            "geometry": {
                "type": "Point",
                "coordinates": [
                    -73.861527421,
                    40.684348938
                ]
            },
            "properties": {
                "borough": "Queens",
                "date_deployed": "2025-03-13T14:45:00Z",
                "date_down": null,
                "end_time": null,
                "fk_status": "visible",
                "flood_event_count": 2,
                "id": "illegally-rested-cow",
                "last_depth_inches": 0,
                "last_flood_end_time": "2026-03-12T12:08:26.535Z",
                "last_flood_time": "2026-03-12T11:52:26.554Z",
                "last_measurement_time": "2026-05-06T16:00:42.074Z",
                "max_depth_inches_of_any_flood": 0.8661417322834646,
                "max_depth_inches_of_last_flood": 0.5511811023622049,
                "mounted_over": "sidewalk",
                "name": "Q - 78th St/ Atlantic Ave",
                "neighborhood": "Ozone Park",
                "sensor_mount": "streetsign-post",
                "start_time": "2025-03-13T14:45:00Z",
                "status": "online"
            }
        },
        {
            "type": "Feature",
            "id": "mostly_happy_beagle",
            "geometry": {
                "type": "Point",
                "coordinates": [
                    -73.877073632,
                    40.736710443
                ]
            },
            "properties": {
                "borough": "Queens",
                "date_deployed": "2024-08-14T14:00:00Z",
                "date_down": null,
                "end_time": null,
                "fk_status": "visible",
                "flood_event_count": 1,
                "id": "mostly_happy_beagle",
                "last_depth_inches": 0,
                "last_flood_end_time": "2025-06-19T21:32:37.6Z",
                "last_flood_time": "2025-06-19T21:15:37.658Z",
                "last_measurement_time": "2026-05-06T16:03:26.828Z",
                "max_depth_inches_of_any_flood": 0.5511811023622049,
                "max_depth_inches_of_last_flood": 0.5511811023622049,
                "mounted_over": "sidewalk",
                "name": "Q - Queens Blvd/Broadway",
                "neighborhood": "Lefrak City",
                "sensor_mount": "streetsign-post",
                "start_time": "2024-08-14T14:00:00Z",
                "status": "online"
            }
        },
        {
            "type": "Feature",
            "id": "mostly_full_yeti",
            "geometry": {
                "type": "Point",
                "coordinates": [
                    -73.759327475,
                    40.663944764
                ]
            },
            "properties": {
                "borough": "Queens",
                "date_deployed": "2024-08-14T10:55:00Z",
                "date_down": null,
                "end_time": null,
                "fk_status": "visible",
                "flood_event_count": 0,
                "id": "mostly_full_yeti",
                "last_depth_inches": 0,
                "last_flood_end_time": null,
                "last_flood_time": null,
                "last_measurement_time": "2026-05-06T16:09:11.218Z",
                "max_depth_inches_of_any_flood": null,
                "max_depth_inches_of_last_flood": null,
                "mounted_over": "sidewalk",
                "name": "Q - 145th Rd/Springfield Blvd",
                "neighborhood": "Brookville",
                "sensor_mount": "streetsign-post",
                "start_time": "2024-08-14T10:55:00Z",
                "status": "online"
            }
        },
        {
            "type": "Feature",
            "id": "mostly_poetic_wren",
            "geometry": {
                "type": "Point",
                "coordinates": [
                    -73.765681764,
                    40.680464379
                ]
            },
            "properties": {
                "borough": "Queens",
                "date_deployed": "2024-08-14T11:22:00Z",
                "date_down": null,
                "end_time": null,
                "fk_status": "visible",
                "flood_event_count": 1,
                "id": "mostly_poetic_wren",
                "last_depth_inches": 0,
                "last_flood_end_time": "2025-10-30T20:16:18.211Z",
                "last_flood_time": "2025-10-30T19:54:17.562Z",
                "last_measurement_time": "2026-05-06T16:09:41.194Z",
                "max_depth_inches_of_any_flood": 3.543307086614173,
                "max_depth_inches_of_last_flood": 3.543307086614173,
                "mounted_over": "sidewalk",
                "name": "Q - 177th St/129th Ave",
                "neighborhood": "Rochdale",
                "sensor_mount": "streetsign-post",
                "start_time": "2024-08-14T11:22:00Z",
                "status": "online"
            }
        },
        {
            "type": "Feature",
            "id": "modern_teal_warthog",
            "geometry": {
                "type": "Point",
                "coordinates": [
                    -73.791138533,
                    40.692624645
                ]
            },
            "properties": {
                "borough": "Queens",
                "date_deployed": "2025-09-17T16:06:00Z",
                "date_down": null,
                "end_time": null,
                "fk_status": "visible",
                "flood_event_count": 1,
                "id": "modern_teal_warthog",
                "last_depth_inches": null,
                "last_flood_end_time": "2025-10-30T21:22:04.605Z",
                "last_flood_time": "2025-10-30T19:51:04.605Z",
                "last_measurement_time": null,
                "max_depth_inches_of_any_flood": 3.346456692913385,
                "max_depth_inches_of_last_flood": 3.346456692913385,
                "mounted_over": "sidewalk",
                "name": "Q - 160th St/Brinkerhoff Ave",
                "neighborhood": "South Jamaica",
                "sensor_mount": "streetsign-post",
                "start_time": "2025-09-17T16:06:00Z",
                "status": "offline"
            }
        },
        {
            "type": "Feature",
            "id": "mostly_equal_moth",
            "geometry": {
                "type": "Point",
                "coordinates": [
                    -73.908146032,
                    40.757298611
                ]
            },
            "properties": {
                "borough": "Queens",
                "date_deployed": "2024-08-22T10:56:00Z",
                "date_down": null,
                "end_time": null,
                "fk_status": "visible",
                "flood_event_count": 2,
                "id": "mostly_equal_moth",
                "last_depth_inches": 0,
                "last_flood_end_time": "2026-03-12T04:55:08.915Z",
                "last_flood_time": "2026-03-12T04:18:09.955Z",
                "last_measurement_time": "2026-05-06T16:10:27.056Z",
                "max_depth_inches_of_any_flood": 2.79527559055118,
                "max_depth_inches_of_last_flood": 0.7480314960629924,
                "mounted_over": "sidewalk",
                "name": "Q - Hobart St/31st Ave",
                "neighborhood": "Jackson Heights",
                "sensor_mount": "streetsign-post",
                "start_time": "2024-08-22T10:56:00Z",
                "status": "online"
            }
        },
        {
            "type": "Feature",
            "id": "nearly_tidy_weasel",
            "geometry": {
                "type": "Point",
                "coordinates": [
                    -73.8144174,
                    40.7456171
                ]
            },
            "properties": {
                "borough": "Queens",
                "date_deployed": "2023-10-26T00:00:00Z",
                "date_down": null,
                "end_time": null,
                "fk_status": "visible",
                "flood_event_count": 2,
                "id": "nearly_tidy_weasel",
                "last_depth_inches": 0,
                "last_flood_end_time": "2025-10-30T21:40:42.695Z",
                "last_flood_time": "2025-10-30T19:54:42.718Z",
                "last_measurement_time": "2026-05-06T16:08:34.074Z",
                "max_depth_inches_of_any_flood": 22.637795275590552,
                "max_depth_inches_of_last_flood": 22.637795275590552,
                "mounted_over": "sidewalk",
                "name": "Q - Peck Ave/153rd st",
                "neighborhood": "Downtown Flushing",
                "sensor_mount": "streetsign post",
                "start_time": "2023-10-26T00:00:00Z",
                "status": "online"
            }
        },
        {
            "type": "Feature",
            "id": "mostly_sunny_weasel",
            "geometry": {
                "type": "Point",
                "coordinates": [
                    -73.913574,
                    40.635483
                ]
            },
            "properties": {
                "borough": "Brooklyn",
                "date_deployed": "2024-04-18T00:00:00Z",
                "date_down": null,
                "end_time": null,
                "fk_status": "visible",
                "flood_event_count": 3,
                "id": "mostly_sunny_weasel",
                "last_depth_inches": 0,
                "last_flood_end_time": "2026-03-31T10:50:37.768Z",
                "last_flood_time": "2026-03-31T10:32:37.763Z",
                "last_measurement_time": "2026-05-06T16:08:56.361Z",
                "max_depth_inches_of_any_flood": 0.905511811023622,
                "max_depth_inches_of_last_flood": 0.5905511811023623,
                "mounted_over": "sidewalk",
                "name": "BK - Flatlands Ave/E 80th St",
                "neighborhood": "Canarsie",
                "sensor_mount": "streetsign post",
                "start_time": "2024-04-18T00:00:00Z",
                "status": "online"
            }
        },
        {
            "type": "Feature",
            "id": "namely_grand_dog",
            "geometry": {
                "type": "Point",
                "coordinates": [
                    -73.9957211,
                    40.5776046
                ]
            },
            "properties": {
                "borough": "Brooklyn",
                "date_deployed": "2024-06-20T00:00:00Z",
                "date_down": null,
                "end_time": null,
                "fk_status": "visible",
                "flood_event_count": 5,
                "id": "namely_grand_dog",
                "last_depth_inches": 0,
                "last_flood_end_time": "2026-03-12T12:10:18.604Z",
                "last_flood_time": "2026-03-12T12:00:18.591Z",
                "last_measurement_time": "2026-05-06T16:09:46.696Z",
                "max_depth_inches_of_any_flood": 3.7795275590551185,
                "max_depth_inches_of_last_flood": 0.5511811023622049,
                "mounted_over": "sidewalk",
                "name": "BK - Neptune Ave W 29th St",
                "neighborhood": "Coney Island",
                "sensor_mount": "streetsign post ",
                "start_time": "2024-06-20T00:00:00Z",
                "status": "online"
            }
        },
        {
            "type": "Feature",
            "id": "neat_gold_moth",
            "geometry": {
                "type": "Point",
                "coordinates": [
                    -73.85431,
                    40.80957
                ]
            },
            "properties": {
                "borough": "Bronx",
                "date_deployed": "2025-11-14T12:00:00Z",
                "date_down": null,
                "end_time": null,
                "fk_status": "visible",
                "flood_event_count": 0,
                "id": "neat_gold_moth",
                "last_depth_inches": 0,
                "last_flood_end_time": null,
                "last_flood_time": null,
                "last_measurement_time": "2026-05-06T16:10:25.019Z",
                "max_depth_inches_of_any_flood": null,
                "max_depth_inches_of_last_flood": null,
                "mounted_over": "sidewalk",
                "name": "BX - Newman Ave/ Gildersleeve Ave",
                "neighborhood": "Clason Point",
                "sensor_mount": "streetsign-post",
                "start_time": "2025-11-14T12:00:00Z",
                "status": "online"
            }
        },
        {
            "type": "Feature",
            "id": "daily_merry_racer",
            "geometry": {
                "type": "Point",
                "coordinates": [
                    -73.888061808,
                    40.65763758
                ]
            },
            "properties": {
                "borough": "Brooklyn",
                "date_deployed": "2024-08-23T03:38:00Z",
                "date_down": null,
                "end_time": null,
                "fk_status": "visible",
                "flood_event_count": 3,
                "id": "daily_merry_racer",
                "last_depth_inches": 0,
                "last_flood_end_time": "2026-03-12T12:06:34.846Z",
                "last_flood_time": "2026-03-12T11:47:34.882Z",
                "last_measurement_time": "2026-05-06T16:09:57.329Z",
                "max_depth_inches_of_any_flood": 2.0866141732283467,
                "max_depth_inches_of_last_flood": 0.6692913385826771,
                "mounted_over": "sidewalk",
                "name": "BK - Vermont St/Stanley Ave",
                "neighborhood": "New Lots",
                "sensor_mount": "streetsign-post",
                "start_time": "2024-08-23T03:38:00Z",
                "status": "online"
            }
        },
        {
            "type": "Feature",
            "id": "barely_brave_caiman",
            "geometry": {
                "type": "Point",
                "coordinates": [
                    -73.785508,
                    40.844349
                ]
            },
            "properties": {
                "borough": "Bronx",
                "date_deployed": "2023-07-21T00:00:00Z",
                "date_down": null,
                "end_time": null,
                "fk_status": "visible",
                "flood_event_count": 0,
                "id": "barely_brave_caiman",
                "last_depth_inches": 0,
                "last_flood_end_time": null,
                "last_flood_time": null,
                "last_measurement_time": "2026-05-06T16:08:42.617Z",
                "max_depth_inches_of_any_flood": null,
                "max_depth_inches_of_last_flood": null,
                "mounted_over": "sidewalk",
                "name": "BX - Centre St/City Island Ave",
                "neighborhood": "City Island",
                "sensor_mount": "streetsign post",
                "start_time": "2023-07-21T00:00:00Z",
                "status": "online"
            }
        },
        {
            "type": "Feature",
            "id": "barely_fancy_squid",
            "geometry": {
                "type": "Point",
                "coordinates": [
                    -73.983094513,
                    40.689811647
                ]
            },
            "properties": {
                "borough": "Brooklyn",
                "date_deployed": "2024-07-24T03:38:00Z",
                "date_down": "2025-01-23T10:00:00Z",
                "end_time": "2025-01-23T10:00:00Z",
                "fk_status": "retired",
                "flood_event_count": 0,
                "id": "barely_fancy_squid",
                "last_depth_inches": null,
                "last_flood_end_time": null,
                "last_flood_time": null,
                "last_measurement_time": null,
                "max_depth_inches_of_any_flood": null,
                "max_depth_inches_of_last_flood": null,
                "mounted_over": "sidewalk",
                "name": "BK - Fulton St/Dekalb Ave",
                "neighborhood": "Brooklyn Heights",
                "sensor_mount": "streetsign-post",
                "start_time": "2024-07-24T03:38:00Z",
                "status": "retired"
            }
        },
        {
            "type": "Feature",
            "id": "firmly_wired_koala",
            "geometry": {
                "type": "Point",
                "coordinates": [
                    -73.949998016,
                    40.582007071
                ]
            },
            "properties": {
                "borough": "Brooklyn",
                "date_deployed": "2024-08-07T03:38:00Z",
                "date_down": null,
                "end_time": null,
                "fk_status": "visible",
                "flood_event_count": 5,
                "id": "firmly_wired_koala",
                "last_depth_inches": 0,
                "last_flood_end_time": "2026-04-01T23:12:13.358Z",
                "last_flood_time": "2026-04-01T22:56:13.277Z",
                "last_measurement_time": "2026-05-06T16:09:50.901Z",
                "max_depth_inches_of_any_flood": 1.0236220472440944,
                "max_depth_inches_of_last_flood": 0.6692913385826771,
                "mounted_over": "sidewalk",
                "name": "BK - Dover St/Shore Blvd",
                "neighborhood": "Manhattan Beach",
                "sensor_mount": "streetsign-post",
                "start_time": "2024-08-07T03:38:00Z",
                "status": "online"
            }
        },
        {
            "type": "Feature",
            "id": "nicely_great_perch",
            "geometry": {
                "type": "Point",
                "coordinates": [
                    -73.964606246,
                    40.609812733
                ]
            },
            "properties": {
                "borough": "Brooklyn",
                "date_deployed": "2024-08-15T12:09:00Z",
                "date_down": null,
                "end_time": null,
                "fk_status": "visible",
                "flood_event_count": 1,
                "id": "nicely_great_perch",
                "last_depth_inches": 0,
                "last_flood_end_time": "2025-10-30T19:51:16.748Z",
                "last_flood_time": "2025-10-30T18:55:50.115Z",
                "last_measurement_time": "2026-05-06T16:10:18.711Z",
                "max_depth_inches_of_any_flood": 3.6614173228346454,
                "max_depth_inches_of_last_flood": 3.6614173228346454,
                "mounted_over": "sidewalk",
                "name": "BK - Avenue P/E 9th St",
                "neighborhood": "Gravesend",
                "sensor_mount": "streetsign-post",
                "start_time": "2024-08-15T12:09:00Z",
                "status": "online"
            }
        },
        {
            "type": "Feature",
            "id": "newly_humble_quail",
            "geometry": {
                "type": "Point",
                "coordinates": [
                    -73.89328591,
                    40.735848093
                ]
            },
            "properties": {
                "borough": "Queens",
                "date_deployed": "2024-08-14T16:00:00Z",
                "date_down": null,
                "end_time": null,
                "fk_status": "visible",
                "flood_event_count": 2,
                "id": "newly_humble_quail",
                "last_depth_inches": 0,
                "last_flood_end_time": "2080-01-15T23:10:04.069Z",
                "last_flood_time": "2080-01-14T21:52:05.099Z",
                "last_measurement_time": "2026-05-06T16:10:21.847Z",
                "max_depth_inches_of_any_flood": 2.480314960629921,
                "max_depth_inches_of_last_flood": 2.1259842519685033,
                "mounted_over": "sidewalk",
                "name": "Q - 51st Ave/71st St",
                "neighborhood": "Woodside",
                "sensor_mount": "streetsign-post",
                "start_time": "2024-08-14T16:00:00Z",
                "status": "online"
            }
        },
        {
            "type": "Feature",
            "id": "newly_immune_whale",
            "geometry": {
                "type": "Point",
                "coordinates": [
                    -73.954405,
                    40.810956
                ]
            },
            "properties": {
                "borough": "Manhattan",
                "date_deployed": "2024-07-03T15:11:00Z",
                "date_down": null,
                "end_time": null,
                "fk_status": "visible",
                "flood_event_count": 2,
                "id": "newly_immune_whale",
                "last_depth_inches": 0,
                "last_flood_end_time": "2025-10-30T20:53:51.62Z",
                "last_flood_time": "2025-10-30T19:05:52.612Z",
                "last_measurement_time": "2026-05-06T16:08:59.246Z",
                "max_depth_inches_of_any_flood": 4.7637795275590555,
                "max_depth_inches_of_last_flood": 4.7637795275590555,
                "mounted_over": "sidewalk",
                "name": "M - Hancock Pl/Morningside Ave",
                "neighborhood": "Morningside Heights",
                "sensor_mount": "streetsign-post",
                "start_time": "2024-07-03T15:11:00Z",
                "status": "online"
            }
        },
        {
            "type": "Feature",
            "id": "nicely_brief_dory",
            "geometry": {
                "type": "Point",
                "coordinates": [
                    -73.7928629,
                    40.6938104
                ]
            },
            "properties": {
                "borough": "Queens",
                "date_deployed": "2023-09-21T00:00:00Z",
                "date_down": null,
                "end_time": null,
                "fk_status": "visible",
                "flood_event_count": 1,
                "id": "nicely_brief_dory",
                "last_depth_inches": 0,
                "last_flood_end_time": "2025-10-30T20:10:10.695Z",
                "last_flood_time": "2025-10-30T19:52:10.695Z",
                "last_measurement_time": "2026-05-06T16:09:53.875Z",
                "max_depth_inches_of_any_flood": 2.322834645669291,
                "max_depth_inches_of_last_flood": 2.322834645669291,
                "mounted_over": "sidewalk",
                "name": "Q - 159th St/109th Ave",
                "neighborhood": "South Jamaica",
                "sensor_mount": "light pole",
                "start_time": "2023-09-21T00:00:00Z",
                "status": "online"
            }
        },
        {
            "type": "Feature",
            "id": "oddly_eager_hen",
            "geometry": {
                "type": "Point",
                "coordinates": [
                    -73.773650528,
                    40.595866721
                ]
            },
            "properties": {
                "borough": "Queens",
                "date_deployed": "2024-07-19T12:11:00Z",
                "date_down": null,
                "end_time": null,
                "fk_status": "visible",
                "flood_event_count": 2,
                "id": "oddly_eager_hen",
                "last_depth_inches": null,
                "last_flood_end_time": "2026-04-01T22:30:16.261Z",
                "last_flood_time": "2026-04-01T22:15:16.261Z",
                "last_measurement_time": null,
                "max_depth_inches_of_any_flood": 1.7716535433070866,
                "max_depth_inches_of_last_flood": 0.7086614173228346,
                "mounted_over": "sidewalk",
                "name": "Q - Beach 42nd St/Beach Channel Dr",
                "neighborhood": "Edgemere",
                "sensor_mount": "streetsign-post",
                "start_time": "2024-07-19T12:11:00Z",
                "status": "offline"
            }
        },
        {
            "type": "Feature",
            "id": "only_set_calf",
            "geometry": {
                "type": "Point",
                "coordinates": [
                    -73.902775582,
                    40.738245567
                ]
            },
            "properties": {
                "borough": "Queens",
                "date_deployed": "2024-08-22T11:12:00Z",
                "date_down": null,
                "end_time": null,
                "fk_status": "visible",
                "flood_event_count": 4,
                "id": "only_set_calf",
                "last_depth_inches": 0,
                "last_flood_end_time": "2026-03-06T00:04:32.849Z",
                "last_flood_time": "2026-03-05T23:47:32.807Z",
                "last_measurement_time": "2026-05-06T16:09:43.326Z",
                "max_depth_inches_of_any_flood": 1.5748031496062995,
                "max_depth_inches_of_last_flood": 1.535433070866142,
                "mounted_over": "sidewalk",
                "name": "Q - 63rd St/Laurel Hill Blvd",
                "neighborhood": "Woodside",
                "sensor_mount": "streetsign-post",
                "start_time": "2024-08-22T11:12:00Z",
                "status": "online"
            }
        },
        {
            "type": "Feature",
            "id": "oddly_valid_asp",
            "geometry": {
                "type": "Point",
                "coordinates": [
                    -74.09849428,
                    40.581062554
                ]
            },
            "properties": {
                "borough": "Staten Island",
                "date_deployed": "2023-12-01T00:00:00Z",
                "date_down": null,
                "end_time": null,
                "fk_status": "visible",
                "flood_event_count": 3,
                "id": "oddly_valid_asp",
                "last_depth_inches": 0,
                "last_flood_end_time": "2025-12-18T00:49:51.161Z",
                "last_flood_time": "2025-12-17T22:48:51.147Z",
                "last_measurement_time": "2026-05-06T16:06:40.916Z",
                "max_depth_inches_of_any_flood": 5.669291338582677,
                "max_depth_inches_of_last_flood": 1.8897637795275593,
                "mounted_over": "sidewalk",
                "name": "SI - Hylan Blvd/ Jefferson Blvd",
                "neighborhood": "Midland Beach",
                "sensor_mount": "streetsign post",
                "start_time": "2023-12-01T00:00:00Z",
                "status": "online"
            }
        },
        {
            "type": "Feature",
            "id": "only_enough_goat",
            "geometry": {
                "type": "Point",
                "coordinates": [
                    -73.854729594,
                    40.664029547
                ]
            },
            "properties": {
                "borough": "Queens",
                "date_deployed": "2024-08-23T03:38:00Z",
                "date_down": null,
                "end_time": null,
                "fk_status": "visible",
                "flood_event_count": 12,
                "id": "only_enough_goat",
                "last_depth_inches": 0,
                "last_flood_end_time": "2026-04-30T04:26:46.291Z",
                "last_flood_time": "2026-04-30T03:46:46.236Z",
                "last_measurement_time": "2026-05-06T16:10:26.821Z",
                "max_depth_inches_of_any_flood": 8.110236220472443,
                "max_depth_inches_of_last_flood": 0.8267716535433071,
                "mounted_over": "sidewalk",
                "name": "Q - 155th Ave/79th St",
                "neighborhood": "Lindenwood",
                "sensor_mount": "streetsign-post",
                "start_time": "2024-08-23T03:38:00Z",
                "status": "online"
            }
        },
        {
            "type": "Feature",
            "id": "only_free_oyster",
            "geometry": {
                "type": "Point",
                "coordinates": [
                    -73.896467,
                    40.816353
                ]
            },
            "properties": {
                "borough": "Bronx",
                "date_deployed": "2024-05-09T00:00:00Z",
                "date_down": null,
                "end_time": null,
                "fk_status": "visible",
                "flood_event_count": 0,
                "id": "only_free_oyster",
                "last_depth_inches": 0,
                "last_flood_end_time": null,
                "last_flood_time": null,
                "last_measurement_time": "2026-05-06T16:09:36.25Z",
                "max_depth_inches_of_any_flood": null,
                "max_depth_inches_of_last_flood": null,
                "mounted_over": "sidewalk",
                "name": "BX - Southern Blvd/Longwood Ave",
                "neighborhood": "Hunts Point",
                "sensor_mount": "streetsign post",
                "start_time": "2024-05-09T00:00:00Z",
                "status": "online"
            }
        },
        {
            "type": "Feature",
            "id": "oddly_prompt_stud",
            "geometry": {
                "type": "Point",
                "coordinates": [
                    -73.856278366,
                    40.746128144
                ]
            },
            "properties": {
                "borough": "Queens",
                "date_deployed": "2024-08-14T10:00:00Z",
                "date_down": null,
                "end_time": null,
                "fk_status": "visible",
                "flood_event_count": 1,
                "id": "oddly_prompt_stud",
                "last_depth_inches": 0,
                "last_flood_end_time": "2026-03-05T22:56:13.528Z",
                "last_flood_time": "2026-03-05T21:48:13.56Z",
                "last_measurement_time": "2026-05-06T16:10:33.17Z",
                "max_depth_inches_of_any_flood": 1.8897637795275593,
                "max_depth_inches_of_last_flood": 1.8897637795275593,
                "mounted_over": "sidewalk",
                "name": "Q - 48th Ave/108th St",
                "neighborhood": "South Corona",
                "sensor_mount": "streetsign-post",
                "start_time": "2024-08-14T10:00:00Z",
                "status": "online"
            }
        },
        {
            "type": "Feature",
            "id": "oddly_wired_marmot",
            "geometry": {
                "type": "Point",
                "coordinates": [
                    -73.88090437,
                    40.72168657
                ]
            },
            "properties": {
                "borough": "Queens",
                "date_deployed": "2024-05-02T00:00:00Z",
                "date_down": null,
                "end_time": null,
                "fk_status": "visible",
                "flood_event_count": 3,
                "id": "oddly_wired_marmot",
                "last_depth_inches": 0,
                "last_flood_end_time": "2026-03-12T11:57:25.916Z",
                "last_flood_time": "2026-03-12T11:44:26.019Z",
                "last_measurement_time": "2026-05-06T16:09:37.306Z",
                "max_depth_inches_of_any_flood": 0.7480314960629924,
                "max_depth_inches_of_last_flood": 0.6692913385826771,
                "mounted_over": "sidewalk",
                "name": "Q - 77th St/62nd Ave",
                "neighborhood": "Middle Village",
                "sensor_mount": "streetsign post",
                "start_time": "2024-05-02T00:00:00Z",
                "status": "online"
            }
        },
        {
            "type": "Feature",
            "id": "only_modern_bee",
            "geometry": {
                "type": "Point",
                "coordinates": [
                    -73.9984733,
                    40.5750004
                ]
            },
            "properties": {
                "borough": "Brooklyn",
                "date_deployed": "2024-04-19T00:00:00Z",
                "date_down": "2024-10-31T12:00:00Z",
                "end_time": "2024-10-31T12:00:00Z",
                "fk_status": "retired",
                "flood_event_count": 3,
                "id": "only_modern_bee",
                "last_depth_inches": null,
                "last_flood_end_time": "2024-08-04T00:23:22.511Z",
                "last_flood_time": "2024-08-04T00:04:54.469Z",
                "last_measurement_time": null,
                "max_depth_inches_of_any_flood": 1.220472440944882,
                "max_depth_inches_of_last_flood": 1.220472440944882,
                "mounted_over": "sidewalk",
                "name": "BK - Mermaid Ave/W 32th St",
                "neighborhood": "Coney Island",
                "sensor_mount": "streetsign post",
                "start_time": "2024-04-19T00:00:00Z",
                "status": "retired"
            }
        },
        {
            "type": "Feature",
            "id": "openly_fleet_tapir",
            "geometry": {
                "type": "Point",
                "coordinates": [
                    -73.964310012,
                    40.593195942
                ]
            },
            "properties": {
                "borough": "Brooklyn",
                "date_deployed": "2024-08-15T11:55:00Z",
                "date_down": null,
                "end_time": null,
                "fk_status": "visible",
                "flood_event_count": 2,
                "id": "openly_fleet_tapir",
                "last_depth_inches": 0,
                "last_flood_end_time": "2026-03-12T04:28:01.231Z",
                "last_flood_time": "2026-03-12T04:07:01.243Z",
                "last_measurement_time": "2026-05-06T16:09:45.635Z",
                "max_depth_inches_of_any_flood": 4.4488188976377945,
                "max_depth_inches_of_last_flood": 0.905511811023622,
                "mounted_over": "sidewalk",
                "name": "BK - Ocean Pkwy/Avenue W",
                "neighborhood": "Gravesend",
                "sensor_mount": "streetsign-post",
                "start_time": "2024-08-15T11:55:00Z",
                "status": "online"
            }
        },
        {
            "type": "Feature",
            "id": "overly_grand_dove",
            "geometry": {
                "type": "Point",
                "coordinates": [
                    -73.876580463,
                    40.821900959
                ]
            },
            "properties": {
                "borough": "Bronx",
                "date_deployed": "2024-07-18T11:34:00Z",
                "date_down": null,
                "end_time": null,
                "fk_status": "visible",
                "flood_event_count": 0,
                "id": "overly_grand_dove",
                "last_depth_inches": 0,
                "last_flood_end_time": null,
                "last_flood_time": null,
                "last_measurement_time": "2026-05-06T16:10:04.871Z",
                "max_depth_inches_of_any_flood": null,
                "max_depth_inches_of_last_flood": null,
                "mounted_over": "sidewalk",
                "name": "BX - Story Ave/Boynton Ave",
                "neighborhood": "Soundview",
                "sensor_mount": "streetsign-post",
                "start_time": "2024-07-18T11:34:00Z",
                "status": "online"
            }
        },
        {
            "type": "Feature",
            "id": "openly_equal_akita",
            "geometry": {
                "type": "Point",
                "coordinates": [
                    -73.923354523,
                    40.641078555
                ]
            },
            "properties": {
                "borough": "Brooklyn",
                "date_deployed": "2024-08-15T12:37:00Z",
                "date_down": "2024-12-20T17:50:00Z",
                "end_time": "2024-12-20T17:50:00Z",
                "fk_status": "retired",
                "flood_event_count": 0,
                "id": "openly_equal_akita",
                "last_depth_inches": null,
                "last_flood_end_time": null,
                "last_flood_time": null,
                "last_measurement_time": null,
                "max_depth_inches_of_any_flood": null,
                "max_depth_inches_of_last_flood": null,
                "mounted_over": "sidewalk",
                "name": "BK - Whitty Ln/E 56th St",
                "neighborhood": "East Flatbush",
                "sensor_mount": "streetsign-post",
                "start_time": "2024-08-15T12:37:00Z",
                "status": "retired"
            }
        },
        {
            "type": "Feature",
            "id": "openly_bright_llama",
            "geometry": {
                "type": "Point",
                "coordinates": [
                    -73.90662973,
                    40.727626611
                ]
            },
            "properties": {
                "borough": "Queens",
                "date_deployed": "2024-05-03T00:00:00Z",
                "date_down": null,
                "end_time": null,
                "fk_status": "visible",
                "flood_event_count": 2,
                "id": "openly_bright_llama",
                "last_depth_inches": 0,
                "last_flood_end_time": "2025-08-16T12:04:48.524Z",
                "last_flood_time": "2025-08-16T10:56:48.454Z",
                "last_measurement_time": "2026-05-06T15:46:20.917Z",
                "max_depth_inches_of_any_flood": 6.69291338582677,
                "max_depth_inches_of_last_flood": 2.9921259842519694,
                "mounted_over": "sidewalk",
                "name": "Q - Maurice Ave/Queens Midtown Expressway",
                "neighborhood": "Maspeth",
                "sensor_mount": "streetsign post",
                "start_time": "2024-05-03T00:00:00Z",
                "status": "online"
            }
        },
        {
            "type": "Feature",
            "id": "openly_driven_tarpon",
            "geometry": {
                "type": "Point",
                "coordinates": [
                    -74.008560969,
                    40.676352383
                ]
            },
            "properties": {
                "borough": "Brooklyn",
                "date_deployed": "2022-02-18T00:00:00Z",
                "date_down": null,
                "end_time": null,
                "fk_status": "visible",
                "flood_event_count": 2,
                "id": "openly_driven_tarpon",
                "last_depth_inches": 0,
                "last_flood_end_time": "2026-03-17T22:05:15.555Z",
                "last_flood_time": "2026-03-17T21:49:29.471Z",
                "last_measurement_time": "2026-05-06T16:09:52.501Z",
                "max_depth_inches_of_any_flood": 2.007874015748032,
                "max_depth_inches_of_last_flood": 0.4724409448818898,
                "mounted_over": "sidewalk",
                "name": "BK - Dwight St/King St",
                "neighborhood": "Red Hook",
                "sensor_mount": "streetsign post",
                "start_time": "2022-02-18T00:00:00Z",
                "status": "online"
            }
        },
        {
            "type": "Feature",
            "id": "openly_rested_frog",
            "geometry": {
                "type": "Point",
                "coordinates": [
                    -73.817921249,
                    40.751463267
                ]
            },
            "properties": {
                "borough": "Queens",
                "date_deployed": "2024-05-02T00:00:00Z",
                "date_down": null,
                "end_time": null,
                "fk_status": "visible",
                "flood_event_count": 2,
                "id": "openly_rested_frog",
                "last_depth_inches": 0,
                "last_flood_end_time": "2025-10-30T20:02:06.522Z",
                "last_flood_time": "2025-10-30T19:53:06.47Z",
                "last_measurement_time": "2026-05-06T16:09:33.964Z",
                "max_depth_inches_of_any_flood": 3.110236220472442,
                "max_depth_inches_of_last_flood": 2.1259842519685033,
                "mounted_over": "sidewalk",
                "name": "Q - Holly Ave/Union St",
                "neighborhood": "Downtown Flushing",
                "sensor_mount": "streetsign post",
                "start_time": "2024-05-02T00:00:00Z",
                "status": "online"
            }
        },
        {
            "type": "Feature",
            "id": "only_wise_mule",
            "geometry": {
                "type": "Point",
                "coordinates": [
                    -74.1017731,
                    40.5974986
                ]
            },
            "properties": {
                "borough": "Staten Island",
                "date_deployed": "2024-04-25T00:00:00Z",
                "date_down": null,
                "end_time": null,
                "fk_status": "visible",
                "flood_event_count": 2,
                "id": "only_wise_mule",
                "last_depth_inches": 0,
                "last_flood_end_time": "2080-01-12T03:03:53.181Z",
                "last_flood_time": "2080-01-11T22:12:54.137Z",
                "last_measurement_time": "2026-05-06T16:09:57.55Z",
                "max_depth_inches_of_any_flood": 5.196850393700787,
                "max_depth_inches_of_last_flood": 4.921259842519686,
                "mounted_over": "sidewalk",
                "name": "SI - Chapin Ave/Dalemere Rd",
                "neighborhood": "Dongan Hills",
                "sensor_mount": "streetsign post",
                "start_time": "2024-04-25T00:00:00Z",
                "status": "online"
            }
        },
        {
            "type": "Feature",
            "id": "overly_game_cougar",
            "geometry": {
                "type": "Point",
                "coordinates": [
                    -74.1305242,
                    40.6313107
                ]
            },
            "properties": {
                "borough": "Staten Island",
                "date_deployed": "2024-05-31T00:00:00Z",
                "date_down": null,
                "end_time": null,
                "fk_status": "visible",
                "flood_event_count": 2,
                "id": "overly_game_cougar",
                "last_depth_inches": 0,
                "last_flood_end_time": "2025-07-31T20:28:39.777Z",
                "last_flood_time": "2025-07-31T19:40:39.834Z",
                "last_measurement_time": "2026-05-06T16:09:49.329Z",
                "max_depth_inches_of_any_flood": 21.338582677165356,
                "max_depth_inches_of_last_flood": 21.338582677165356,
                "mounted_over": "sidewalk",
                "name": "SI - Catherine Ct/Jewett Ave",
                "neighborhood": "Richmond",
                "sensor_mount": "streetsign post",
                "start_time": "2024-05-31T00:00:00Z",
                "status": "online"
            }
        },
        {
            "type": "Feature",
            "id": "openly_tough_jay",
            "geometry": {
                "type": "Point",
                "coordinates": [
                    -73.935526,
                    40.8217812
                ]
            },
            "properties": {
                "borough": "Manhattan",
                "date_deployed": "2024-07-02T14:55:00Z",
                "date_down": null,
                "end_time": null,
                "fk_status": "visible",
                "flood_event_count": 0,
                "id": "openly_tough_jay",
                "last_depth_inches": 0,
                "last_flood_end_time": null,
                "last_flood_time": null,
                "last_measurement_time": "2026-05-06T16:08:27.698Z",
                "max_depth_inches_of_any_flood": null,
                "max_depth_inches_of_last_flood": null,
                "mounted_over": "sidewalk",
                "name": "M - W 147th St/Malcolm X Blvd",
                "neighborhood": "Central Harlem",
                "sensor_mount": "streetsign-post",
                "start_time": "2024-07-02T14:55:00Z",
                "status": "online"
            }
        },
        {
            "type": "Feature",
            "id": "unified_angry_donkey",
            "geometry": {
                "type": "Point",
                "coordinates": [
                    -73.8311849,
                    40.6587793
                ]
            },
            "properties": {
                "borough": "Queens",
                "date_deployed": "2023-03-17T00:00:00Z",
                "date_down": "2026-04-03T12:00:00Z",
                "end_time": "2026-04-03T12:00:00Z",
                "fk_status": "retired",
                "flood_event_count": 73,
                "id": "unified_angry_donkey",
                "last_depth_inches": null,
                "last_flood_end_time": "2026-04-01T07:16:09.683Z",
                "last_flood_time": "2026-04-01T06:58:16.723Z",
                "last_measurement_time": null,
                "max_depth_inches_of_any_flood": 21.692913385826774,
                "max_depth_inches_of_last_flood": 0.5511811023622049,
                "mounted_over": "sidewalk",
                "name": "Q - 102nd St/160th Ave",
                "neighborhood": "Howard Beach",
                "sensor_mount": "streetsign post",
                "start_time": "2023-03-17T00:00:00Z",
                "status": "retired"
            }
        },
        {
            "type": "Feature",
            "id": "presumably-suited-lobster",
            "geometry": {
                "type": "Point",
                "coordinates": [
                    -73.949968355,
                    40.698988564
                ]
            },
            "properties": {
                "borough": "Brooklyn",
                "date_deployed": "2024-12-19T03:38:00Z",
                "date_down": null,
                "end_time": null,
                "fk_status": "visible",
                "flood_event_count": 2,
                "id": "presumably-suited-lobster",
                "last_depth_inches": null,
                "last_flood_end_time": "2026-03-12T04:28:26.924Z",
                "last_flood_time": "2026-03-12T04:10:26.319Z",
                "last_measurement_time": null,
                "max_depth_inches_of_any_flood": 7.165354330708661,
                "max_depth_inches_of_last_flood": 0.6299212598425198,
                "mounted_over": "sidewalk",
                "name": "BK - Marcy Ave/Hopkins St",
                "neighborhood": "Bedford Stuyvesant",
                "sensor_mount": "streetsign-post",
                "start_time": "2024-12-19T03:38:00Z",
                "status": "offline"
            }
        },
        {
            "type": "Feature",
            "id": "poorly_amazed_muskox",
            "geometry": {
                "type": "Point",
                "coordinates": [
                    -73.904204046,
                    40.646557074
                ]
            },
            "properties": {
                "borough": "Brooklyn",
                "date_deployed": "2024-04-18T00:00:00Z",
                "date_down": null,
                "end_time": null,
                "fk_status": "visible",
                "flood_event_count": 3,
                "id": "poorly_amazed_muskox",
                "last_depth_inches": 0,
                "last_flood_end_time": "2026-04-17T05:19:11.303Z",
                "last_flood_time": "2026-04-17T05:02:11.261Z",
                "last_measurement_time": "2026-05-06T16:10:22.491Z",
                "max_depth_inches_of_any_flood": 0.9842519685039373,
                "max_depth_inches_of_last_flood": 0.7480314960629924,
                "mounted_over": "sidewalk",
                "name": "BK -  Farragut Rd/ Rockaway Pkwy",
                "neighborhood": "Canarsie",
                "sensor_mount": "streetsign post",
                "start_time": "2024-04-18T00:00:00Z",
                "status": "online"
            }
        },
        {
            "type": "Feature",
            "id": "poorly_set_cougar",
            "geometry": {
                "type": "Point",
                "coordinates": [
                    -74.00496687,
                    40.655605651
                ]
            },
            "properties": {
                "borough": "Brooklyn",
                "date_deployed": "2024-08-07T03:38:00Z",
                "date_down": null,
                "end_time": null,
                "fk_status": "visible",
                "flood_event_count": 1,
                "id": "poorly_set_cougar",
                "last_depth_inches": 0,
                "last_flood_end_time": "2026-03-12T04:38:54.227Z",
                "last_flood_time": "2026-03-12T04:00:54.296Z",
                "last_measurement_time": "2026-05-06T16:09:53.16Z",
                "max_depth_inches_of_any_flood": 0.6692913385826771,
                "max_depth_inches_of_last_flood": 0.6692913385826771,
                "mounted_over": "sidewalk",
                "name": "BK - 35th St/3rd Ave",
                "neighborhood": "Windsor Terrace",
                "sensor_mount": "streetsign-post",
                "start_time": "2024-08-07T03:38:00Z",
                "status": "online"
            }
        },
        {
            "type": "Feature",
            "id": "poorly_many_snake",
            "geometry": {
                "type": "Point",
                "coordinates": [
                    -74.003601913,
                    40.61328106
                ]
            },
            "properties": {
                "borough": "Brooklyn",
                "date_deployed": "2024-08-07T03:38:00Z",
                "date_down": null,
                "end_time": null,
                "fk_status": "down",
                "flood_event_count": 2,
                "id": "poorly_many_snake",
                "last_depth_inches": 0,
                "last_flood_end_time": "2026-03-12T04:21:59.852Z",
                "last_flood_time": "2026-03-12T04:01:59.826Z",
                "last_measurement_time": "2026-05-06T16:09:32.723Z",
                "max_depth_inches_of_any_flood": 5.039370078740158,
                "max_depth_inches_of_last_flood": 0.905511811023622,
                "mounted_over": "sidewalk",
                "name": "BK - 16th Ave/80th St",
                "neighborhood": "Bensonhurst",
                "sensor_mount": "streetsign-post",
                "start_time": "2024-08-07T03:38:00Z",
                "status": "online"
            }
        },
        {
            "type": "Feature",
            "id": "poorly_sunny_earwig",
            "geometry": {
                "type": "Point",
                "coordinates": [
                    -74.0842748,
                    40.5764024
                ]
            },
            "properties": {
                "borough": "Staten Island",
                "date_deployed": "2023-05-19T00:00:00Z",
                "date_down": null,
                "end_time": null,
                "fk_status": "down",
                "flood_event_count": 38,
                "id": "poorly_sunny_earwig",
                "last_depth_inches": 0,
                "last_flood_end_time": "2026-03-29T11:36:20.268Z",
                "last_flood_time": "2026-03-29T11:15:18.277Z",
                "last_measurement_time": "2026-05-05T14:25:41.093Z",
                "max_depth_inches_of_any_flood": 5.59055118110236,
                "max_depth_inches_of_last_flood": 0.8661417322834646,
                "mounted_over": "sidewalk",
                "name": "SI - Quincy Ave/Iona St",
                "neighborhood": "Midland Beach",
                "sensor_mount": "streetsign post ",
                "start_time": "2023-05-19T00:00:00Z",
                "status": "offline"
            }
        },
        {
            "type": "Feature",
            "id": "random_stuck_buffalo",
            "geometry": {
                "type": "Point",
                "coordinates": [
                    -73.8009935,
                    40.5965724
                ]
            },
            "properties": {
                "borough": "Queens",
                "date_deployed": "2023-03-17T00:00:00Z",
                "date_down": null,
                "end_time": null,
                "fk_status": "visible",
                "flood_event_count": 11,
                "id": "random_stuck_buffalo",
                "last_depth_inches": 0,
                "last_flood_end_time": "2025-10-30T21:46:53.281Z",
                "last_flood_time": "2025-10-30T19:44:42.146Z",
                "last_measurement_time": "2026-05-06T16:09:01.713Z",
                "max_depth_inches_of_any_flood": 21.496062992125978,
                "max_depth_inches_of_last_flood": 6.574803149606298,
                "mounted_over": "sidewalk",
                "name": "Q - Beach 72nd St/Almeda Ave",
                "neighborhood": "Somerville",
                "sensor_mount": "streetsign post",
                "start_time": "2023-03-17T00:00:00Z",
                "status": "online"
            }
        },
        {
            "type": "Feature",
            "id": "purely_tight_gannet",
            "geometry": {
                "type": "Point",
                "coordinates": [
                    -73.868157573,
                    40.755249167
                ]
            },
            "properties": {
                "borough": "Queens",
                "date_deployed": "2024-05-02T00:00:00Z",
                "date_down": null,
                "end_time": null,
                "fk_status": "visible",
                "flood_event_count": 0,
                "id": "purely_tight_gannet",
                "last_depth_inches": 0,
                "last_flood_end_time": null,
                "last_flood_time": null,
                "last_measurement_time": "2026-05-06T16:10:20.75Z",
                "max_depth_inches_of_any_flood": null,
                "max_depth_inches_of_last_flood": null,
                "mounted_over": "sidewalk",
                "name": "Q - 100th St/34th Ave",
                "neighborhood": "North Corona",
                "sensor_mount": "streetsign post",
                "start_time": "2024-05-02T00:00:00Z",
                "status": "online"
            }
        },
        {
            "type": "Feature",
            "id": "purely_fancy_kite",
            "geometry": {
                "type": "Point",
                "coordinates": [
                    -74.0934482,
                    40.5748358
                ]
            },
            "properties": {
                "borough": "Staten Island",
                "date_deployed": "2023-05-19T00:00:00Z",
                "date_down": null,
                "end_time": null,
                "fk_status": "visible",
                "flood_event_count": 31,
                "id": "purely_fancy_kite",
                "last_depth_inches": 0,
                "last_flood_end_time": "2026-03-12T11:52:02.664Z",
                "last_flood_time": "2026-03-12T11:40:27.516Z",
                "last_measurement_time": "2026-05-06T16:07:37.3Z",
                "max_depth_inches_of_any_flood": 8.661417322834646,
                "max_depth_inches_of_last_flood": 0.7086614173228346,
                "mounted_over": "sidewalk",
                "name": "SI - Grimsby St/ Mapleton Ave",
                "neighborhood": "Midland Beach",
                "sensor_mount": "streetsign post",
                "start_time": "2023-05-19T00:00:00Z",
                "status": "online"
            }
        },
        {
            "type": "Feature",
            "id": "purely-finer-beagle",
            "geometry": {
                "type": "Point",
                "coordinates": [
                    -73.9114666,
                    40.8292669
                ]
            },
            "properties": {
                "borough": "Bronx",
                "date_deployed": "2024-08-22T15:03:00Z",
                "date_down": null,
                "end_time": null,
                "fk_status": "down",
                "flood_event_count": 19,
                "id": "purely-finer-beagle",
                "last_depth_inches": 6.535433070866143,
                "last_flood_end_time": "2026-03-21T22:19:12.138Z",
                "last_flood_time": "2026-03-18T18:36:17.349Z",
                "last_measurement_time": "2026-05-06T16:09:15.323Z",
                "max_depth_inches_of_any_flood": 11.535433070866143,
                "max_depth_inches_of_last_flood": 7.795275590551182,
                "mounted_over": "sidewalk",
                "name": "BX - Webster Ave/E 166th St",
                "neighborhood": "Morrisania",
                "sensor_mount": "streetsign-post",
                "start_time": "2024-08-22T15:03:00Z",
                "status": "online"
            }
        },
        {
            "type": "Feature",
            "id": "purely_trusty_hare",
            "geometry": {
                "type": "Point",
                "coordinates": [
                    -73.977398325,
                    40.719530921
                ]
            },
            "properties": {
                "borough": "Manhattan",
                "date_deployed": "2024-07-24T03:38:00Z",
                "date_down": null,
                "end_time": null,
                "fk_status": "visible",
                "flood_event_count": 1,
                "id": "purely_trusty_hare",
                "last_depth_inches": 0,
                "last_flood_end_time": "2026-03-12T04:50:41.146Z",
                "last_flood_time": "2026-03-12T04:29:41.56Z",
                "last_measurement_time": "2026-05-06T16:09:53.36Z",
                "max_depth_inches_of_any_flood": 0.5511811023622049,
                "max_depth_inches_of_last_flood": 0.5511811023622049,
                "mounted_over": "sidewalk",
                "name": "M - E Houston St/Baruch Dr",
                "neighborhood": "Lower East Side",
                "sensor_mount": "streetsign-post",
                "start_time": "2024-07-24T03:38:00Z",
                "status": "online"
            }
        },
        {
            "type": "Feature",
            "id": "rarely_intent_donkey",
            "geometry": {
                "type": "Point",
                "coordinates": [
                    -73.87551215,
                    40.70700629
                ]
            },
            "properties": {
                "borough": "Queens",
                "date_deployed": "2024-05-02T00:00:00Z",
                "date_down": null,
                "end_time": null,
                "fk_status": "visible",
                "flood_event_count": 1,
                "id": "rarely_intent_donkey",
                "last_depth_inches": null,
                "last_flood_end_time": "2025-10-30T19:47:32.741Z",
                "last_flood_time": "2025-10-30T19:37:32.728Z",
                "last_measurement_time": null,
                "max_depth_inches_of_any_flood": 1.1417322834645671,
                "max_depth_inches_of_last_flood": 1.1417322834645671,
                "mounted_over": "sidewalk",
                "name": "Q - 71st Ave/75th St",
                "neighborhood": "Middle Village",
                "sensor_mount": "streetsign post",
                "start_time": "2024-05-02T00:00:00Z",
                "status": "offline"
            }
        },
        {
            "type": "Feature",
            "id": "publicly-stunning-airedale",
            "geometry": {
                "type": "Point",
                "coordinates": [
                    -73.8303382,
                    40.8392889
                ]
            },
            "properties": {
                "borough": "Bronx",
                "date_deployed": "2025-01-23T11:10:00Z",
                "date_down": null,
                "end_time": null,
                "fk_status": "visible",
                "flood_event_count": 1,
                "id": "publicly-stunning-airedale",
                "last_depth_inches": 0,
                "last_flood_end_time": "2025-10-30T19:45:04.367Z",
                "last_flood_time": "2025-10-30T19:40:04.361Z",
                "last_measurement_time": "2026-05-06T16:10:30.618Z",
                "max_depth_inches_of_any_flood": 0.6299212598425198,
                "max_depth_inches_of_last_flood": 0.6299212598425198,
                "mounted_over": "sidewalk",
                "name": "BX - Gillespie Ave/ Lasalle Ave",
                "neighborhood": "Pelham Bay",
                "sensor_mount": "streetsign-post",
                "start_time": "2025-01-23T11:10:00Z",
                "status": "online"
            }
        },
        {
            "type": "Feature",
            "id": "sadly-direct-walrus",
            "geometry": {
                "type": "Point",
                "coordinates": [
                    -74.127785536,
                    40.63711333
                ]
            },
            "properties": {
                "borough": "Staten Island",
                "date_deployed": "2023-03-24T00:00:00Z",
                "date_down": null,
                "end_time": null,
                "fk_status": "visible",
                "flood_event_count": 3,
                "id": "sadly-direct-walrus",
                "last_depth_inches": 0,
                "last_flood_end_time": "2025-07-31T20:21:52.785Z",
                "last_flood_time": "2025-07-31T19:36:52.425Z",
                "last_measurement_time": "2026-05-06T15:56:28.152Z",
                "max_depth_inches_of_any_flood": 8.622047244094485,
                "max_depth_inches_of_last_flood": 8.622047244094485,
                "mounted_over": "sidewalk",
                "name": "SI - Rector St/Richmond Terr",
                "neighborhood": "West Brighton",
                "sensor_mount": "streetsign post ",
                "start_time": "2023-03-24T00:00:00Z",
                "status": "online"
            }
        },
        {
            "type": "Feature",
            "id": "really_subtle_fawn",
            "geometry": {
                "type": "Point",
                "coordinates": [
                    -73.94232856,
                    40.63677062
                ]
            },
            "properties": {
                "borough": "Brooklyn",
                "date_deployed": "2024-08-15T12:32:00Z",
                "date_down": null,
                "end_time": null,
                "fk_status": "visible",
                "flood_event_count": 5,
                "id": "really_subtle_fawn",
                "last_depth_inches": 0,
                "last_flood_end_time": "2026-03-12T12:03:38.77Z",
                "last_flood_time": "2026-03-12T11:47:38.79Z",
                "last_measurement_time": "2026-05-06T16:10:19.258Z",
                "max_depth_inches_of_any_flood": 5.196850393700787,
                "max_depth_inches_of_last_flood": 0.6299212598425198,
                "mounted_over": "sidewalk",
                "name": "BK - Farragut Rd/Brooklyn Ave",
                "neighborhood": "East Flatbush",
                "sensor_mount": "streetsign-post",
                "start_time": "2024-08-15T12:32:00Z",
                "status": "online"
            }
        },
        {
            "type": "Feature",
            "id": "really-cute-lemur",
            "geometry": {
                "type": "Point",
                "coordinates": [
                    -73.830330005,
                    40.709928592
                ]
            },
            "properties": {
                "borough": "Queens",
                "date_deployed": "2024-09-06T03:38:00Z",
                "date_down": null,
                "end_time": null,
                "fk_status": "visible",
                "flood_event_count": 1,
                "id": "really-cute-lemur",
                "last_depth_inches": 0,
                "last_flood_end_time": "2026-03-12T04:35:31.247Z",
                "last_flood_time": "2026-03-12T04:13:31.199Z",
                "last_measurement_time": "2026-05-06T16:10:22.206Z",
                "max_depth_inches_of_any_flood": 0.7874015748031498,
                "max_depth_inches_of_last_flood": 0.7874015748031498,
                "mounted_over": "sidewalk",
                "name": "Q - Mowbray Dr/Austin St",
                "neighborhood": "Kew Gardens",
                "sensor_mount": "streetsign-post",
                "start_time": "2024-09-06T03:38:00Z",
                "status": "online"
            }
        },
        {
            "type": "Feature",
            "id": "really_vocal_puma",
            "geometry": {
                "type": "Point",
                "coordinates": [
                    -73.94983662,
                    40.69797412
                ]
            },
            "properties": {
                "borough": "Brooklyn",
                "date_deployed": "2020-10-05T00:00:00Z",
                "date_down": "2023-03-09T00:00:00Z",
                "end_time": "2023-03-09T00:00:00Z",
                "fk_status": "retired",
                "flood_event_count": 0,
                "id": "really_vocal_puma",
                "last_depth_inches": null,
                "last_flood_end_time": null,
                "last_flood_time": null,
                "last_measurement_time": null,
                "max_depth_inches_of_any_flood": null,
                "max_depth_inches_of_last_flood": null,
                "mounted_over": "sidewalk",
                "name": "BK - Marcy Ave/Ellery St",
                "neighborhood": "Bedford Stuyvesant",
                "sensor_mount": "streetsign post",
                "start_time": "2020-10-05T00:00:00Z",
                "status": "retired"
            }
        },
        {
            "type": "Feature",
            "id": "rarely_sacred_insect",
            "geometry": {
                "type": "Point",
                "coordinates": [
                    -73.934855849,
                    40.637051102
                ]
            },
            "properties": {
                "borough": "Brooklyn",
                "date_deployed": "2024-08-15T12:28:00Z",
                "date_down": null,
                "end_time": null,
                "fk_status": "visible",
                "flood_event_count": 5,
                "id": "rarely_sacred_insect",
                "last_depth_inches": 0,
                "last_flood_end_time": "2026-04-01T07:25:07.253Z",
                "last_flood_time": "2026-04-01T06:58:07.198Z",
                "last_measurement_time": "2026-05-06T16:09:39.537Z",
                "max_depth_inches_of_any_flood": 8.30708661417323,
                "max_depth_inches_of_last_flood": 0.8267716535433071,
                "mounted_over": "sidewalk",
                "name": "BK - Troy Ave/Farragut Rd",
                "neighborhood": "East Flatbush",
                "sensor_mount": "streetsign-post",
                "start_time": "2024-08-15T12:28:00Z",
                "status": "online"
            }
        },
        {
            "type": "Feature",
            "id": "really_usable_ghoul",
            "geometry": {
                "type": "Point",
                "coordinates": [
                    -73.779035298,
                    40.595000638
                ]
            },
            "properties": {
                "borough": "Queens",
                "date_deployed": "2024-07-19T12:09:00Z",
                "date_down": null,
                "end_time": null,
                "fk_status": "visible",
                "flood_event_count": 11,
                "id": "really_usable_ghoul",
                "last_depth_inches": 0,
                "last_flood_end_time": "2026-04-19T02:28:20.165Z",
                "last_flood_time": "2026-04-19T01:30:20.207Z",
                "last_measurement_time": "2026-05-06T16:10:20.258Z",
                "max_depth_inches_of_any_flood": 5.551181102362205,
                "max_depth_inches_of_last_flood": 2.2047244094488194,
                "mounted_over": "sidewalk",
                "name": "Q - Beach Channel Dr/Beach 48th St",
                "neighborhood": "Edgemere",
                "sensor_mount": "streetsign-post",
                "start_time": "2024-07-19T12:09:00Z",
                "status": "online"
            }
        },
        {
            "type": "Feature",
            "id": "rarely_pet_marmot",
            "geometry": {
                "type": "Point",
                "coordinates": [
                    -74.174256351,
                    40.541109796
                ]
            },
            "properties": {
                "borough": "Staten Island",
                "date_deployed": "2024-08-08T03:38:00Z",
                "date_down": null,
                "end_time": null,
                "fk_status": "visible",
                "flood_event_count": 0,
                "id": "rarely_pet_marmot",
                "last_depth_inches": null,
                "last_flood_end_time": null,
                "last_flood_time": null,
                "last_measurement_time": null,
                "max_depth_inches_of_any_flood": null,
                "max_depth_inches_of_last_flood": null,
                "mounted_over": "sidewalk",
                "name": "SI - Fabian St/Sneden Ave",
                "neighborhood": "Richmond",
                "sensor_mount": "streetsign-post",
                "start_time": "2024-08-08T03:38:00Z",
                "status": "offline"
            }
        },
        {
            "type": "Feature",
            "id": "really_brief_stork",
            "geometry": {
                "type": "Point",
                "coordinates": [
                    -73.9289721,
                    40.866835
                ]
            },
            "properties": {
                "borough": "Manhattan",
                "date_deployed": "2024-07-02T15:05:00Z",
                "date_down": null,
                "end_time": null,
                "fk_status": "visible",
                "flood_event_count": 0,
                "id": "really_brief_stork",
                "last_depth_inches": 0,
                "last_flood_end_time": null,
                "last_flood_time": null,
                "last_measurement_time": "2026-05-06T16:00:52.048Z",
                "max_depth_inches_of_any_flood": null,
                "max_depth_inches_of_last_flood": null,
                "mounted_over": "sidewalk",
                "name": "M - Dyckman St/Payson Ave",
                "neighborhood": "Inwood",
                "sensor_mount": "streetsign-post",
                "start_time": "2024-07-02T15:05:00Z",
                "status": "online"
            }
        },
        {
            "type": "Feature",
            "id": "reliably-driven-martin",
            "geometry": {
                "type": "Point",
                "coordinates": [
                    -73.8288417,
                    40.8410294
                ]
            },
            "properties": {
                "borough": "Bronx",
                "date_deployed": "2025-01-23T11:30:00Z",
                "date_down": null,
                "end_time": null,
                "fk_status": "visible",
                "flood_event_count": 1,
                "id": "reliably-driven-martin",
                "last_depth_inches": 0,
                "last_flood_end_time": "2026-03-06T00:59:23.13Z",
                "last_flood_time": "2026-03-05T12:30:25.22Z",
                "last_measurement_time": "2026-05-06T16:10:26.685Z",
                "max_depth_inches_of_any_flood": 2.440944881889764,
                "max_depth_inches_of_last_flood": 2.440944881889764,
                "mounted_over": "sidewalk",
                "name": "BX - Hobart Ave/ Coddington Ave",
                "neighborhood": "Pelham Bay",
                "sensor_mount": "streetsign-post",
                "start_time": "2025-01-23T11:30:00Z",
                "status": "online"
            }
        },
        {
            "type": "Feature",
            "id": "really_nice_roughy",
            "geometry": {
                "type": "Point",
                "coordinates": [
                    -73.942641701,
                    40.822214237
                ]
            },
            "properties": {
                "borough": "Manhattan",
                "date_deployed": "2024-07-02T10:00:00Z",
                "date_down": null,
                "end_time": null,
                "fk_status": "visible",
                "flood_event_count": 0,
                "id": "really_nice_roughy",
                "last_depth_inches": 0,
                "last_flood_end_time": null,
                "last_flood_time": null,
                "last_measurement_time": "2026-05-06T16:08:46.066Z",
                "max_depth_inches_of_any_flood": null,
                "max_depth_inches_of_last_flood": null,
                "mounted_over": "sidewalk",
                "name": "M - W 143rd St/Frederick Douglass Blvd",
                "neighborhood": "Central Harlem",
                "sensor_mount": "streetsign-post",
                "start_time": "2024-07-02T10:00:00Z",
                "status": "online"
            }
        },
        {
            "type": "Feature",
            "id": "sadly_moving_bengal",
            "geometry": {
                "type": "Point",
                "coordinates": [
                    -73.923793429,
                    40.645056352
                ]
            },
            "properties": {
                "borough": "Brooklyn",
                "date_deployed": "2024-08-15T12:43:00Z",
                "date_down": null,
                "end_time": null,
                "fk_status": "visible",
                "flood_event_count": 2,
                "id": "sadly_moving_bengal",
                "last_depth_inches": 0,
                "last_flood_end_time": "2026-03-12T12:03:52.023Z",
                "last_flood_time": "2026-03-12T11:48:51.703Z",
                "last_measurement_time": "2026-05-06T16:10:12.912Z",
                "max_depth_inches_of_any_flood": 0.8267716535433071,
                "max_depth_inches_of_last_flood": 0.7086614173228346,
                "mounted_over": "sidewalk",
                "name": "BK - Clarendon Rd/E 56th St",
                "neighborhood": "East Flatbush",
                "sensor_mount": "streetsign-post",
                "start_time": "2024-08-15T12:43:00Z",
                "status": "online"
            }
        },
        {
            "type": "Feature",
            "id": "safely_moral_husky",
            "geometry": {
                "type": "Point",
                "coordinates": [
                    -73.85538862,
                    40.667256216
                ]
            },
            "properties": {
                "borough": "Queens",
                "date_deployed": "2024-05-16T00:00:00Z",
                "date_down": null,
                "end_time": null,
                "fk_status": "visible",
                "flood_event_count": 0,
                "id": "safely_moral_husky",
                "last_depth_inches": 0,
                "last_flood_end_time": null,
                "last_flood_time": null,
                "last_measurement_time": "2026-05-06T16:09:54.211Z",
                "max_depth_inches_of_any_flood": null,
                "max_depth_inches_of_last_flood": null,
                "mounted_over": "sidewalk",
                "name": "Q - 79th St/151st Ave",
                "neighborhood": "Lindenwood",
                "sensor_mount": "streetsign post",
                "start_time": "2024-05-16T00:00:00Z",
                "status": "online"
            }
        },
        {
            "type": "Feature",
            "id": "simply_half_monkey",
            "geometry": {
                "type": "Point",
                "coordinates": [
                    -73.94860116,
                    40.70160296
                ]
            },
            "properties": {
                "borough": "Brooklyn",
                "date_deployed": "2023-03-09T00:00:00Z",
                "date_down": null,
                "end_time": null,
                "fk_status": "visible",
                "flood_event_count": 3,
                "id": "simply_half_monkey",
                "last_depth_inches": 0,
                "last_flood_end_time": "2026-03-12T04:34:09.441Z",
                "last_flood_time": "2026-03-12T04:06:09.921Z",
                "last_measurement_time": "2026-05-06T16:10:17.425Z",
                "max_depth_inches_of_any_flood": 2.637795275590551,
                "max_depth_inches_of_last_flood": 0.5905511811023623,
                "mounted_over": "sidewalk",
                "name": "BK - Wallabout St/Harrison Ave",
                "neighborhood": "Williamsburg",
                "sensor_mount": "streetsign post",
                "start_time": "2023-03-09T00:00:00Z",
                "status": "online"
            }
        },
        {
            "type": "Feature",
            "id": "simply_pet_joey",
            "geometry": {
                "type": "Point",
                "coordinates": [
                    -74.000316324,
                    40.733008729
                ]
            },
            "properties": {
                "borough": "Manhattan",
                "date_deployed": "2021-12-11T00:00:00Z",
                "date_down": "2022-04-01T12:00:00Z",
                "end_time": "2022-04-01T12:00:00Z",
                "fk_status": "retired",
                "flood_event_count": 0,
                "id": "simply_pet_joey",
                "last_depth_inches": null,
                "last_flood_end_time": null,
                "last_flood_time": null,
                "last_measurement_time": null,
                "max_depth_inches_of_any_flood": null,
                "max_depth_inches_of_last_flood": null,
                "mounted_over": "sidewalk",
                "name": "M - Waverly Pl/6th Av",
                "neighborhood": "West Village",
                "sensor_mount": "streetsign post",
                "start_time": "2021-12-11T00:00:00Z",
                "status": "retired"
            }
        },
        {
            "type": "Feature",
            "id": "sadly_calm_cattle",
            "geometry": {
                "type": "Point",
                "coordinates": [
                    -74.166161677,
                    40.604897814
                ]
            },
            "properties": {
                "borough": "Staten Island",
                "date_deployed": "2024-08-08T03:38:00Z",
                "date_down": null,
                "end_time": null,
                "fk_status": "visible",
                "flood_event_count": 0,
                "id": "sadly_calm_cattle",
                "last_depth_inches": 0,
                "last_flood_end_time": null,
                "last_flood_time": null,
                "last_measurement_time": "2026-05-06T16:10:13.766Z",
                "max_depth_inches_of_any_flood": null,
                "max_depth_inches_of_last_flood": null,
                "mounted_over": "sidewalk",
                "name": "SI - Dawson Ct/Dawson Cir",
                "neighborhood": "Bulls Head",
                "sensor_mount": "streetsign-post",
                "start_time": "2024-08-08T03:38:00Z",
                "status": "online"
            }
        },
        {
            "type": "Feature",
            "id": "simply_keen_quagga",
            "geometry": {
                "type": "Point",
                "coordinates": [
                    -73.858637117,
                    40.824325888
                ]
            },
            "properties": {
                "borough": "Bronx",
                "date_deployed": "2024-07-18T11:33:00Z",
                "date_down": null,
                "end_time": null,
                "fk_status": "visible",
                "flood_event_count": 0,
                "id": "simply_keen_quagga",
                "last_depth_inches": 0,
                "last_flood_end_time": null,
                "last_flood_time": null,
                "last_measurement_time": "2026-05-06T16:09:39.514Z",
                "max_depth_inches_of_any_flood": null,
                "max_depth_inches_of_last_flood": null,
                "mounted_over": "sidewalk",
                "name": "BX - White Plains Rd/Story Ave",
                "neighborhood": "Soundview",
                "sensor_mount": "streetsign-post",
                "start_time": "2024-07-18T11:33:00Z",
                "status": "online"
            }
        },
        {
            "type": "Feature",
            "id": "simply_sweet_shad",
            "geometry": {
                "type": "Point",
                "coordinates": [
                    -73.864457568,
                    40.743127636
                ]
            },
            "properties": {
                "borough": "Queens",
                "date_deployed": "2024-08-14T12:00:00Z",
                "date_down": null,
                "end_time": null,
                "fk_status": "visible",
                "flood_event_count": 0,
                "id": "simply_sweet_shad",
                "last_depth_inches": 0,
                "last_flood_end_time": null,
                "last_flood_time": null,
                "last_measurement_time": "2026-05-06T16:09:38.411Z",
                "max_depth_inches_of_any_flood": null,
                "max_depth_inches_of_last_flood": null,
                "mounted_over": "sidewalk",
                "name": "Q - 98th St/Alstyne Ave",
                "neighborhood": "South Corona",
                "sensor_mount": "streetsign-post",
                "start_time": "2024-08-14T12:00:00Z",
                "status": "online"
            }
        },
        {
            "type": "Feature",
            "id": "simply_famous_horse",
            "geometry": {
                "type": "Point",
                "coordinates": [
                    -73.759906794,
                    40.659535238
                ]
            },
            "properties": {
                "borough": "Queens",
                "date_deployed": "2024-08-14T10:40:00Z",
                "date_down": null,
                "end_time": null,
                "fk_status": "visible",
                "flood_event_count": 0,
                "id": "simply_famous_horse",
                "last_depth_inches": 0,
                "last_flood_end_time": null,
                "last_flood_time": null,
                "last_measurement_time": "2026-05-06T16:10:29.258Z",
                "max_depth_inches_of_any_flood": null,
                "max_depth_inches_of_last_flood": null,
                "mounted_over": "sidewalk",
                "name": "Q - 147th Ave/Springfield Ln",
                "neighborhood": "Brookville",
                "sensor_mount": "streetsign-post",
                "start_time": "2024-08-14T10:40:00Z",
                "status": "online"
            }
        },
        {
            "type": "Feature",
            "id": "simply_fancy_tapir",
            "geometry": {
                "type": "Point",
                "coordinates": [
                    -73.779742577,
                    40.593339165
                ]
            },
            "properties": {
                "borough": "Queens",
                "date_deployed": "2024-07-19T12:07:00Z",
                "date_down": null,
                "end_time": null,
                "fk_status": "visible",
                "flood_event_count": 3,
                "id": "simply_fancy_tapir",
                "last_depth_inches": 0,
                "last_flood_end_time": "2026-04-01T22:31:28.586Z",
                "last_flood_time": "2026-04-01T22:16:28.567Z",
                "last_measurement_time": "2026-05-06T16:10:23.518Z",
                "max_depth_inches_of_any_flood": 3.4251968503937014,
                "max_depth_inches_of_last_flood": 0.8661417322834646,
                "mounted_over": "sidewalk",
                "name": "Q - Beach 49th St/Rockaway Beach Blvd",
                "neighborhood": "Edgemere",
                "sensor_mount": "streetsign-post",
                "start_time": "2024-07-19T12:07:00Z",
                "status": "online"
            }
        },
        {
            "type": "Feature",
            "id": "safely_tight_pug",
            "geometry": {
                "type": "Point",
                "coordinates": [
                    -74.2069581,
                    40.5315041
                ]
            },
            "properties": {
                "borough": "Staten Island",
                "date_deployed": "2024-05-31T00:00:00Z",
                "date_down": null,
                "end_time": null,
                "fk_status": "visible",
                "flood_event_count": 1,
                "id": "safely_tight_pug",
                "last_depth_inches": 0,
                "last_flood_end_time": "2024-07-25T04:09:40.674Z",
                "last_flood_time": "2024-07-24T22:39:00.225Z",
                "last_measurement_time": "2026-05-06T16:08:43.512Z",
                "max_depth_inches_of_any_flood": 2.007874015748032,
                "max_depth_inches_of_last_flood": 2.007874015748032,
                "mounted_over": "sidewalk",
                "name": "SI - Lenevar Ave & Drumgoole Rd W",
                "neighborhood": "Woodrow",
                "sensor_mount": "streetsign post",
                "start_time": "2024-05-31T00:00:00Z",
                "status": "online"
            }
        },
        {
            "type": "Feature",
            "id": "small_red_chicken",
            "geometry": {
                "type": "Point",
                "coordinates": [
                    -73.7955562,
                    40.5959557
                ]
            },
            "properties": {
                "borough": "Queens",
                "date_deployed": "2023-03-17T00:00:00Z",
                "date_down": null,
                "end_time": null,
                "fk_status": "visible",
                "flood_event_count": 1,
                "id": "small_red_chicken",
                "last_depth_inches": 0,
                "last_flood_end_time": "2023-09-29T21:35:45.78Z",
                "last_flood_time": "2023-09-29T14:46:07.568Z",
                "last_measurement_time": "2026-05-06T16:08:53.984Z",
                "max_depth_inches_of_any_flood": 6.850393700787403,
                "max_depth_inches_of_last_flood": 6.850393700787403,
                "mounted_over": "sidewalk",
                "name": "Q - Beach 66th St/Thursby Ave",
                "neighborhood": "Somerville",
                "sensor_mount": "streetsign post",
                "start_time": "2023-03-17T00:00:00Z",
                "status": "online"
            }
        },
        {
            "type": "Feature",
            "id": "slowly_sharp_dog",
            "geometry": {
                "type": "Point",
                "coordinates": [
                    -74.0144992,
                    40.6237513
                ]
            },
            "properties": {
                "borough": "Brooklyn",
                "date_deployed": "2024-04-18T00:00:00Z",
                "date_down": null,
                "end_time": null,
                "fk_status": "visible",
                "flood_event_count": 1,
                "id": "slowly_sharp_dog",
                "last_depth_inches": 0,
                "last_flood_end_time": "2025-10-30T20:48:21.372Z",
                "last_flood_time": "2025-10-30T18:49:21.379Z",
                "last_measurement_time": "2026-05-06T16:10:07.935Z",
                "max_depth_inches_of_any_flood": 3.897637795275591,
                "max_depth_inches_of_last_flood": 3.897637795275591,
                "mounted_over": "sidewalk",
                "name": "BK - 76th St/10th Ave",
                "neighborhood": "Dyker Heights",
                "sensor_mount": "streetsign post",
                "start_time": "2024-04-18T00:00:00Z",
                "status": "online"
            }
        },
        {
            "type": "Feature",
            "id": "slowly_actual_jay",
            "geometry": {
                "type": "Point",
                "coordinates": [
                    -73.767065887,
                    40.685102067
                ]
            },
            "properties": {
                "borough": "Queens",
                "date_deployed": "2024-08-14T11:08:00Z",
                "date_down": null,
                "end_time": null,
                "fk_status": "visible",
                "flood_event_count": 0,
                "id": "slowly_actual_jay",
                "last_depth_inches": 0,
                "last_flood_end_time": null,
                "last_flood_time": null,
                "last_measurement_time": "2026-05-06T16:10:20.967Z",
                "max_depth_inches_of_any_flood": null,
                "max_depth_inches_of_last_flood": null,
                "mounted_over": "sidewalk",
                "name": "Q - 120th Ave/177th Pl",
                "neighborhood": "Rochdale",
                "sensor_mount": "streetsign-post",
                "start_time": "2024-08-14T11:08:00Z",
                "status": "online"
            }
        },
        {
            "type": "Feature",
            "id": "slowly_key_husky",
            "geometry": {
                "type": "Point",
                "coordinates": [
                    -73.9245166,
                    40.6611728
                ]
            },
            "properties": {
                "borough": "Brooklyn",
                "date_deployed": "2023-05-24T00:00:00Z",
                "date_down": null,
                "end_time": null,
                "fk_status": "visible",
                "flood_event_count": 4,
                "id": "slowly_key_husky",
                "last_depth_inches": 0,
                "last_flood_end_time": "2026-03-12T12:07:38.044Z",
                "last_flood_time": "2026-03-12T11:47:38.017Z",
                "last_measurement_time": "2026-05-06T16:10:01.55Z",
                "max_depth_inches_of_any_flood": 2.1653543307086616,
                "max_depth_inches_of_last_flood": 0.7480314960629924,
                "mounted_over": "sidewalk",
                "name": "BK - Winthrop St/ E 94th St",
                "neighborhood": "Wingate",
                "sensor_mount": "streetsign post",
                "start_time": "2023-05-24T00:00:00Z",
                "status": "online"
            }
        },
        {
            "type": "Feature",
            "id": "slowly_steady_stork",
            "geometry": {
                "type": "Point",
                "coordinates": [
                    -73.931102973,
                    40.660654847
                ]
            },
            "properties": {
                "borough": "Brooklyn",
                "date_deployed": "2024-08-23T03:38:00Z",
                "date_down": null,
                "end_time": null,
                "fk_status": "visible",
                "flood_event_count": 3,
                "id": "slowly_steady_stork",
                "last_depth_inches": 0,
                "last_flood_end_time": "2026-03-12T04:32:31.671Z",
                "last_flood_time": "2026-03-12T04:09:31.662Z",
                "last_measurement_time": "2026-05-06T16:10:04.332Z",
                "max_depth_inches_of_any_flood": 5.039370078740158,
                "max_depth_inches_of_last_flood": 0.6299212598425198,
                "mounted_over": "sidewalk",
                "name": "BK - Utica Ave/Rutland Rd",
                "neighborhood": "Wingate",
                "sensor_mount": "streetsign-post",
                "start_time": "2024-08-23T03:38:00Z",
                "status": "online"
            }
        },
        {
            "type": "Feature",
            "id": "slowly_meet_poodle",
            "geometry": {
                "type": "Point",
                "coordinates": [
                    -73.887745711,
                    40.736664509
                ]
            },
            "properties": {
                "borough": "Queens",
                "date_deployed": "2024-08-14T15:00:00Z",
                "date_down": null,
                "end_time": null,
                "fk_status": "visible",
                "flood_event_count": 7,
                "id": "slowly_meet_poodle",
                "last_depth_inches": 0,
                "last_flood_end_time": "2026-04-02T05:04:39.358Z",
                "last_flood_time": "2026-04-02T04:33:39.359Z",
                "last_measurement_time": "2026-05-06T15:30:30.138Z",
                "max_depth_inches_of_any_flood": 3.149606299212599,
                "max_depth_inches_of_last_flood": 0.5511811023622049,
                "mounted_over": "sidewalk",
                "name": "Q - 51st Ave/Jacobus St",
                "neighborhood": "Lefrak City",
                "sensor_mount": "streetsign-post",
                "start_time": "2024-08-14T15:00:00Z",
                "status": "online"
            }
        },
        {
            "type": "Feature",
            "id": "slowly_fast_sawfly",
            "geometry": {
                "type": "Point",
                "coordinates": [
                    -73.88327326,
                    40.83360124
                ]
            },
            "properties": {
                "borough": "Bronx",
                "date_deployed": "2022-02-11T00:00:00Z",
                "date_down": null,
                "end_time": null,
                "fk_status": "visible",
                "flood_event_count": 0,
                "id": "slowly_fast_sawfly",
                "last_depth_inches": 0,
                "last_flood_end_time": null,
                "last_flood_time": null,
                "last_measurement_time": "2026-05-06T16:09:17.088Z",
                "max_depth_inches_of_any_flood": null,
                "max_depth_inches_of_last_flood": null,
                "mounted_over": "sidewalk",
                "name": "BX - Sheridan Bl/173rd St",
                "neighborhood": "West Farms",
                "sensor_mount": "streetsign post",
                "start_time": "2022-02-11T00:00:00Z",
                "status": "online"
            }
        },
        {
            "type": "Feature",
            "id": "solely-nice-wren",
            "geometry": {
                "type": "Point",
                "coordinates": [
                    -73.795242993,
                    40.74015478
                ]
            },
            "properties": {
                "borough": "Queens",
                "date_deployed": "2024-09-05T03:38:00Z",
                "date_down": null,
                "end_time": null,
                "fk_status": "visible",
                "flood_event_count": 2,
                "id": "solely-nice-wren",
                "last_depth_inches": 0,
                "last_flood_end_time": "2026-03-12T04:48:48.56Z",
                "last_flood_time": "2026-03-12T04:20:48.543Z",
                "last_measurement_time": "2026-05-06T16:09:50.427Z",
                "max_depth_inches_of_any_flood": 1.6929133858267715,
                "max_depth_inches_of_last_flood": 0.6692913385826771,
                "mounted_over": "sidewalk",
                "name": "Q - 59th Ave/175th St",
                "neighborhood": "Pomonok",
                "sensor_mount": "streetsign-post",
                "start_time": "2024-09-05T03:38:00Z",
                "status": "online"
            }
        },
        {
            "type": "Feature",
            "id": "slowly_cool_colt",
            "geometry": {
                "type": "Point",
                "coordinates": [
                    -73.887336463,
                    40.74568054
                ]
            },
            "properties": {
                "borough": "Queens",
                "date_deployed": "2024-05-03T00:00:00Z",
                "date_down": null,
                "end_time": null,
                "fk_status": "visible",
                "flood_event_count": 0,
                "id": "slowly_cool_colt",
                "last_depth_inches": 0,
                "last_flood_end_time": null,
                "last_flood_time": null,
                "last_measurement_time": "2026-05-06T16:09:24.093Z",
                "max_depth_inches_of_any_flood": null,
                "max_depth_inches_of_last_flood": null,
                "mounted_over": "sidewalk",
                "name": "Q - 41st Ave/78th St",
                "neighborhood": "Elmhurst",
                "sensor_mount": "streetsign post",
                "start_time": "2024-05-03T00:00:00Z",
                "status": "online"
            }
        },
        {
            "type": "Feature",
            "id": "solely_nice_beagle",
            "geometry": {
                "type": "Point",
                "coordinates": [
                    -74.01183144,
                    40.654175739
                ]
            },
            "properties": {
                "borough": "Brooklyn",
                "date_deployed": "2024-08-07T03:38:00Z",
                "date_down": null,
                "end_time": null,
                "fk_status": "visible",
                "flood_event_count": 3,
                "id": "solely_nice_beagle",
                "last_depth_inches": 0,
                "last_flood_end_time": "2026-04-25T23:11:14.857Z",
                "last_flood_time": "2026-04-25T22:52:14.892Z",
                "last_measurement_time": "2026-05-06T16:09:48.236Z",
                "max_depth_inches_of_any_flood": 0.7874015748031498,
                "max_depth_inches_of_last_flood": 0.7874015748031498,
                "mounted_over": "sidewalk",
                "name": "BK - 41st St/2nd Ave",
                "neighborhood": "Sunset Park",
                "sensor_mount": "streetsign-post",
                "start_time": "2024-08-07T03:38:00Z",
                "status": "online"
            }
        },
        {
            "type": "Feature",
            "id": "surely-amused-shark",
            "geometry": {
                "type": "Point",
                "coordinates": [
                    -73.837171413,
                    40.707823102
                ]
            },
            "properties": {
                "borough": "Queens",
                "date_deployed": "2024-09-05T03:38:00Z",
                "date_down": null,
                "end_time": null,
                "fk_status": "visible",
                "flood_event_count": 1,
                "id": "surely-amused-shark",
                "last_depth_inches": 0,
                "last_flood_end_time": "2025-10-30T19:54:23.256Z",
                "last_flood_time": "2025-10-30T19:32:24.316Z",
                "last_measurement_time": "2026-05-06T16:10:37.205Z",
                "max_depth_inches_of_any_flood": 2.8346456692913384,
                "max_depth_inches_of_last_flood": 2.8346456692913384,
                "mounted_over": "sidewalk",
                "name": "Q - Park Ln/Park Lane South",
                "neighborhood": "Kew Gardens",
                "sensor_mount": "streetsign-post",
                "start_time": "2024-09-05T03:38:00Z",
                "status": "online"
            }
        },
        {
            "type": "Feature",
            "id": "solely_modern_locust",
            "geometry": {
                "type": "Point",
                "coordinates": [
                    -73.994147782,
                    40.60488145
                ]
            },
            "properties": {
                "borough": "Brooklyn",
                "date_deployed": "2024-08-15T11:34:00Z",
                "date_down": null,
                "end_time": null,
                "fk_status": "visible",
                "flood_event_count": 2,
                "id": "solely_modern_locust",
                "last_depth_inches": 0,
                "last_flood_end_time": "2025-10-30T20:10:18.911Z",
                "last_flood_time": "2025-10-30T18:57:18.937Z",
                "last_measurement_time": "2026-05-06T15:46:10.685Z",
                "max_depth_inches_of_any_flood": 5.984251968503939,
                "max_depth_inches_of_last_flood": 5.984251968503939,
                "mounted_over": "sidewalk",
                "name": "BK - 83rd St/21st Ave",
                "neighborhood": "Bensonhurst",
                "sensor_mount": "streetsign-post",
                "start_time": "2024-08-15T11:34:00Z",
                "status": "online"
            }
        },
        {
            "type": "Feature",
            "id": "supposedly-factual-husky",
            "geometry": {
                "type": "Point",
                "coordinates": [
                    -73.8526693,
                    40.8378108
                ]
            },
            "properties": {
                "borough": "Bronx",
                "date_deployed": "2025-01-23T12:30:00Z",
                "date_down": null,
                "end_time": null,
                "fk_status": "visible",
                "flood_event_count": 0,
                "id": "supposedly-factual-husky",
                "last_depth_inches": 0,
                "last_flood_end_time": null,
                "last_flood_time": null,
                "last_measurement_time": "2026-05-06T16:10:21.853Z",
                "max_depth_inches_of_any_flood": null,
                "max_depth_inches_of_last_flood": null,
                "mounted_over": "sidewalk",
                "name": "BX - St Raymond Ave/ Castle Hill Ave",
                "neighborhood": "Parkchester",
                "sensor_mount": "streetsign-post",
                "start_time": "2025-01-23T12:30:00Z",
                "status": "online"
            }
        },
        {
            "type": "Feature",
            "id": "subtly_alert_marten",
            "geometry": {
                "type": "Point",
                "coordinates": [
                    -73.980407792,
                    40.697836373
                ]
            },
            "properties": {
                "borough": "Brooklyn",
                "date_deployed": "2024-07-24T03:38:00Z",
                "date_down": null,
                "end_time": null,
                "fk_status": "visible",
                "flood_event_count": 2,
                "id": "subtly_alert_marten",
                "last_depth_inches": 0,
                "last_flood_end_time": "2025-10-30T19:46:30.497Z",
                "last_flood_time": "2025-10-30T19:03:30.459Z",
                "last_measurement_time": "2026-05-06T16:10:06.956Z",
                "max_depth_inches_of_any_flood": 5.275590551181102,
                "max_depth_inches_of_last_flood": 5.275590551181102,
                "mounted_over": "sidewalk",
                "name": "BK - Concord St/Navy St",
                "neighborhood": "Downtown Brooklyn",
                "sensor_mount": "streetsign-post",
                "start_time": "2024-07-24T03:38:00Z",
                "status": "online"
            }
        },
        {
            "type": "Feature",
            "id": "solely_on_tahr",
            "geometry": {
                "type": "Point",
                "coordinates": [
                    -73.96627,
                    40.63563
                ]
            },
            "properties": {
                "borough": "Brooklyn",
                "date_deployed": "2023-10-20T00:00:00Z",
                "date_down": null,
                "end_time": null,
                "fk_status": "visible",
                "flood_event_count": 4,
                "id": "solely_on_tahr",
                "last_depth_inches": 0,
                "last_flood_end_time": "2025-10-30T20:24:28.34Z",
                "last_flood_time": "2025-10-30T18:57:09.342Z",
                "last_measurement_time": "2026-05-06T16:10:23.977Z",
                "max_depth_inches_of_any_flood": 15.47244094488189,
                "max_depth_inches_of_last_flood": 15.47244094488189,
                "mounted_over": "sidewalk",
                "name": "BK - Ditmas Ave/Westminster Rd",
                "neighborhood": "Flatbush",
                "sensor_mount": "streetsign post",
                "start_time": "2023-10-20T00:00:00Z",
                "status": "online"
            }
        },
        {
            "type": "Feature",
            "id": "solely_strong_eft",
            "geometry": {
                "type": "Point",
                "coordinates": [
                    -73.9171868,
                    40.8671282
                ]
            },
            "properties": {
                "borough": "Manhattan",
                "date_deployed": "2024-07-02T14:58:00Z",
                "date_down": null,
                "end_time": null,
                "fk_status": "visible",
                "flood_event_count": 3,
                "id": "solely_strong_eft",
                "last_depth_inches": 0,
                "last_flood_end_time": "2025-10-30T19:58:01.036Z",
                "last_flood_time": "2025-10-30T19:16:00.562Z",
                "last_measurement_time": "2026-05-06T16:07:31.026Z",
                "max_depth_inches_of_any_flood": 4.960629921259842,
                "max_depth_inches_of_last_flood": 4.960629921259842,
                "mounted_over": "sidewalk",
                "name": "M - 10th Ave/ W 211th St",
                "neighborhood": "Inwood",
                "sensor_mount": "streetsign-post",
                "start_time": "2024-07-02T14:58:00Z",
                "status": "online"
            }
        },
        {
            "type": "Feature",
            "id": "subtly-grand-weasel",
            "geometry": {
                "type": "Point",
                "coordinates": [
                    -73.915681715,
                    40.829108701
                ]
            },
            "properties": {
                "borough": "Bronx",
                "date_deployed": "2024-08-22T12:15:00Z",
                "date_down": null,
                "end_time": null,
                "fk_status": "visible",
                "flood_event_count": 0,
                "id": "subtly-grand-weasel",
                "last_depth_inches": 0.7874015748031498,
                "last_flood_end_time": null,
                "last_flood_time": null,
                "last_measurement_time": "2026-05-06T16:08:03.056Z",
                "max_depth_inches_of_any_flood": null,
                "max_depth_inches_of_last_flood": null,
                "mounted_over": "sidewalk",
                "name": "BX - College Ave/E 165th St",
                "neighborhood": "East Concourse",
                "sensor_mount": "streetsign-post",
                "start_time": "2024-08-22T12:15:00Z",
                "status": "online"
            }
        },
        {
            "type": "Feature",
            "id": "subtly_amused_camel",
            "geometry": {
                "type": "Point",
                "coordinates": [
                    -73.9849693,
                    40.5882555
                ]
            },
            "properties": {
                "borough": "Brooklyn",
                "date_deployed": "2024-06-20T00:00:00Z",
                "date_down": null,
                "end_time": null,
                "fk_status": "visible",
                "flood_event_count": 0,
                "id": "subtly_amused_camel",
                "last_depth_inches": 3.346456692913385,
                "last_flood_end_time": null,
                "last_flood_time": null,
                "last_measurement_time": "2026-05-06T16:05:52.687Z",
                "max_depth_inches_of_any_flood": null,
                "max_depth_inches_of_last_flood": null,
                "mounted_over": "sidewalk",
                "name": "BK - Bay 49th St/Harway Ave",
                "neighborhood": "Bath Beach",
                "sensor_mount": "streetsign post ",
                "start_time": "2024-06-20T00:00:00Z",
                "status": "online"
            }
        },
        {
            "type": "Feature",
            "id": "surely-tough-leech",
            "geometry": {
                "type": "Point",
                "coordinates": [
                    -73.815286901,
                    40.694501764
                ]
            },
            "properties": {
                "borough": "Queens",
                "date_deployed": "2024-09-06T03:38:00Z",
                "date_down": null,
                "end_time": null,
                "fk_status": "visible",
                "flood_event_count": 2,
                "id": "surely-tough-leech",
                "last_depth_inches": 0,
                "last_flood_end_time": "2026-03-12T04:37:16.651Z",
                "last_flood_time": "2026-03-12T04:22:16.632Z",
                "last_measurement_time": "2026-05-06T16:09:50.565Z",
                "max_depth_inches_of_any_flood": 8.661417322834646,
                "max_depth_inches_of_last_flood": 0.5511811023622049,
                "mounted_over": "sidewalk",
                "name": "Q - 133rd St/97th Ave",
                "neighborhood": "South Richmond Hill",
                "sensor_mount": "streetsign-post",
                "start_time": "2024-09-06T03:38:00Z",
                "status": "online"
            }
        },
        {
            "type": "Feature",
            "id": "tender_gold_goose",
            "geometry": {
                "type": "Point",
                "coordinates": [
                    -73.959307359,
                    40.740836998
                ]
            },
            "properties": {
                "borough": "Queens",
                "date_deployed": "2025-08-29T11:57:00Z",
                "date_down": null,
                "end_time": null,
                "fk_status": "visible",
                "flood_event_count": 2,
                "id": "tender_gold_goose",
                "last_depth_inches": null,
                "last_flood_end_time": "2025-10-30T20:03:26.699Z",
                "last_flood_time": "2025-10-30T18:59:26.699Z",
                "last_measurement_time": null,
                "max_depth_inches_of_any_flood": 9.566929133858267,
                "max_depth_inches_of_last_flood": 9.566929133858267,
                "mounted_over": "sidewalk",
                "name": "Q - 54th Ave / Second St",
                "neighborhood": "Hunters Point",
                "sensor_mount": "streetsign-post",
                "start_time": "2025-08-29T11:57:00Z",
                "status": "offline"
            }
        },
        {
            "type": "Feature",
            "id": "total_melt_deer",
            "geometry": {
                "type": "Point",
                "coordinates": [
                    -73.95898254,
                    40.69954219
                ]
            },
            "properties": {
                "borough": "Brooklyn",
                "date_deployed": "2023-03-09T00:00:00Z",
                "date_down": null,
                "end_time": null,
                "fk_status": "visible",
                "flood_event_count": 20,
                "id": "total_melt_deer",
                "last_depth_inches": 0,
                "last_flood_end_time": "2026-03-12T04:27:21.351Z",
                "last_flood_time": "2026-03-12T04:06:18.795Z",
                "last_measurement_time": "2026-05-06T16:08:21.809Z",
                "max_depth_inches_of_any_flood": 6.259842519685039,
                "max_depth_inches_of_last_flood": 0.5905511811023623,
                "mounted_over": "sidewalk",
                "name": "BK - Wythe Ave/Wallabout St",
                "neighborhood": "Williamsburg",
                "sensor_mount": "streetsign post",
                "start_time": "2023-03-09T00:00:00Z",
                "status": "online"
            }
        },
        {
            "type": "Feature",
            "id": "surely_light_grouse",
            "geometry": {
                "type": "Point",
                "coordinates": [
                    -73.7614574,
                    40.6026011
                ]
            },
            "properties": {
                "borough": "Queens",
                "date_deployed": "2024-05-16T00:00:00Z",
                "date_down": null,
                "end_time": null,
                "fk_status": "visible",
                "flood_event_count": 1,
                "id": "surely_light_grouse",
                "last_depth_inches": 0,
                "last_flood_end_time": "2025-02-13T12:49:32.981Z",
                "last_flood_time": "2025-02-13T12:21:51.264Z",
                "last_measurement_time": "2026-05-06T16:09:22.433Z",
                "max_depth_inches_of_any_flood": 1.614173228346457,
                "max_depth_inches_of_last_flood": 1.614173228346457,
                "mounted_over": "sidewalk",
                "name": "Q - 24th St/Bay 24th St",
                "neighborhood": "Far Rockaway",
                "sensor_mount": "streetsign post",
                "start_time": "2024-05-16T00:00:00Z",
                "status": "online"
            }
        },
        {
            "type": "Feature",
            "id": "tired_red_monkey",
            "geometry": {
                "type": "Point",
                "coordinates": [
                    -73.792461,
                    40.691989
                ]
            },
            "properties": {
                "borough": "Queens",
                "date_deployed": "2022-09-27T00:00:00Z",
                "date_down": "2025-09-17T16:04:37Z",
                "end_time": "2025-09-17T16:04:37Z",
                "fk_status": "retired",
                "flood_event_count": 0,
                "id": "tired_red_monkey",
                "last_depth_inches": null,
                "last_flood_end_time": null,
                "last_flood_time": null,
                "last_measurement_time": null,
                "max_depth_inches_of_any_flood": null,
                "max_depth_inches_of_last_flood": null,
                "mounted_over": "sidewalk",
                "name": "Q - Brinkerhoff Ave/157th St",
                "neighborhood": "South Jamaica",
                "sensor_mount": "streetsign post",
                "start_time": "2022-09-27T00:00:00Z",
                "status": "retired"
            }
        },
        {
            "type": "Feature",
            "id": "total_moccasin_dolphin",
            "geometry": {
                "type": "Point",
                "coordinates": [
                    -73.79433682,
                    40.69329667
                ]
            },
            "properties": {
                "borough": "Queens",
                "date_deployed": "2022-06-10T00:00:00Z",
                "date_down": "2023-09-21T12:00:00Z",
                "end_time": "2023-09-21T12:00:00Z",
                "fk_status": "retired",
                "flood_event_count": 0,
                "id": "total_moccasin_dolphin",
                "last_depth_inches": null,
                "last_flood_end_time": null,
                "last_flood_time": null,
                "last_measurement_time": null,
                "max_depth_inches_of_any_flood": null,
                "max_depth_inches_of_last_flood": null,
                "mounted_over": "sidewalk",
                "name": "Q - 157th St/109th Ave",
                "neighborhood": "South Jamaica",
                "sensor_mount": "streetsign post",
                "start_time": "2022-06-10T00:00:00Z",
                "status": "retired"
            }
        },
        {
            "type": "Feature",
            "id": "truly_set_thrush",
            "geometry": {
                "type": "Point",
                "coordinates": [
                    -74.0982011,
                    40.5792971
                ]
            },
            "properties": {
                "borough": "Staten Island",
                "date_deployed": "2024-01-29T00:00:00Z",
                "date_down": null,
                "end_time": null,
                "fk_status": "visible",
                "flood_event_count": 12,
                "id": "truly_set_thrush",
                "last_depth_inches": 0,
                "last_flood_end_time": "2026-03-12T04:17:23.779Z",
                "last_flood_time": "2026-03-12T03:53:23.808Z",
                "last_measurement_time": "2026-05-06T16:10:15.86Z",
                "max_depth_inches_of_any_flood": 5.275590551181102,
                "max_depth_inches_of_last_flood": 0.8267716535433071,
                "mounted_over": "sidewalk",
                "name": "SI - Haven Ave/ Adam Ave",
                "neighborhood": "Midland Beach",
                "sensor_mount": "streetsign post",
                "start_time": "2024-01-29T00:00:00Z",
                "status": "online"
            }
        },
        {
            "type": "Feature",
            "id": "truly_chief_deer",
            "geometry": {
                "type": "Point",
                "coordinates": [
                    -73.945121,
                    40.834239
                ]
            },
            "properties": {
                "borough": "Manhattan",
                "date_deployed": "2024-05-10T00:00:00Z",
                "date_down": null,
                "end_time": null,
                "fk_status": "visible",
                "flood_event_count": 0,
                "id": "truly_chief_deer",
                "last_depth_inches": 0,
                "last_flood_end_time": null,
                "last_flood_time": null,
                "last_measurement_time": "2026-05-06T16:09:06.359Z",
                "max_depth_inches_of_any_flood": null,
                "max_depth_inches_of_last_flood": null,
                "mounted_over": "sidewalk",
                "name": "M - Broadway/W 157th St",
                "neighborhood": "Washington Heights",
                "sensor_mount": "streetsign post",
                "start_time": "2024-05-10T00:00:00Z",
                "status": "online"
            }
        },
        {
            "type": "Feature",
            "id": "unduly_simple_wombat",
            "geometry": {
                "type": "Point",
                "coordinates": [
                    -73.76145841,
                    40.597343271
                ]
            },
            "properties": {
                "borough": "Queens",
                "date_deployed": "2024-07-19T12:15:00Z",
                "date_down": null,
                "end_time": null,
                "fk_status": "visible",
                "flood_event_count": 1,
                "id": "unduly_simple_wombat",
                "last_depth_inches": 0,
                "last_flood_end_time": "2026-04-01T22:24:13.359Z",
                "last_flood_time": "2026-04-01T22:10:13.401Z",
                "last_measurement_time": "2026-05-06T16:09:43.635Z",
                "max_depth_inches_of_any_flood": 0.6299212598425198,
                "max_depth_inches_of_last_flood": 0.6299212598425198,
                "mounted_over": "sidewalk",
                "name": "Q - Deerfield Rd/Beach 28th St",
                "neighborhood": "Far Rockaway",
                "sensor_mount": "streetsign-post",
                "start_time": "2024-07-19T12:15:00Z",
                "status": "online"
            }
        },
        {
            "type": "Feature",
            "id": "unduly_flying_hog",
            "geometry": {
                "type": "Point",
                "coordinates": [
                    -74.008308115,
                    40.575517799
                ]
            },
            "properties": {
                "borough": "Brooklyn",
                "date_deployed": "2024-08-07T03:38:00Z",
                "date_down": null,
                "end_time": null,
                "fk_status": "down",
                "flood_event_count": 0,
                "id": "unduly_flying_hog",
                "last_depth_inches": 0,
                "last_flood_end_time": null,
                "last_flood_time": null,
                "last_measurement_time": "2026-05-06T16:09:39.694Z",
                "max_depth_inches_of_any_flood": null,
                "max_depth_inches_of_last_flood": null,
                "mounted_over": "sidewalk",
                "name": "BK - Nautilus Ave/Surf Ave",
                "neighborhood": "Sea Gate",
                "sensor_mount": "streetsign-post",
                "start_time": "2024-08-07T03:38:00Z",
                "status": "online"
            }
        },
        {
            "type": "Feature",
            "id": "truly_crisp_mullet",
            "geometry": {
                "type": "Point",
                "coordinates": [
                    -73.861013759,
                    40.832580898
                ]
            },
            "properties": {
                "borough": "Bronx",
                "date_deployed": "2024-07-18T11:29:00Z",
                "date_down": "2025-10-24T12:00:00Z",
                "end_time": "2025-10-24T12:00:00Z",
                "fk_status": "retired",
                "flood_event_count": 0,
                "id": "truly_crisp_mullet",
                "last_depth_inches": null,
                "last_flood_end_time": null,
                "last_flood_time": null,
                "last_measurement_time": null,
                "max_depth_inches_of_any_flood": null,
                "max_depth_inches_of_last_flood": null,
                "mounted_over": "sidewalk",
                "name": "BX - Virginia Ave/E 177th St",
                "neighborhood": "Unionport",
                "sensor_mount": "streetsign-post",
                "start_time": "2024-07-18T11:29:00Z",
                "status": "retired"
            }
        },
        {
            "type": "Feature",
            "id": "truly_pretty_calf",
            "geometry": {
                "type": "Point",
                "coordinates": [
                    -73.790908,
                    40.692628
                ]
            },
            "properties": {
                "borough": "Queens",
                "date_deployed": "2023-09-21T00:00:00Z",
                "date_down": "2025-09-17T18:38:00Z",
                "end_time": "2025-09-17T18:38:00Z",
                "fk_status": "retired",
                "flood_event_count": 0,
                "id": "truly_pretty_calf",
                "last_depth_inches": null,
                "last_flood_end_time": null,
                "last_flood_time": null,
                "last_measurement_time": null,
                "max_depth_inches_of_any_flood": null,
                "max_depth_inches_of_last_flood": null,
                "mounted_over": "sidewalk",
                "name": "Q - 160th St/Brinkerhoff Ave",
                "neighborhood": "South Jamaica",
                "sensor_mount": "light pole",
                "start_time": "2023-09-21T00:00:00Z",
                "status": "retired"
            }
        },
        {
            "type": "Feature",
            "id": "unduly_wanted_shad",
            "geometry": {
                "type": "Point",
                "coordinates": [
                    -73.808890869,
                    40.72802381
                ]
            },
            "properties": {
                "borough": "Queens",
                "date_deployed": "2023-10-26T00:00:00Z",
                "date_down": null,
                "end_time": null,
                "fk_status": "visible",
                "flood_event_count": 1,
                "id": "unduly_wanted_shad",
                "last_depth_inches": 0,
                "last_flood_end_time": "2025-10-30T20:11:33.558Z",
                "last_flood_time": "2025-10-30T19:51:33.533Z",
                "last_measurement_time": "2026-05-06T15:51:13.095Z",
                "max_depth_inches_of_any_flood": 1.4173228346456692,
                "max_depth_inches_of_last_flood": 1.4173228346456692,
                "mounted_over": "sidewalk",
                "name": "Q - 160th St/72nd Ave",
                "neighborhood": "Pomonok",
                "sensor_mount": "streetsign post",
                "start_time": "2023-10-26T00:00:00Z",
                "status": "online"
            }
        },
        {
            "type": "Feature",
            "id": "truly-immune-werewolf",
            "geometry": {
                "type": "Point",
                "coordinates": [
                    -73.857226842,
                    40.847977304
                ]
            },
            "properties": {
                "borough": "Bronx",
                "date_deployed": "2024-11-14T12:40:00Z",
                "date_down": null,
                "end_time": null,
                "fk_status": "visible",
                "flood_event_count": 1,
                "id": "truly-immune-werewolf",
                "last_depth_inches": 0,
                "last_flood_end_time": "2025-05-31T08:04:46.959Z",
                "last_flood_time": "2025-05-31T07:07:41.65Z",
                "last_measurement_time": "2026-05-06T16:08:45.457Z",
                "max_depth_inches_of_any_flood": 3.937007874015749,
                "max_depth_inches_of_last_flood": 3.937007874015749,
                "mounted_over": "sidewalk",
                "name": "BX - Morris Park Ave/ Radcliff Ave",
                "neighborhood": "Morris Park",
                "sensor_mount": "streetsign-post",
                "start_time": "2024-11-14T12:40:00Z",
                "status": "online"
            }
        },
        {
            "type": "Feature",
            "id": "vastly_legal_calf",
            "geometry": {
                "type": "Point",
                "coordinates": [
                    -73.959508628,
                    40.577475146
                ]
            },
            "properties": {
                "borough": "Brooklyn",
                "date_deployed": "2024-08-07T03:38:00Z",
                "date_down": null,
                "end_time": null,
                "fk_status": "visible",
                "flood_event_count": 6,
                "id": "vastly_legal_calf",
                "last_depth_inches": 0,
                "last_flood_end_time": "2026-03-06T06:23:11.651Z",
                "last_flood_time": "2026-03-06T05:15:11.585Z",
                "last_measurement_time": "2026-05-06T16:08:56.554Z",
                "max_depth_inches_of_any_flood": 4.488188976377953,
                "max_depth_inches_of_last_flood": 2.6771653543307083,
                "mounted_over": "sidewalk",
                "name": "BK - Coney Island Ave/Brighton Beach Ave",
                "neighborhood": "Manhattan Beach",
                "sensor_mount": "streetsign-post",
                "start_time": "2024-08-07T03:38:00Z",
                "status": "online"
            }
        },
        {
            "type": "Feature",
            "id": "vastly_close_bobcat",
            "geometry": {
                "type": "Point",
                "coordinates": [
                    -73.870753,
                    40.721347
                ]
            },
            "properties": {
                "borough": "Queens",
                "date_deployed": "2024-05-02T00:00:00Z",
                "date_down": null,
                "end_time": null,
                "fk_status": "visible",
                "flood_event_count": 2,
                "id": "vastly_close_bobcat",
                "last_depth_inches": null,
                "last_flood_end_time": "2025-10-30T19:56:56.186Z",
                "last_flood_time": "2025-10-30T19:33:56.175Z",
                "last_measurement_time": null,
                "max_depth_inches_of_any_flood": 8.30708661417323,
                "max_depth_inches_of_last_flood": 8.30708661417323,
                "mounted_over": "sidewalk",
                "name": "Q - 83rd Pl/Penelope Ave",
                "neighborhood": "Middle Village",
                "sensor_mount": "streetsign post",
                "start_time": "2024-05-02T00:00:00Z",
                "status": "offline"
            }
        },
        {
            "type": "Feature",
            "id": "useless_crimson_rook",
            "geometry": {
                "type": "Point",
                "coordinates": [
                    -74.12958313,
                    40.63334637
                ]
            },
            "properties": {
                "borough": "Staten Island",
                "date_deployed": "2022-07-22T00:00:00Z",
                "date_down": null,
                "end_time": null,
                "fk_status": "visible",
                "flood_event_count": 1,
                "id": "useless_crimson_rook",
                "last_depth_inches": 0,
                "last_flood_end_time": "2080-01-06T19:39:13.847Z",
                "last_flood_time": "2080-01-06T03:59:14.887Z",
                "last_measurement_time": "2026-05-06T16:10:06.915Z",
                "max_depth_inches_of_any_flood": 9.133858267716537,
                "max_depth_inches_of_last_flood": 9.133858267716537,
                "mounted_over": "sidewalk",
                "name": "SI - Jewett Ave/Castleton Ave",
                "neighborhood": "Port Richmond",
                "sensor_mount": "streetsign post",
                "start_time": "2022-07-22T00:00:00Z",
                "status": "online"
            }
        },
        {
            "type": "Feature",
            "id": "vastly_select_guinea",
            "geometry": {
                "type": "Point",
                "coordinates": [
                    -73.744879,
                    40.65733
                ]
            },
            "properties": {
                "borough": "Queens",
                "date_deployed": "2023-08-17T00:00:00Z",
                "date_down": null,
                "end_time": null,
                "fk_status": "visible",
                "flood_event_count": 0,
                "id": "vastly_select_guinea",
                "last_depth_inches": 0,
                "last_flood_end_time": null,
                "last_flood_time": null,
                "last_measurement_time": "2026-05-06T16:08:32.179Z",
                "max_depth_inches_of_any_flood": null,
                "max_depth_inches_of_last_flood": null,
                "mounted_over": "sidewalk",
                "name": "Q - Brookville Blvd/147 Ave",
                "neighborhood": "Rosedale",
                "sensor_mount": "sign post",
                "start_time": "2023-08-17T00:00:00Z",
                "status": "online"
            }
        },
        {
            "type": "Feature",
            "id": "vastly_main_lion",
            "geometry": {
                "type": "Point",
                "coordinates": [
                    -73.9374847,
                    40.8016005
                ]
            },
            "properties": {
                "borough": "Manhattan",
                "date_deployed": "2022-11-13T03:38:37.585543Z",
                "date_down": null,
                "end_time": null,
                "fk_status": "visible",
                "flood_event_count": 2,
                "id": "vastly_main_lion",
                "last_depth_inches": 0,
                "last_flood_end_time": "2025-10-30T19:55:17.038Z",
                "last_flood_time": "2025-10-30T19:13:17.066Z",
                "last_measurement_time": "2026-05-06T16:08:51.867Z",
                "max_depth_inches_of_any_flood": 5.669291338582677,
                "max_depth_inches_of_last_flood": 5.669291338582677,
                "mounted_over": "sidewalk",
                "name": "M - E 122nd St/3rd",
                "neighborhood": "East Harlem",
                "sensor_mount": "streetsign-post",
                "start_time": "2022-11-13T03:38:37.585543Z",
                "status": "online"
            }
        },
        {
            "type": "Feature",
            "id": "vastly_deep_glider",
            "geometry": {
                "type": "Point",
                "coordinates": [
                    -73.761827,
                    40.594737
                ]
            },
            "properties": {
                "borough": "Queens",
                "date_deployed": "2024-05-16T00:00:00Z",
                "date_down": null,
                "end_time": null,
                "fk_status": "visible",
                "flood_event_count": 1,
                "id": "vastly_deep_glider",
                "last_depth_inches": 0,
                "last_flood_end_time": "2026-03-09T00:54:37.745Z",
                "last_flood_time": "2026-03-09T00:28:37.151Z",
                "last_measurement_time": "2026-05-06T16:10:07.991Z",
                "max_depth_inches_of_any_flood": 0.7480314960629924,
                "max_depth_inches_of_last_flood": 0.7480314960629924,
                "mounted_over": "sidewalk",
                "name": "Q - Beach 29th St/Seagirt Ave",
                "neighborhood": "Far Rockaway",
                "sensor_mount": "streetsign post",
                "start_time": "2024-05-16T00:00:00Z",
                "status": "online"
            }
        },
        {
            "type": "Feature",
            "id": "vastly_saving_whale",
            "geometry": {
                "type": "Point",
                "coordinates": [
                    -74.0084181,
                    40.6732672
                ]
            },
            "properties": {
                "borough": "Brooklyn",
                "date_deployed": "2022-02-18T00:00:00Z",
                "date_down": null,
                "end_time": null,
                "fk_status": "visible",
                "flood_event_count": 0,
                "id": "vastly_saving_whale",
                "last_depth_inches": 0,
                "last_flood_end_time": null,
                "last_flood_time": null,
                "last_measurement_time": "2026-05-06T15:45:01.707Z",
                "max_depth_inches_of_any_flood": null,
                "max_depth_inches_of_last_flood": null,
                "mounted_over": "sidewalk",
                "name": "BK - Columbia St/Bay St",
                "neighborhood": "Red Hook",
                "sensor_mount": "streetsign post",
                "start_time": "2022-02-18T00:00:00Z",
                "status": "online"
            }
        },
        {
            "type": "Feature",
            "id": "wholly_needed_cougar",
            "geometry": {
                "type": "Point",
                "coordinates": [
                    -73.7765292,
                    40.7104752
                ]
            },
            "properties": {
                "borough": "Queens",
                "date_deployed": "2023-10-26T00:00:00Z",
                "date_down": null,
                "end_time": null,
                "fk_status": "visible",
                "flood_event_count": 1,
                "id": "wholly_needed_cougar",
                "last_depth_inches": 0,
                "last_flood_end_time": "2025-10-30T20:28:56.141Z",
                "last_flood_time": "2025-10-30T19:57:56.139Z",
                "last_measurement_time": "2026-05-06T16:08:57.683Z",
                "max_depth_inches_of_any_flood": 11.614173228346456,
                "max_depth_inches_of_last_flood": 11.614173228346456,
                "mounted_over": "sidewalk",
                "name": "Q - 184th St/91st Ave",
                "neighborhood": "Hollis",
                "sensor_mount": "streetsign post",
                "start_time": "2023-10-26T00:00:00Z",
                "status": "online"
            }
        },
        {
            "type": "Feature",
            "id": "weekly_smart_frog",
            "geometry": {
                "type": "Point",
                "coordinates": [
                    -74.164706427,
                    40.555540683
                ]
            },
            "properties": {
                "borough": "Staten Island",
                "date_deployed": "2024-05-31T00:00:00Z",
                "date_down": null,
                "end_time": null,
                "fk_status": "visible",
                "flood_event_count": 0,
                "id": "weekly_smart_frog",
                "last_depth_inches": 0,
                "last_flood_end_time": null,
                "last_flood_time": null,
                "last_measurement_time": "2026-05-06T16:10:27.811Z",
                "max_depth_inches_of_any_flood": null,
                "max_depth_inches_of_last_flood": null,
                "mounted_over": "sidewalk",
                "name": "SI - Sweetbrook Rd & Ridgewood Ave",
                "neighborhood": "Eltingville",
                "sensor_mount": "streetsign post",
                "start_time": "2024-05-31T00:00:00Z",
                "status": "online"
            }
        },
        {
            "type": "Feature",
            "id": "widely-fit-colt",
            "geometry": {
                "type": "Point",
                "coordinates": [
                    -73.859311146,
                    40.740430615
                ]
            },
            "properties": {
                "borough": "Queens",
                "date_deployed": "2024-09-05T03:38:00Z",
                "date_down": null,
                "end_time": null,
                "fk_status": "visible",
                "flood_event_count": 0,
                "id": "widely-fit-colt",
                "last_depth_inches": 0,
                "last_flood_end_time": null,
                "last_flood_time": null,
                "last_measurement_time": "2026-05-06T16:09:54.849Z",
                "max_depth_inches_of_any_flood": null,
                "max_depth_inches_of_last_flood": null,
                "mounted_over": "sidewalk",
                "name": "Q - Lewis Ave/101st St",
                "neighborhood": "South Corona",
                "sensor_mount": "streetsign-post",
                "start_time": "2024-09-05T03:38:00Z",
                "status": "online"
            }
        },
        {
            "type": "Feature",
            "id": "weekly_fair_dove",
            "geometry": {
                "type": "Point",
                "coordinates": [
                    -73.882074557,
                    40.828552611
                ]
            },
            "properties": {
                "borough": "Bronx",
                "date_deployed": "2022-02-11T00:00:00Z",
                "date_down": null,
                "end_time": null,
                "fk_status": "visible",
                "flood_event_count": 7,
                "id": "weekly_fair_dove",
                "last_depth_inches": null,
                "last_flood_end_time": "2025-10-30T20:01:32.548Z",
                "last_flood_time": "2025-10-30T19:51:32.535Z",
                "last_measurement_time": null,
                "max_depth_inches_of_any_flood": 5.748031496062993,
                "max_depth_inches_of_last_flood": 2.5984251968503935,
                "mounted_over": "sidewalk",
                "name": "BX - Colgate Av/Westchester Av",
                "neighborhood": "Soundview-Bruckner",
                "sensor_mount": "streetsign post",
                "start_time": "2022-02-11T00:00:00Z",
                "status": "offline"
            }
        },
        {
            "type": "Feature",
            "id": "weekly_exact_condor",
            "geometry": {
                "type": "Point",
                "coordinates": [
                    -73.7940109,
                    40.6953844
                ]
            },
            "properties": {
                "borough": "Queens",
                "date_deployed": "2023-09-21T00:00:00Z",
                "date_down": null,
                "end_time": null,
                "fk_status": "down",
                "flood_event_count": 0,
                "id": "weekly_exact_condor",
                "last_depth_inches": 0,
                "last_flood_end_time": null,
                "last_flood_time": null,
                "last_measurement_time": "2026-05-06T16:10:07.625Z",
                "max_depth_inches_of_any_flood": null,
                "max_depth_inches_of_last_flood": null,
                "mounted_over": "sidewalk",
                "name": "Q - 108th Ave/159th St",
                "neighborhood": "South Jamaica",
                "sensor_mount": "light pole",
                "start_time": "2023-09-21T00:00:00Z",
                "status": "online"
            }
        },
        {
            "type": "Feature",
            "id": "village_inflation_minor",
            "geometry": {
                "type": "Point",
                "coordinates": [
                    -73.7295579,
                    40.6557202
                ]
            },
            "properties": {
                "borough": "Queens",
                "date_deployed": "2023-06-22T00:00:00Z",
                "date_down": "2023-07-27T00:00:00Z",
                "end_time": "2023-07-27T00:00:00Z",
                "fk_status": "retired",
                "flood_event_count": 1,
                "id": "village_inflation_minor",
                "last_depth_inches": null,
                "last_flood_end_time": "2023-07-18T20:32:31.863Z",
                "last_flood_time": "2023-07-18T17:25:15.515Z",
                "last_measurement_time": null,
                "max_depth_inches_of_any_flood": 4.8425196850393695,
                "max_depth_inches_of_last_flood": 4.8425196850393695,
                "mounted_over": "sidewalk",
                "name": "Q - 147 Drive/ 259 St",
                "neighborhood": "Rosedale",
                "sensor_mount": "streetsign post",
                "start_time": "2023-06-22T00:00:00Z",
                "status": "retired"
            }
        },
        {
            "type": "Feature",
            "id": "weekly_poetic_guinea",
            "geometry": {
                "type": "Point",
                "coordinates": [
                    -73.98408855,
                    40.67628059
                ]
            },
            "properties": {
                "borough": "Brooklyn",
                "date_deployed": "2021-07-15T00:00:00Z",
                "date_down": null,
                "end_time": null,
                "fk_status": "visible",
                "flood_event_count": 8,
                "id": "weekly_poetic_guinea",
                "last_depth_inches": 0,
                "last_flood_end_time": "2023-09-29T14:02:50.78Z",
                "last_flood_time": "2023-09-29T11:53:39.821Z",
                "last_measurement_time": "2026-05-06T16:09:40.908Z",
                "max_depth_inches_of_any_flood": 35.94488188976379,
                "max_depth_inches_of_last_flood": 35.94488188976379,
                "mounted_over": "sidewalk",
                "name": "BK - Carroll St/4th Av",
                "neighborhood": "Park Slope",
                "sensor_mount": "streetsign post",
                "start_time": "2021-07-15T00:00:00Z",
                "status": "online"
            }
        },
        {
            "type": "Feature",
            "id": "wholly_fast_colt",
            "geometry": {
                "type": "Point",
                "coordinates": [
                    -73.9594633,
                    40.6410513
                ]
            },
            "properties": {
                "borough": "Brooklyn",
                "date_deployed": "2023-10-20T00:00:00Z",
                "date_down": null,
                "end_time": null,
                "fk_status": "visible",
                "flood_event_count": 3,
                "id": "wholly_fast_colt",
                "last_depth_inches": 0,
                "last_flood_end_time": "2025-10-30T19:30:29.118Z",
                "last_flood_time": "2025-10-30T18:57:53.126Z",
                "last_measurement_time": "2026-05-06T16:08:01.459Z",
                "max_depth_inches_of_any_flood": 6.06299212598425,
                "max_depth_inches_of_last_flood": 6.06299212598425,
                "mounted_over": "sidewalk",
                "name": "BK - Ocean Ave/Dorchester Rd",
                "neighborhood": "Ditmas Park",
                "sensor_mount": "streetsign post",
                "start_time": "2023-10-20T00:00:00Z",
                "status": "online"
            }
        },
        {
            "type": "Feature",
            "id": "wholly_useful_shrew",
            "geometry": {
                "type": "Point",
                "coordinates": [
                    -73.881042808,
                    40.812851317
                ]
            },
            "properties": {
                "borough": "Bronx",
                "date_deployed": "2024-07-18T11:39:00Z",
                "date_down": null,
                "end_time": null,
                "fk_status": "visible",
                "flood_event_count": 4,
                "id": "wholly_useful_shrew",
                "last_depth_inches": 0,
                "last_flood_end_time": "2025-10-31T01:44:03.296Z",
                "last_flood_time": "2025-10-30T19:25:04.991Z",
                "last_measurement_time": "2026-05-06T16:10:22.433Z",
                "max_depth_inches_of_any_flood": 8.031496062992128,
                "max_depth_inches_of_last_flood": 8.031496062992128,
                "mounted_over": "sidewalk",
                "name": "BX - 1st St/Avenue A",
                "neighborhood": "Hunts Point",
                "sensor_mount": "streetsign-post",
                "start_time": "2024-07-18T11:39:00Z",
                "status": "online"
            }
        },
        {
            "type": "Feature",
            "id": "wholly_gentle_ghost",
            "geometry": {
                "type": "Point",
                "coordinates": [
                    -73.9184575,
                    40.8730757
                ]
            },
            "properties": {
                "borough": "Manhattan",
                "date_deployed": "2024-07-02T15:01:00Z",
                "date_down": null,
                "end_time": null,
                "fk_status": "visible",
                "flood_event_count": 1,
                "id": "wholly_gentle_ghost",
                "last_depth_inches": 0,
                "last_flood_end_time": "2025-10-30T20:05:18.46Z",
                "last_flood_time": "2025-10-30T17:44:18.419Z",
                "last_measurement_time": "2026-05-06T16:08:44.703Z",
                "max_depth_inches_of_any_flood": 2.047244094488189,
                "max_depth_inches_of_last_flood": 2.047244094488189,
                "mounted_over": "road",
                "name": "M - Indian Rd/W 215th St",
                "neighborhood": "Inwood",
                "sensor_mount": "streetsign-post",
                "start_time": "2024-07-02T15:01:00Z",
                "status": "online"
            }
        },
        {
            "type": "Feature",
            "id": "widely_brief_bee",
            "geometry": {
                "type": "Point",
                "coordinates": [
                    -74.006880855,
                    40.722851118
                ]
            },
            "properties": {
                "borough": "Manhattan",
                "date_deployed": "2024-07-24T03:38:00Z",
                "date_down": null,
                "end_time": null,
                "fk_status": "visible",
                "flood_event_count": 1,
                "id": "widely_brief_bee",
                "last_depth_inches": 0,
                "last_flood_end_time": "2026-03-12T11:26:22.566Z",
                "last_flood_time": "2026-03-12T10:57:21.985Z",
                "last_measurement_time": "2026-05-06T16:10:25.554Z",
                "max_depth_inches_of_any_flood": 0.8661417322834646,
                "max_depth_inches_of_last_flood": 0.8661417322834646,
                "mounted_over": "sidewalk",
                "name": "M - Varick St/Canal St",
                "neighborhood": "SoHo",
                "sensor_mount": "streetsign-post",
                "start_time": "2024-07-24T03:38:00Z",
                "status": "online"
            }
        },
        {
            "type": "Feature",
            "id": "widely_polite_mink",
            "geometry": {
                "type": "Point",
                "coordinates": [
                    -73.789598,
                    40.847966
                ]
            },
            "properties": {
                "borough": "Bronx",
                "date_deployed": "2023-08-04T00:00:00Z",
                "date_down": "2023-10-12T00:00:00Z",
                "end_time": "2023-10-12T00:00:00Z",
                "fk_status": "retired",
                "flood_event_count": 0,
                "id": "widely_polite_mink",
                "last_depth_inches": null,
                "last_flood_end_time": null,
                "last_flood_time": null,
                "last_measurement_time": null,
                "max_depth_inches_of_any_flood": null,
                "max_depth_inches_of_last_flood": null,
                "mounted_over": "sidewalk",
                "name": "BX - Tier St/William Ave",
                "neighborhood": "City Island",
                "sensor_mount": "streetsign post",
                "start_time": "2023-08-04T00:00:00Z",
                "status": "retired"
            }
        },
        {
            "type": "Feature",
            "id": "widely_whole_tarpon",
            "geometry": {
                "type": "Point",
                "coordinates": [
                    -73.9324263,
                    40.7078606
                ]
            },
            "properties": {
                "borough": "Brooklyn",
                "date_deployed": "2023-06-02T00:00:00Z",
                "date_down": null,
                "end_time": null,
                "fk_status": "visible",
                "flood_event_count": 1,
                "id": "widely_whole_tarpon",
                "last_depth_inches": 0,
                "last_flood_end_time": "2026-03-12T04:27:40.206Z",
                "last_flood_time": "2026-03-12T04:09:45.866Z",
                "last_measurement_time": "2026-05-06T16:10:14.048Z",
                "max_depth_inches_of_any_flood": 0.4724409448818898,
                "max_depth_inches_of_last_flood": 0.4724409448818898,
                "mounted_over": "sidewalk",
                "name": "BK - Morgan Ave/Johnson Ave",
                "neighborhood": "Williamsburg",
                "sensor_mount": "streetsign post",
                "start_time": "2023-06-02T00:00:00Z",
                "status": "online"
            }
        },
        {
            "type": "Feature",
            "id": "yearly_frank_mullet",
            "geometry": {
                "type": "Point",
                "coordinates": [
                    -73.7779036,
                    40.7111282
                ]
            },
            "properties": {
                "borough": "Queens",
                "date_deployed": "2023-10-26T00:00:00Z",
                "date_down": null,
                "end_time": null,
                "fk_status": "down",
                "flood_event_count": 1,
                "id": "yearly_frank_mullet",
                "last_depth_inches": 0,
                "last_flood_end_time": "2025-10-30T22:27:31.645Z",
                "last_flood_time": "2025-10-30T19:44:31.659Z",
                "last_measurement_time": "2026-05-06T16:09:39.809Z",
                "max_depth_inches_of_any_flood": 11.614173228346456,
                "max_depth_inches_of_last_flood": 11.614173228346456,
                "mounted_over": "sidewalk",
                "name": "Q - 183rd St/90th Ave",
                "neighborhood": "Hollis",
                "sensor_mount": "streetsign post",
                "start_time": "2023-10-26T00:00:00Z",
                "status": "online"
            }
        },
        {
            "type": "Feature",
            "id": "yearly-hardy-sloth",
            "geometry": {
                "type": "Point",
                "coordinates": [
                    -73.883790174,
                    40.819327212
                ]
            },
            "properties": {
                "borough": "Bronx",
                "date_deployed": "2024-08-22T14:08:00Z",
                "date_down": null,
                "end_time": null,
                "fk_status": "visible",
                "flood_event_count": 1,
                "id": "yearly-hardy-sloth",
                "last_depth_inches": 0,
                "last_flood_end_time": "2025-07-15T00:18:48.531Z",
                "last_flood_time": "2025-07-14T23:41:48.562Z",
                "last_measurement_time": "2026-05-06T16:09:33.421Z",
                "max_depth_inches_of_any_flood": 5.118110236220472,
                "max_depth_inches_of_last_flood": 5.118110236220472,
                "mounted_over": "sidewalk",
                "name": "BX - Edgewater Rd/Seneca Ave",
                "neighborhood": "Hunts Point",
                "sensor_mount": "streetsign-post",
                "start_time": "2024-08-22T14:08:00Z",
                "status": "online"
            }
        },
        {
            "type": "Feature",
            "id": "widely_mint_rabbit",
            "geometry": {
                "type": "Point",
                "coordinates": [
                    -74.095266,
                    40.575318
                ]
            },
            "properties": {
                "borough": "Staten Island",
                "date_deployed": "2023-09-07T00:00:00Z",
                "date_down": null,
                "end_time": null,
                "fk_status": "visible",
                "flood_event_count": 18,
                "id": "widely_mint_rabbit",
                "last_depth_inches": 0,
                "last_flood_end_time": "2026-03-12T11:50:49.055Z",
                "last_flood_time": "2026-03-12T11:42:23.895Z",
                "last_measurement_time": "2026-05-06T16:10:20.23Z",
                "max_depth_inches_of_any_flood": 8.110236220472443,
                "max_depth_inches_of_last_flood": 0.6299212598425198,
                "mounted_over": "sidewalk",
                "name": "SI - Bedford Ave/Kiswick St",
                "neighborhood": "Midland Beach",
                "sensor_mount": "streetsign post",
                "start_time": "2023-09-07T00:00:00Z",
                "status": "online"
            }
        },
        {
            "type": "Feature",
            "id": "widely_aware_boxer",
            "geometry": {
                "type": "Point",
                "coordinates": [
                    -73.9473167,
                    40.7910211
                ]
            },
            "properties": {
                "borough": "Manhattan",
                "date_deployed": "2024-07-03T16:11:00Z",
                "date_down": null,
                "end_time": null,
                "fk_status": "visible",
                "flood_event_count": 0,
                "id": "widely_aware_boxer",
                "last_depth_inches": 0,
                "last_flood_end_time": null,
                "last_flood_time": null,
                "last_measurement_time": "2026-05-06T16:10:21.788Z",
                "max_depth_inches_of_any_flood": null,
                "max_depth_inches_of_last_flood": null,
                "mounted_over": "sidewalk",
                "name": "M - Lexington Ave/E 104th St",
                "neighborhood": "East Harlem",
                "sensor_mount": "streetsign-post",
                "start_time": "2024-07-03T16:11:00Z",
                "status": "online"
            }
        },
        {
            "type": "Feature",
            "id": "wildly_busy_hippo",
            "geometry": {
                "type": "Point",
                "coordinates": [
                    -73.87852209,
                    40.740063519
                ]
            },
            "properties": {
                "borough": "Queens",
                "date_deployed": "2024-08-22T11:24:00Z",
                "date_down": null,
                "end_time": null,
                "fk_status": "visible",
                "flood_event_count": 0,
                "id": "wildly_busy_hippo",
                "last_depth_inches": 0,
                "last_flood_end_time": null,
                "last_flood_time": null,
                "last_measurement_time": "2026-05-06T16:10:35.995Z",
                "max_depth_inches_of_any_flood": null,
                "max_depth_inches_of_last_flood": null,
                "mounted_over": "sidewalk",
                "name": "Q - Saint James Ave/Broadway",
                "neighborhood": "Elmhurst",
                "sensor_mount": "streetsign-post",
                "start_time": "2024-08-22T11:24:00Z",
                "status": "online"
            }
        },
        {
            "type": "Feature",
            "id": "widely_full_weevil",
            "geometry": {
                "type": "Point",
                "coordinates": [
                    -74.0918837,
                    40.5739834
                ]
            },
            "properties": {
                "borough": "Staten Island",
                "date_deployed": "2023-05-19T00:00:00Z",
                "date_down": null,
                "end_time": null,
                "fk_status": "visible",
                "flood_event_count": 4,
                "id": "widely_full_weevil",
                "last_depth_inches": 0,
                "last_flood_end_time": "2026-03-29T11:33:44.058Z",
                "last_flood_time": "2026-03-29T11:15:49.578Z",
                "last_measurement_time": "2026-05-06T16:09:51.53Z",
                "max_depth_inches_of_any_flood": 2.559055118110236,
                "max_depth_inches_of_last_flood": 0.7086614173228346,
                "mounted_over": "sidewalk",
                "name": "SI - Olympia Blvd/ Mapleton Ave",
                "neighborhood": "Midland Beach",
                "sensor_mount": "streetsign post",
                "start_time": "2023-05-19T00:00:00Z",
                "status": "online"
            }
        },
        {
            "type": "Feature",
            "id": "widely_sweet_sheep",
            "geometry": {
                "type": "Point",
                "coordinates": [
                    -73.988478718,
                    40.599746101
                ]
            },
            "properties": {
                "borough": "Brooklyn",
                "date_deployed": "2024-06-20T00:00:00Z",
                "date_down": null,
                "end_time": null,
                "fk_status": "visible",
                "flood_event_count": 1,
                "id": "widely_sweet_sheep",
                "last_depth_inches": 0,
                "last_flood_end_time": "2025-10-30T19:04:13.768Z",
                "last_flood_time": "2025-10-30T18:51:13.471Z",
                "last_measurement_time": "2026-05-06T16:10:07.45Z",
                "max_depth_inches_of_any_flood": 1.2992125984251968,
                "max_depth_inches_of_last_flood": 1.2992125984251968,
                "mounted_over": "sidewalk",
                "name": "BK - 85th St 24th Ave",
                "neighborhood": "Bensonhurst",
                "sensor_mount": "streetsign post ",
                "start_time": "2024-06-20T00:00:00Z",
                "status": "online"
            }
        },
        {
            "type": "Feature",
            "id": "fully_modest_rodent",
            "geometry": {
                "type": "Point",
                "coordinates": [
                    -73.768885505,
                    40.660522467
                ]
            },
            "properties": {
                "borough": "Queens",
                "date_deployed": "2024-08-14T10:45:00Z",
                "date_down": null,
                "end_time": null,
                "fk_status": "visible",
                "flood_event_count": 0,
                "id": "fully_modest_rodent",
                "last_depth_inches": 0,
                "last_flood_end_time": null,
                "last_flood_time": null,
                "last_measurement_time": "2026-05-06T16:10:19.912Z",
                "max_depth_inches_of_any_flood": null,
                "max_depth_inches_of_last_flood": null,
                "mounted_over": "sidewalk",
                "name": "Q - 177th St/147th Ave",
                "neighborhood": "Brookville",
                "sensor_mount": "streetsign-post",
                "start_time": "2024-08-14T10:45:00Z",
                "status": "online"
            }
        },
        {
            "type": "Feature",
            "id": "easily_fond_kiwi",
            "geometry": {
                "type": "Point",
                "coordinates": [
                    -73.939451,
                    40.790943
                ]
            },
            "properties": {
                "borough": "Manhattan",
                "date_deployed": "2024-05-10T00:00:00Z",
                "date_down": null,
                "end_time": null,
                "fk_status": "visible",
                "flood_event_count": 0,
                "id": "easily_fond_kiwi",
                "last_depth_inches": 0,
                "last_flood_end_time": null,
                "last_flood_time": null,
                "last_measurement_time": "2026-05-06T16:10:11.384Z",
                "max_depth_inches_of_any_flood": null,
                "max_depth_inches_of_last_flood": null,
                "mounted_over": "sidewalk",
                "name": "M - E 108th St/1st Ave",
                "neighborhood": "East Harlem",
                "sensor_mount": "streetsign post",
                "start_time": "2024-05-10T00:00:00Z",
                "status": "online"
            }
        }
    ],
    "numberReturned": 430,
    "timeStamp": "2026-05-06T16:10:38Z",
    "links": [
        {
            "href": "https://gis.floodnet.nyc/features/collections/ogc.sensor_locations/items",
            "rel": "self",
            "type": "application/json",
            "title": "This document as JSON"
        },
        {
            "href": "https://gis.floodnet.nyc/features/collections/ogc.sensor_locations/items.html",
            "rel": "alternate",
            "type": "text/html",
            "title": "This document as HTML"
        }
    ]
}